id,body,subreddit,created_utc,year_month,analysis,profanity_vulgarity,targeted_abuse_harassment,discriminatory_hate_speech,caste,communal_religious,regional_xenophobic,misogyny_gender
dng8mcc,"the odiya script also has some resemblance with telegu, Is it possible that it too originated from Pallava Kadamba script?",bangalore,1506280424,2017-09,"Neutral linguistic discussion about script origins, no target or hostility.",0,0,0,0,0,0,0
dng9fm3,"So, all Indian scripts are from some form of Brahmi. Odiya comes from Kalinga script, which is predictably half-way between Nagari and Pallava scripts in terms of look. Their trade also influenced the Thai and Khmer scripts a lot (even though their scripts are primarily influenced by Chola trade into the South east, therefore mainly  Grantha / Pallava styled Compare Thai:  ปัลลวะ Tamil: பல்லவா English: Pallavā). Kalinga, however, is classed under Northern Brahmi.  ",bangalore,1506281227,2017-09,"Neutral historical/linguistic discussion, no target or hostility.",0,0,0,0,0,0,0
dngarl7,I have always wondered why Islamists have so much fascination with the afterlife. Most of the reactions center around the denial of paradise. Almost as if they agree that the life followed in strict adherence to the book is shitty and they are looking forward to the afterlife to enjoy.,kerala,1506282516,2017-09,"Critical commentary on Islamists' beliefs, no profanity, no direct personal attack, but generalizes negatively about a religious group.",0,0,1,0,1,0,0
dngbnds,"Under british rule

http://www.oldpicsarchive.com/wp-content/uploads/2016/07/Bengal-Femine-1943-3.jpg


Under muslim rule
https://en.wikipedia.org/wiki/Somnath_temple#History_of_the_temple",bakchodi,1506283373,2017-09,"Historical comparison, no target or hostility.",0,0,0,0,0,0,0
dngd1nh,"Pakistani ISI have successfully transformed kashmir into a battle ground,it's only because of our diplomacy and economic strength that Muslim nations have not started ralling behind Pakistan and turning the whole issue into Palestine 2.0. There is really no way out of this shitstorm that I can think about.pakistan will keep on supporting and funding extermist we will keep on killing them and in the meanwhile innocents will die.",india,1506284731,2017-09,"Political commentary on Pakistan and Kashmir, no profanity, no personal attack, no identity-based hate.",0,0,0,0,0,0,0
dngeh2u,LOL last time I joined yahoo messenger chatroom there were bots offering me to convert to islam,india,1506286103,2017-09,"Anecdote about bots offering conversion, no profanity, no target, no hate.",0,0,0,0,0,0,0
dngg3cb,"I was looking at r/exmuslim yesterday and a lot of guys were discussing the hypocrisy that's in Islam. Their idea of heaven has rivers of wine and virgins in it, which is hilarious because they are supposed to avoid these two in their time on earth. Pinne, women's rights sucks, they're half witnesses, they can't marry outside their religion but men can, men can have sex with their slaves without their consent, but women can't. Islam just can't seem to evolve with time. They follow the same thing that they followed when Quran was written. Even people on that sub thinks Muhammad was schizophrenic. I'm not religious, but I don't go telling people their religion is wrong. Muslims are notorious for insulting other people's religion. ",kerala,1506287869,2017-09,"Critical commentary on Islam, generalizes negatively about Muslims, no profanity, no direct personal attack.",0,0,1,0,1,0,0
dn2r6vl,"The fall of Delhi in 1857 continues to be used by Muslim writers to claim that Muslim rule in India was ended by the British. But the Mughals and the other Nawabs had been reduced to small time rulers controlling single cities like Delhi or smaller kingdoms long before that by the Marathas and others.

There was a brief revival of Muslim fortunes during the late 1700s when Muslim generals of Hindu kings like Haider Ali/Tipu Sultan or remnants of the Mughal empire saw success after the Marathas disintegrated. The fall of the Marathas and the Vijayanagar Naik kingdoms helped the British take control in the South by defeating Tipu Sultan and the Nawab of Arcot giving the wrong impression that the Muslims had any sort of great influence in the South outside Hyderabad.",indianews,1505544132,2017-09,"Historical discussion about Muslim rule in India, no profanity, no personal attack, no hate.",0,0,0,0,0,0,0
dn2rc58,"Mughal empire had indeed weakened but there were many local Muslim rulers also. For ex - Awadh, Bengal, Hyderbad. ",indianews,1505544533,2017-09,"Historical fact about Muslim rulers, no profanity, no target, no hate.",0,0,0,0,0,0,0
dn2rfoy,"May be he doesn't have a bomb yet, otherwise there would have been a suicide bombing in the name of Allaaaaaaa in Cockroachi right now!",bakchodi,1505544800,2017-09,"Sarcastic comment about a politician, uses 'Allah' mockingly, no profanity, no direct personal attack, but mocks religious invocation.",0,0,1,0,1,0,0
dn2rghu,"It's mostly other people who decide if you're a Bhakt or a leftist. Your opinion on something might be unbiased, but people will cross check it with their propaganda and place you in either of the two categories. Only way to escape it is to be a Muslim. Then you're automatically a Jihadist ",india,1505544858,2017-09,"Commentary on political labels, mentions 'Jihadist' sarcastically, no profanity, no personal attack, no hate.",0,0,0,0,0,0,0
dn2rzbi,There you have it folks! Radical Muslim Fundamentalists!,indianews,1505546334,2017-09,"Exclamation labeling a group as radical fundamentalists, no profanity, no personal attack, but generalizes negatively.",0,0,1,0,1,0,0
dn2srfw,"&gt;&gt;it says to let. not toilet



Wow, this is a big fuck up from my part.

&gt;&gt;also where is this

Chennai

&gt;&gt;isnt this illegal?


And about being it illegal. In Gujarat you'll find boards larger than this on roadside asking SC/st/Muslim need not inquire as they're not welcomed.",india,1505548678,2017-09,"Discussion of discrimination against SC/ST/Muslims, no profanity, no personal attack, no hate.",0,0,0,0,0,0,0
dn2t2e8,"Muslims aren't proud of being Indian, are they? Just a look over at randia can prove that.",bakchodi,1505549610,2017-09,"Questioning Muslims' pride in being Indian, no profanity, no personal attack, but generalizes negatively.",0,0,1,0,1,0,0
dn2v95t,"Unhinged as in deranged?

I don't think so. 

She criticises and lambasts both sides. Probably the only true liberal in our country. 

However she is more vocal about Islamists because she has suffered on their account and continues to. So to our typical self acclaimed liberals she sounds like a Hindutva sympathizer and a bit crazy.

The right wing guys can't understand her criticism of Hindutva she having suffered at the hands of Islamists. So they too call her crazy. 

No one takes Shekhar Gupta head on and mocks him. Presidents or PMs. So likes of him would call her crazy too. ",india,1505556838,2017-09,"Defense of a journalist, no profanity, no personal attack, no hate.",0,0,0,0,0,0,0
dn2wa6q,"I think he is left for the most part. Although I appreciate his stance on muslims during Vishwaroopam release, he is very critical about openly bashing their religious practices. Unlike trading blows with Hindu outfits regularly, he remained particularly silent on issues like triple talaq. Which makes me think he is not really what he claims to be.  ",india,1505560082,2017-09,"Criticism of a public figure's stance on Muslims, no profanity, no personal attack, no hate.",0,0,0,0,0,0,0
dn2wsvb,Arrey tu sach mein woh AIB walla hai kya? Yahan kyun mandrata h be?,india,1505561524,2017-09,"Casual Hinglish question, no profanity, no target, no hate.",0,0,0,0,0,0,0
dn2xst2,"&gt; 1. Name one SC/ST/OBC caste that in 70 yrs has now moved to general caste?

I know many who converted to Christianity and Islam if that counts as general category.


&gt; 2. Why do Indian women think that once they start drinking/clubbing/having pre-marital sex... only then they will feel empowered?

This is randia meme. Most of us don't believe this.

&gt; 3. Why do women look for a man with decent salary and car/home and a good future... when they claim they are empowered?

They are hypocrites.

&gt; 4. Why do Indians still vote for the same parties when they know all parties havent done anything for them?

Read ""The Lizard People""",india,1505564014,2017-09,"Critical questions about reservations and women's empowerment, no profanity, no personal attack, but contains gender stereotypes.",0,0,1,0,0,0,1
dn2xxa0,"You're naming a few people who themselves opted for Christianity or Islam.

Name me a genuine SC/ST/OBC caste that was enjoying reservation fruits. Then because it was morally incorrect... decided that they dont need govt help... they can do hardwork and dont want to enjoy reservation on the graves of their imaginary legacy... and then decided to go to general caste.

And btw no need to answer... i dont want your responses. ",india,1505564313,2017-09,"Argument about reservations, no profanity, no personal attack, no hate.",0,0,0,0,0,0,0
dn2y5mf,"&gt; Prove your ancestral or catastrophic discrimination in the past. And get reservation. 

In fact this is how you get caste certificate.


&gt; SC/ST/OBC caste that has moved back to general caste.

""Moved back?"" Why would they move back if they weren't Caste Hindus. 

&gt; How about paying everyone who assumes they were discriminated a crore? 

* Reservations​ is not a poverty elevation programme. This isn't just about money. There are economically well off SC/ST who face discrimination in housing, marriage, workplace, colleges, etc.


&gt; And then call off this reservation bullshit.

And what? Will you be okay if they convert to Islam/Christianity?",india,1505564860,2017-09,"Discussion about reservations and conversion, no profanity, no personal attack, no hate.",0,0,0,0,0,0,0
dn2ycfw,Are you a Muslim? ,india,1505565302,2017-09,"Question asking about religion, no hostility.",0,0,0,0,0,0,0
dn2yg1n,You can see the fallacy of your own argument,india,1505565527,2017-09,"Neutral critique of argument, no hostility.",0,0,0,0,0,0,0
dn30rcj,Billi Muslim hai?,india,1505569952,2017-09,"Question about a cat's religion, no hostility.",0,0,0,0,0,0,0
dn30sox,"Bhai Gurudwara bhej do billi ko.

Wahan Hindu Muslim label nahi lagega ",india,1505570014,2017-09,"Suggestion to send cat to Gurudwara, no hostility.",0,0,0,0,0,0,0
dn30tv3,"It means Pakistan has 57 Nation support? I am right?


&gt; The OIC is a 57-nation grouping which claims to be the collected voice of Muslims across the world. Speaking on behalf of OIC, Pakistan had blamed India for human rights violations Jammu and Kashmir and accused it in denying the right of self-determination to Kashmiris. 
",india,1505570066,2017-09,"Discussion of OIC and Kashmir, no hostility.",0,0,0,0,0,0,0
di6kejx,Same with those who justify Islam is peaceful.,indiaspeaks,1496059268,2017-05,"Criticism of those who justify Islam as peaceful, no direct attack.",0,0,0,0,0,0,0
di6kt7s,"&gt;this feeling of being Hindu and Muslim sharpened

It is you who made this feeling the stronger and it has been there for a long time. Not because the BJP came to power.",indiaspeaks,1496060241,2017-05,"Political commentary on Hindu-Muslim feeling, no hostility.",0,0,0,0,0,0,0
di6lzmv,"Hopefully this is good lesson for all the Indian nationalists that couldn't stop praising Donald Trump: he and his supporters don't hate Muslims and/or Jews, they hate everyone and anyone who is **non-White**.",india,1496062793,2017-05,"Criticism of Trump supporters, no identity attack.",0,0,0,0,0,0,0
di6m3gp,"Let similar stuff happen to your family​ or someone you know or love. Then we'll see what opinion you hold. This is a problem with Indians, they are ""Hindu"", ""Muslim"" or ""Sikh"" first and then human. Since the people who were killed were sikhs or Muslims, it justifies all the crime because they are minority be it 2002, 1984 or UP.",india,1496063012,2017-05,"Criticism of Indians prioritizing religion over humanity, no direct attack.",0,0,0,0,0,0,0
di6m9gx,"All that is fine, but let's ask the important question - What mileage can she bring to the BJP ? 

Is she from Backward caste, OBC or ST etc ? She seems to a tribal - so I am guessing a yes here ? 

If yes, then probably her. 

Else, a muslim woman - Najma Heptulla... 

",india,1496063353,2017-05,"Discussion of caste and religion in political context, no hostility.",0,0,0,0,0,0,0
di6mk3t,Inshallah. This brother has a plan.,bakchodi,1496063932,2017-05,"Religious expression, no hostility.",0,0,0,0,0,0,0
di6mmol,"History. How many decades has it been since you last read any? Who was the one who involved the UN and brought about the ceasefire, plebiscite agreement and Article 370? When you're tired of singing bhajans to Panditji at least spare a minute or two to google.",india,1496064071,2017-05,"Political critique, no hostility.",0,0,0,0,0,0,0
di6mnak,I always have a plan brother. inshallah,bakchodi,1496064105,2017-05,"Religious expression, no hostility.",0,0,0,0,0,0,0
di6o5py,I bet he would be a Muslim or Pakistani.,bakchodi,1496066766,2017-05,"Speculation about someone's religion, no hostility.",0,0,0,0,0,0,0
di6o67z,"Ke$ha rarely writes ballads, but [when she does](https://www.youtube.com/watch?v=1X-Qb8G5MvI) it is absolute gold. ",indiaspeaks,1496066789,2017-05,"Comment about a singer, no hostility.",0,0,0,0,0,0,0
di6o93s,"Absolutely. Our lands were never colonised whilst Indians got colonised by Muslims, British, Dutch, Portuguese etc. ",bakchodi,1496066921,2017-05,"Historical claim, no hostility.",0,0,0,0,0,0,0
di6os2a,"You say a few Muslims were lynched so casually while being so concerned about one cow. Also, there was no proof that there was beef in the guy's house.",india,1496067781,2017-05,"Criticism of lynching and cow protection, no hostility.",0,0,0,0,0,0,0
di6osyc,"Yes I am muslim from Riyadh, Saudi Arabia. Are you from Chechnya?",bakchodi,1496067820,2017-05,"Self-identification and question, no hostility.",0,0,0,0,0,0,0
di6pc9e,"Tamil Nadu could use some Hindutva right about now. Half the state is being wooed by Christian missionaries, and Islamists are hard at work in the west.",indiaspeaks,1496068666,2017-05,"Political commentary on Tamil Nadu, no hostility.",0,0,0,0,0,0,0
di6penl,"Never had any Muslim friend, eh?",indiaspeaks,1496068768,2017-05,"Question implying lack of Muslim friends, no hostility.",0,0,0,0,0,0,0
di6pk3t,"The feeling was cultivated by those who wanted a reliable bank of votes during elections. At long last, the Hindu vote consolidated in response. The Muslims must look to their so-called leadership for having creating this situation, and reject them and bring in new leadership who looks at Hindus as allies, not adversaries.
",indiaspeaks,1496068999,2017-05,"Political commentary on vote banks and leadership, no direct attack on individuals or groups.",0,0,0,0,0,0,0
di6pm78,"Muslims should always consider India as their own country. If they don't, who will?",india,1496069087,2017-05,"Appeal to patriotism, no hate speech.",0,0,0,0,0,0,0
di6pqiz,"1. Give jobs and undertake massive infrastructure projects in the entirety of Jammu and Kashmir, not only the valley.

2. After 10 years of solid development, hold a plebiscite. However, follow the UN codes, which state that Pakistan must first vacate PoK, and neutral parties should conduct the plebiscite.

3. If Pakistan agrees, you can be certain that PoK and Jammu and Kashmir are going to be with India, no doubts. The population in Kashmir valley is not the entire population to go to votes. 

4. If Pakistan disagrees, let the world know that they are not serious about a Kashmir solution and show the Kashmiri people the real image and intentions of Pakistan. 

5. In the meantime, make Kashmir all about the people and not Islam. That way the formation and influence of ISIS would not form on the ground. 

6. India FTW.

7. After 15 years, enjoy your visit to the mountains of Kashmir and Gilgit-Baltistan with your children without any issues.",india,1496069275,2017-05,"Political proposal on Kashmir, no hate speech.",0,0,0,0,0,0,0
di6pr4w,"Same thread on randia is downvoted below 70%

Seculiberals are more concerned about muslims getting a bad rep than women getting molested. kek",bakchodi,1496069301,2017-05,"Criticism of subreddit and political stance, no direct attack.",0,0,0,0,0,0,0
di6puun,Absolute rubbish. They all support let because fellow Muslims are 'oppressed' in jk. Before their heros were the Taliban. OBL is still admired as many AQ leaders are kept in Karachi taking advantage of local support. ,india,1496069458,2017-05,"Criticism of Muslim community's political support, but not dehumanizing.",0,0,0,0,0,0,0
di6q2on,only muslims go to SA ...we don't care about them.,bakchodi,1496069787,2017-05,"Dismissive comment about Muslims, but not dehumanizing.",0,0,0,0,0,0,0
di6q5wa,"If a practice is considered an integral part of Islam(And often this is very subjective as the Muslim world is not unanimous on various issues) but is something regressive by the standards of modern society, it should also be banned, like polygamy, child marriage and female genital mutilation.",india,1496069923,2017-05,"Discussion of religious practices, no hate speech.",0,0,0,0,0,0,0
di6qiu3,there would have been a hindu muslim war already.,india,1496070460,2017-05,"Hypothetical statement, no direct attack.",0,0,0,0,0,0,0
di6qpaq,"Panditji, that's not how arguments work.",indiaspeaks,1496070721,2017-05,"Sarcastic remark, no hate speech.",0,0,0,0,0,0,0
di6qs73,"Well after what happened in San Bernadino last year, I imagined it really raised a lot of difficult issues for immigrants coming into the US from Pakistan.

I'm guessing this has something to do with San Bernadino, it received a lot of media attention here in the US, especially after Trump started harping about it while he was campaigning. San Bernadino is actually the event that started his whole Muslim ban thing. ",india,1496070832,2017-05,"Discussion of political events, no hate speech.",0,0,0,0,0,0,0
di6qyoy,"wallah habibi..

iska print dhoundho interwebs par koi...",indiaspeaks,1496071096,2017-05,"Request for a print, no hate speech.",0,0,0,0,0,0,0
di6qysw,"&gt;  Telangana has one of the highest non-veg eating population in the country.. And alot of the telegus do eat beef.

Unless you are a Muslim, you are lying. If you are Muslim I can understand that a lot of people you meet like beef. Hindus in Telugu area love non veg but I haven't heard of anyone liking beef. And I know quite a lot about the state.",india,1496071100,2017-05,"Discussion of dietary habits, no hate speech.",0,0,0,0,0,0,0
di6r8z2,"Umm ok..  

""I HAVEN'T heard of anyone liking beef"". Has got to be the dumbest statement on reddit today, followed closely by ""If your a muslim..... "" 

Go back to the it cell drawing board and get a less racist and disgusting set of talking points.. ",india,1496071502,2017-05,"Criticism of a comment, no hate speech.",0,0,0,0,0,0,0
di6radh,"&gt;Marathi Brahmins don't look Iranic

Of course they won't. Chitpavans are of Semitic descent. Don't know about Deshastas. Saraswats are of Kashmiri descent but then again it's a broad community. Some migrated during early times some migrated during the Islamic times.

&gt;Sachin Khedekar

We all have shits within our communities. I don't question Marathas about Rakhi Sawant or other shits. 

&gt;Marathas have 50-70% ANI

Some of y'all are of Rajput descent some are pure niggers. The way people from interior areas and Mumbai outskirts behave is disgusting. My brother is a Thakur, a Suryavanshi Kshatriya and he looks a bit mongoloid. Generally speaking, I have seen some pretty fair Marathas but some are absolute chimps.
",bakchodi,1496071557,2017-05,"Racial and ethnic slurs used to demean groups, including 'niggers' and 'chimps'.",0,1,1,0,0,1,0
di6ran0,"/u/panditji_reloaded , /u/santouryuu244 , /u/CharmingRamsayBolton  it's time to stop feeding the trolls.",indiaspeaks,1496071568,2017-05,"Meta-commentary, no hate speech.",0,0,0,0,0,0,0
di6rm6s,14 MUSLIM MEN,india,1496072026,2017-05,"Factual statement, no hate speech.",0,0,0,0,0,0,0
di6sn0c,"2 Pandit, 1 Dar, 2 Bhat- Brahmin surname.

1 Wani- Baniya Surname

1 Mallah- Surname for fishermen

Shah, Padder-??
",bakchodi,1496073426,2017-05,"Listing surnames, no hate speech.",0,0,0,0,0,0,0
di6t90j,Why aren't we celebrating pork festival in Muslim dominated areas? Like outside their Mosques or their schools?,india,1496074250,2017-05,"Provocative question targeting Muslims, but not dehumanizing.",0,0,0,0,0,0,0
di6tasl,Inshallah. Our boys are playing well.,bakchodi,1496074315,2017-05,"Religious expression, no hate speech.",0,0,0,0,0,0,0
di6td9k,"&gt; A temple was found desecrated on Saturday near Nilambur

&gt;There were rumors of possible Muslim involvement

&gt;Cooked up stories have become the cause or have sparked major riots

&gt;Willfully spreading false information

What is the source of all these incidents, your post itself maybe is spreading unsubstantiated information masquerading as WhatsApp gyan


",india,1496074406,2017-05,"Discussion of rumors, no hate speech.",0,0,0,0,0,0,0
di6tpex,"&gt; temple was found desecrated on Saturday near Nilambur

http://www.thehindu.com/news/national/kerala/man-held-for-temple-desecration/article18594970.ece

&gt; There were rumors of possible Muslim involvement

&gt; Willfully spreading false information

http://timesofindia.indiatimes.com/city/kozhikode/temple-vandalization-police-warn-against-spreading-rumours/articleshow/58888259.cms


",india,1496074853,2017-05,"Discusses a temple desecration and rumors of Muslim involvement, but does not endorse or spread hate; it's a factual report.",0,0,0,0,0,0,0
di6un9j,"Like

Rajputs, orissa, bihar. These are non-muslim states too (of which bihar and vijaynagar have it easy to form hindustan)",bakchodi,1496076084,2017-05,"Mentions states and formation of Hindustan, but no clear hate speech or target.",0,0,0,0,0,0,0
dq0dck1,"Majbur, khuaf, Mauhal and Bach.

According to google Translator, apparently 20% Words in even Pure Hindi are from West Asia like Islamic invaders.

why dont You Aborigines just die ?",bakchodi,1511026679,2017-11,"Uses derogatory terms for Muslims and calls them 'Aborigines' with a death wish, targeting a religious group.",0,1,1,0,1,0,0
dq0dfsh,"Yeah kind of, she gave in to the pressure because it was her wedding day. Things got really dramatic when even after the conversion the Qazi refused to acknowledge her as a Muslim. But I guess in end it worked out for the both of them. ",india,1511026786,2017-11,"Narrates a personal story about conversion, no hate speech.",0,0,0,0,0,0,0
dq0dmfb,"Usko doosri shaadi karni hai, love jihad nahi.  Second marriage is not legal because the first marriage will come under civil law not Muslim law. ",indiaspeaks,1511027007,2017-11,"Discusses legal aspects of marriage, no hate speech.",0,0,0,0,0,0,0
dq0dqbs,The idiots on this sub don't care. Any news is OK as long as it confirms their anti-Muslim bias.,indiaspeaks,1511027134,2017-11,"Criticizes a subreddit's bias, no hate speech.",0,0,0,0,0,0,0
dq0dv51,"You made it a false dichotomy - I exaggerated it - it isn't two groups, there are lots of different people with differing views and it would be nice if we could avoid binarizing things. The incestuous-academic crowd isn't the only 'liberal' group in India, nor is there a shortage of progressive people that are ready to criticize Islam. The political spectrum may be binary at this point, but that doesn't mean the 'person-spectrum' is.  Just because one extreme is bad, doesn't justify jumping to the other extreme.",india,1511027295,2017-11,"Thoughtful commentary on political spectrum, no hate speech.",0,0,0,0,0,0,0
dq0efcf,pandit is slipping. These are dark times.,indianews,1511027967,2017-11,"Vague statement about 'pandit' slipping, no clear target or hate.",0,0,0,0,0,0,0
dq0ftrj,"when a Congress or Muslim politician is attached, whole nation starts aping out. where's the hue and cry for the right wing? how do the ""liberals"" even call themselves that without getting the irony?",indiaspeaks,1511029617,2017-11,"Criticizes hypocrisy in reactions to attacks, no hate speech.",0,0,0,0,0,0,0
dq0h5ir,Why would they take him seriously when on one side his party slaughters innocent Muslims and on the other side he engages in empty rhetoric?,india,1511031269,2017-11,"Criticizes a politician's party for violence, no hate speech.",0,0,0,0,0,0,0
dq0hz9f,"Literacy is simply the ability to read and write, not the ability to process what's read. It's not surprising that the mallus couldn't differentiate Moody from Moody's.

Mullayalis just want to read Quran. Quran doesn't require processing power, just the ability to read. Hence, they concentrate only on the literacy rate.

",bakchodi,1511032292,2017-11,"Uses derogatory term 'Mullayalis' and stereotypes Muslims as only reading Quran, demeaning a religious group.",0,0,1,0,1,0,0
dq0jhht,Inshallah. ,bakchodi,1511034113,2017-11,"Single word 'Inshallah', no hate speech.",0,0,0,0,0,0,0
dq0jox9,"The Indian government has a bigoted immigration policy. Even for refugees they will take in non Muslim refugees but no Muslims. The same is true for giving visas to Muslims, doesn't matter if you are a us citizen or Singaporean. 
Even Indian Muslim citizens, millions of them, are being challenged to prove their citizenship. 

Edit: Apparently I have rustled some patriotic jimmies. Citations below

Visa:

* https://www.theguardian.com/commentisfree/2010/aug/14/india-visa-rule-persecutes-pakistanis

Refugee:

* https://thewire.in/174569/rohingyas-myanmar-refugee-law-india/

* https://newsclick.in/sectarian-refugee-policy-underway-modi-sarkar-plans-deport-rohingya-muslims

Citizens:

* http://www.indiaspend.com/cover-story/as-millions-try-to-prove-citizenship-in-assam-one-mans-story-reveals-perils-of-proof-41869

* https://www.dailyo.in/variety/assam-muslim-retired-armyman-illegal-migrant-citizenship-bangladeshi-nrc-bjp/story/1/19833.html",india,1511034361,2017-11,"Criticizes government policy, no hate speech.",0,0,0,0,0,0,0
dq0jxxd,"&gt; Are you forgetting RSS collaborating with the british 

No I didn't forget. RSS collaborated with British. Muslim league, many southern politicians, elites collaborated with British. 

&gt; litterally killing the bald old man

RSS was not found guilty, it's a small group within RSS did. Accusation loses value when you start to accuse something without any concrete evidence. 

&gt; Congress and rest of the country has much older reasons to hate RSS, only if the people would care to remember. 

Congress would hate anyone who is not cooperating with them. That's what is called political rivalry. I can understand that. Indians have usually very less self respect, they can hate anyone. Some hates RSS/BJP, some hate Congress, some hate north Indians and some hate south Indians. It does not matter whom do most people hate.",india,1511034664,2017-11,"Political discussion, no hate speech.",0,0,0,0,0,0,0
dq0k10m,"I like Modi cause he gave Indians and Hindus some pride. For clean India. For many small laws etc. Don't like the bullet trains as feel that money could be used elsewhere (i know its a loan but we need to pay it back? Rather have better signalling and avg speed 200 for regular trains) 

Also I'm a member of 2 top clubs. Born with 4 silver spoons though left with 2 only. Love socialism. Like when people do some good and not take a pic or other wise let it be known ... though like milaap too as its a great way to crowd source help for the poor ... 

Fear muslim psyche, though some my great friends are muslims, some of them ahve treated me better than my own first cousins ... list goes on with lefts and rights. Life is not so simple and nor our people. 

",india,1511034768,2017-11,"Personal views on Modi and Muslims, but no hate speech.",0,0,0,0,0,0,0
dq0ko31,Pliss to explain this angle? First marriage is under special marriage act and if he wants to marry again then he needs a divorce. Or if she converts to Islam then divorce will not be needed,indiaspeaks,1511035548,2017-11,"Legal question, no hate speech.",0,0,0,0,0,0,0
dq0m5uz,"Yes, and the large scale genocide of Hindus during the Partition is irrelevant to the likes of you, with your Gandhi Gandu worship and your Nehruvian bullshit. No one has to respect that bald man as the ""father of the nation"". Any father who allows his children to be slaughtered is no father at all. And Gandhi had a brght idea about allowing all Muslims to kill Hindus but WE MUST RESPECT THE FATHER OF THE NATION. 

No we mustn't. I don't consider that pedophile fakir to be the father of my nation nor the leader of my peoples. ",indiaspeaks,1511037372,2017-11,"Uses profanity 'Gandu' and derogatory terms for Gandhi, but targets a historical figure, not a group. However, it also uses 'pedophile fakir' for Gandhi, which is personal abuse.",1,1,0,0,0,0,0
dq0nsle,Are you a muslim?,india,1511039448,2017-11,"Simple question, no hate speech.",0,0,0,0,0,0,0
dq0ntiv,"Disagree and false equivalence.

 Scale of Jihadis on a different level from murderous rampage about cartoons, to charlie hebdos, political violence, capturing ambassies and out right Caliphate a nation under successor of muslims and then spread all over the globe. 
",kerala,1511039481,2017-11,"Criticizes jihadis, but not a specific group as a whole, no hate speech.",0,0,0,0,0,0,0
dq0nuo7,"But you're a Poonjabi mleccha. Your entire history is made up of rape. 

And lol, we were ruling Kathamandu, that's why we have chink blood:

https://en.wikipedia.org/wiki/Malla_(Nepal)

Dirt ugly rape baby wouldn't know about ruling hehehe",bakchodi,1511039521,2017-11,"Uses derogatory terms 'Poonjabi mleccha' and 'chink blood', targeting a regional group with hate.",0,1,1,0,0,1,0
djxokl2,"To be fair, those rules were written 2000 years ago in a time when overpopulation wasn't a problem. Most communities were at constant risk of being wiped out due to disease or war. Bolstering their numbers was a good idea then.

It's great if modern Islamic scholars are advocating the use of birth-control.",india,1499488022,2017-07,"Neutral discussion of historical context and modern Islamic scholarship, no attack.",0,0,0,0,0,0,0
djxorye,Oh shit... Ahmadiyya are considered heretics by all Sunni Muslims. Modi may have more ruffled feathers now.,india,1499488375,2017-07,"Profanity used as exclamation, no target.",1,0,0,0,0,0,0
djxoz8o,That's called courting the Muslim vote.,indiaspeaks,1499488732,2017-07,"Political commentary, no attack.",0,0,0,0,0,0,0
djxp5zu,"did mamta wrapped any muslim accused guy's body in tri color (like mahesh sharma did)? Did mamta said that those hooligans were like bhagat singh (like bjp leader did)? Did mamta go and instigate mob (like sangeet som did)?

The fact is, that this is a law and order issue. Mamta isnt supporting hooliganism.",india,1499489065,2017-07,"Political defense, no attack.",0,0,0,0,0,0,0
djxpr12,"well sort of it is true... hate to agree with a mullah but he got a point. 

Honestly would you want such stuff in india",bakchodi,1499490114,2017-07,"Uses 'mullah' as a label, but not dehumanizing; expresses agreement with a point.",0,0,0,0,0,0,0
djxpzu5,"He's an Islamist masquerading as a rationalist who hates all religions equally. Unlike most other bjp/modi baiters on randia who accidentally give away the fact the they're non Hindus which forms the primary basis of their bjp/modi hate, somewhere along their own post history, this guy is actually quite clever and does well to hide his identity. However i've gone way too far into his history and from all i could gather along the way he's is anything but an atheist who hates religions his affinity towards Islam is clearly visible.",indiadiscussion,1499490587,2017-07,"Political commentary, no attack.",0,0,0,0,0,0,0
djxq9ev,Azma Fallah the self proclaimed Pakistani celebrity. Mega roast episode,india,1499491105,2017-07,"Mild mockery of a public figure, no profanity, no identity attack.",0,0,0,0,0,0,0
djxqbr1,"Why not make Aadhar linked to Voter IDs?

This will help in ensuring only legitimate voters get to vote!


* Illegal bangladeshi muslims &amp; illegal bangladeshi hindus..game over!
* All their dead voters will not be able to vote.
* Spurious voting will be eliminated with biometrics 
* Duplicate / Triplicate voter IDs will disappear. 
* Maoists who don't have AADHAAR cards can't vote.
* Kashmiri separatists who don't want to be Indian citizens can't vote.

Anyone can vote anywhere.

So many benefits - real *Swach Bharath* can begin there with cleansing of electoral system. Just linking AADHAAR to EPIC will eliminate bogus voting!

Or how about making Aadhar mandatory for political donations that have been made anonymous via Finance Bill 2017?",india,1499491232,2017-07,"Political proposal, no attack.",0,0,0,0,0,0,0
djxr6iz,"It's important to have a balanced opinion. The British, throughout their rule, always stressed their different nationality (and race). They CHOSE to not be part of our country. THEY chose this, not us. On the other hand, the Mughals and other Muslim rulers are all part of the fabric of this country, born here, died here, earned their wealth here, and spent it here. Their names should endure here forever. 

As for the other examples outside India, I simply don't care.",india,1499493001,2017-07,"Historical commentary, no attack.",0,0,0,0,0,0,0
djxrh52,"Yadavs are probably the most politically loyal clan in India. Muslims and Dalits may favour other parties, but not Yadavs.",india,1499493649,2017-07,"Political commentary, no attack.",0,0,0,0,0,0,0
djxrif6,Muslims in Bengal have tfr of 4.1 Hindus have much lower tfr.,india,1499493728,2017-07,"Statistical claim, no attack.",0,0,0,0,0,0,0
djxs0it,will communist and islamist support china and pakistan? ,bakchodi,1499494875,2017-07,"Rhetorical question, no attack.",0,0,0,0,0,0,0
djxs1o2,"Dude, there's muslims rioting and destroying the community they live in *over some kid's Facebook post*. Get a fucking grip you insecure wankers, and stop making excuses and using whataboutism.

If these idiots get that riled up they need to be fucking shut down and taught some semblance of normal behavior. ",india,1499494953,2017-07,Profanity and insults directed at a group (Muslims) in a hostile manner.,1,1,1,0,1,0,0
djxs2ax,"Then the question would be, what is the actual percentage of poor Hindu and Muslim men with multiple wives in their communities, and what would be the number of children in those families. I doubt if we will have any detailed data anywhere. But if that was there, we could at least decide if its because of polygamy, or is it poverty. ",india,1499494992,2017-07,"Neutral discussion, no attack.",0,0,0,0,0,0,0
djxs4hs,"It's not far worse that muslims are rioting over a fucking *kid's facebook post*????

Are you batshit crazy? ",india,1499495137,2017-07,"Profanity and hostile questioning, but no clear target.",1,0,0,0,0,0,0
djxssl2,"**Out of context data, cherry picked from a paper that categorically contradicts the assertion that higher Muslim TFR is because of religion.** I called you out on that data in one of my previous comments, yet here you are still spewing out the same BS. 

https://www.reddit.com/r/india/comments/6lrayk/why_do_indian_muslims_have_a_higher_birth_rate/djwveja/",india,1499496772,2017-07,"Criticism of data, no attack.",0,0,0,0,0,0,0
djxt6rh,"The problem with Islam isn't that the rules don't fit now. The problem is with its rigidity to not only change but also different interpretation. 

Many of its tenets may have been great then, but in a fast changing world, they are becoming more and more obsolete if not downright dangerous.",india,1499497766,2017-07,"Criticism of religion, no attack on individuals.",0,0,0,0,0,0,0
djxtdy2,"One more lesson

Conclusion derived from the data is not fact. Data is the only fact. 

But if SC/STs are the poorest and have lower TFR than Muslims than poverty breeds population is wrong claim. As wrong claim as lack of education breeds extremism. 

",india,1499498271,2017-07,"Neutral discussion, no attack.",0,0,0,0,0,0,0
djxtr68,"What he meant is, ""after we showed Muslims who is the boss in 2002"" and then Modi came back to power.

Those who heard him know exactly what he meant.",india,1499499223,2017-07,"Political commentary, no attack.",0,0,0,0,0,0,0
djxu9li,"&gt;That's what SJWs would say.

Thanks for proving me right. Now are you going to rant about how the Muslims haven't assimilated into our culture?",india,1499500591,2017-07,"Political commentary, no attack.",0,0,0,0,0,0,0
djxunik,"The author being a TMC leader has nothing to do with stating the facts though.

The modus operandi is plain for all to see (except those blinded by Dear Leader's aurora!).

The Rumour Spreading Society (I like that) is doing its very best to spread hate mongering among the gullible! 

Hindus &amp; Muslims would do well not to fall into the pit dug out for them by these Sanghi clowns!",india,1499501649,2017-07,"Criticism of political figures and groups, uses 'Sanghi clowns' but not dehumanizing based on religion.",0,0,0,0,0,0,0
djxupd5,"there are many Christians/atheists and NRI chutiyas, if it isn't obvious reddit 4-5 years back was predominantly filled with NRI like r/ABCDesis as the mods were American. but i've heard few are Muslims  ",bakchodi,1499501788,2017-07,"Uses profanity 'chutiyas' directed at a group, but not identity-based hate.",1,1,0,0,0,0,0
djxuriw,"But will the voters be smart enough to realise that all this is tokenism? You can't kill Muslims and then say - look, here's a muslim President. And then kill dalits and say - look, a dalit President for you!",india,1499501952,2017-07,"Criticism of political tokenism, mentions Muslims and dalits but not hate speech.",0,0,0,0,0,0,0
djxv4vf,But you would if the topic was Indian Muslims?,india,1499503021,2017-07,"Rhetorical question, no hate speech.",0,0,0,0,0,0,0
djxv65l,"I'm not a big fan of Indian kulcha. In fact, I despise Indian kulcha. So, I don't give two hoots about whether Indian Muslims integrated or not. I myself am not integrated in Indian fucked up kulcha^TM. I'm an irreligious atheist.",india,1499503128,2017-07,"Personal opinion, uses profanity 'fucked up' but not targeted.",1,0,0,0,0,0,0
djxvm8i,"Alright, genius. Let's do that to random Muslims on my the street with times now hashtags on our shirts

",india,1499504474,2017-07,"Sarcastic suggestion, no hate speech.",0,0,0,0,0,0,0
djxvplp,Flooded her country and EU with Muslim Subhumans. Now wants Poland (one of the best Kebab Removers) to accept ~~invaders~~ refuggees as well.,bakchodi,1499504765,2017-07,"Dehumanizing Muslims as 'subhumans' and 'invaders', hate speech.",0,1,1,0,1,0,0
djxw11b,"Mohammadian ***TRIGGERED***. Go rape a goat you filthy creature. Allahu snackbar u durka durka paedoworshiper. BTW katua, the kaaba is a **SHIV LING**. ",bakchodi,1499505743,2017-07,"Extreme hate speech against Muslims, profanity, dehumanization.",1,1,1,0,1,0,0
djxw8wu,"RIP in peace, that user. He's gonna get allahhuakbar'd from randia digitally.",bakchodi,1499506400,2017-07,"Sarcastic comment, no hate speech.",0,0,0,0,0,0,0
djxwb0j,Palestinian movement is plain Islamic bigotry and Jew hatred. But that is somehow ok.,kerala,1499506570,2017-07,"Criticism of political movement, no hate speech.",0,0,0,0,0,0,0
djxwq7h,"&gt; This sub slowly turned angry over months of cow related shit

Um... the sub was ranting and raving from the very first incident to hit the news. Every single post that was even remotely critical of BJP, or RSS, or even Hindus in general, from the very beginning, started featuring comments about gaurakshaks, gomutra, cow and all that stuff even when it was in no way related. What exactly do you mean when you say slowly? 

&gt;everyone of your type is going ""OH SUB IS NOT ANGRY SUB IS NOT ANGRY"".

He's talking about the fact that people aren't showing their anger about Muslim lynch mobs at anywhere **close** to the scale that we saw about those fucking gaurakshaks. It's not just polite condemnation of an incident. It's the sheer hatred and anger everyone witnessed when it was aggressive Sanghis in question... and it's nowhere *near* that when it's the Muslims who are the aggressors.",india,1499507836,2017-07,"Discussion of subreddit behavior, uses profanity 'fucking' but not targeted.",1,0,0,0,0,0,0
djxx0sx,"&gt; Muslim terrorism and muslims should be seen as two things. 

They *are* seen as different things. *You* seem to be the one confusing ordinary muslims with terrorists organisations like Fatah and Hamas. 

There are no good guys in the Israel Palestine conflict. Frankly speaking,  It is very naive to think that an organisation that openly calls for genocide against jews is a victim.
",kerala,1499508731,2017-07,"Political discussion, no hate speech.",0,0,0,0,0,0,0
djxx5kq,Everything discussed on /r/India is how Muslims are minority and everyone is killing them. I have unsubscribed to it a long time ago.,indiadiscussion,1499509133,2017-07,"Personal opinion, no hate speech.",0,0,0,0,0,0,0
djxxffs,"I was talking about Israeli right-wing's and RSS right-wing's hate towards *muslims*. Not just terrorists, but *all muslims*. And OP commented that that hatred towards *muslim terrorism* is a good thing. So I just clarified that both are different.

I totally agree that there are no good guys in the Israel Palestine conflict. But like I said in one of my previous comments, I don't care either way, the thing I care about is human rights violation and in this case most of the human rights violation are overwhelmingly one sided whatever the reason may be.",kerala,1499509959,2017-07,"Political discussion, no hate speech.",0,0,0,0,0,0,0
djxxgre,"it is hindi term ask a friend from UP .. he will tell you ....But make sure that friend is not Muslim. FYI katua is reserved for people whose dick skin got cut due to religious reason after child birth.. 

I hope you get the drift. ",bakchodi,1499510068,2017-07,"Explains slur 'katua' with derogatory intent, hate speech.",0,1,1,0,1,0,0
djxxhcx,lol lol lol miracle Its a mircale. Subahn allah mashaallah kata lullah,bakchodi,1499510118,2017-07,"Mocking religious phrases, no clear target.",0,0,0,0,0,0,0
djxxiq4,These are what the BJP calls Nationalist Muslims.,india,1499510233,2017-07,"Sarcastic comment, no hate speech.",0,0,0,0,0,0,0
djxxmqd,"1) Possible. Destroy ALL muslims everywhere ? :) We shall see it as it unfolds.

2) A best of both worlds approach would be best for Kerala. There are areas where we lack severely, such as in terms of industries etc.

3) Well, I would place my bet on economic development over anything else. Communal disharmony stems from differences between people. We can't really change or help such things, to be blunt.

Not to keep bashing the Communists again. But they are supposed to be atheistic, yet still resort to violence, which is what even conservative religious groups do. People influence things and ideas which are intended to be pure, for the worst. Such is the world we live in.

Agreed. Thanks for the insightful discussion. 


",kerala,1499510568,2017-07,"Political discussion, no hate speech.",0,0,0,0,0,0,0
djxxxot,"Yeah that shit was sharted by RSS.....wait for it ""muslim wing"" लोल लोल लोल katuas always have fucked up logic. Wonder is it's the work of those 1300 defective genes?",bakchodi,1499511488,2017-07,"Uses profanity and slur 'katuas', hate speech against Muslims.",1,1,1,0,1,0,0
dfpsnf4,"&gt;  if the SC is hellbent on this, they can nullify the legislation without any qualms.

Who checks the judiciary? In most country courts follow the law of the land and the constitution. They can not just create their own rules. 

When SC over-ruled Shariya in Shahbano case and allowed Muslim women alimony, Rajiv Gandhi created a new law that nullified SC's decision. And SC could not do anything about it. ",india,1491102817,2017-04,"Political discussion, no hate speech.",0,0,0,0,0,0,0
dfpt4tq,Om Namo Bhagwate Vasudevaya : Pandit Jasraj.,india,1491103634,2017-04,"Religious chant, no profanity or target.",0,0,0,0,0,0,0
dfpt5ya,"When SC over-ruled Shariya in Shahbano case and allowed Muslim women alimony, Rajiv Gandhi created a new law that nullified SC's decision. And SC could not do anything about it.

Shah Bano, a 62-year-old Muslim mother of five from Indore, Madhya Pradesh, was divorced by her husband in 1978.[1] She filed a criminal suit in the Supreme Court of India, in which she won the right to alimony from her husband. However, she was subsequently denied the alimony w**hen the Indian Parliament reversed the judgement under pressure from Islamic orthodoxy.** 

https://en.wikipedia.org/wiki/Mohd._Ahmed_Khan_v._Shah_Bano_Begum",india,1491103686,2017-04,"Historical discussion of a court case and law, no attack.",0,0,0,0,0,0,0
dfptdqw,Any documented proof that the ruling party is converting muslims to hindus on largescale?,india,1491104071,2017-04,"Asks for proof, no attack.",0,0,0,0,0,0,0
dfpufxt,"Aa gaya dhimmi saalla ... kuch padha likha nahi muh khol diya ... Wikipedia ""Hindu""

 ... Krishna was 9yrs old that time .. left Vrindavan (UP) befor 11yrs ... was just a boy (pre-puberty) .. 

These are love jihadis aka mudslimes changeing names and dumping hindu girls after getting them pregnant 

",bakchodi,1491106044,2017-04,Hinglish hate speech targeting Muslims with slurs and conspiracy.,1,1,1,0,1,0,0
dfpv01z,"&gt; Does Indian government allow individual citizens to generate and distribute Solar power?

I believe, if you are installing grid connected solar panels that supply electricity into grid, you need an installation of at least 1 MW. 1 MW project costs around 6 Cr and needs 5 acres of land. For off grid, here are the [government schemes.](http://mnre.gov.in/schemes/offgrid/solar-pv/scheme-19/)

Source: Did some research into solar business myself about 1.5 years ago. ",india,1491107080,2017-04,"Informational comment about solar power, no attack.",0,0,0,0,0,0,0
dfpvpo8,How is that Mallapuram has a star hotel but not Kozhikode. And my district of Pathanamthitta is like a mini Gujurat,kerala,1491108484,2017-04,"Comparison of districts, no attack.",0,0,0,0,0,0,0
dfpvysv,"Congratulations panda Saab and all founder members . Boys played well , inshallah. ",indiaspeaks,1491109003,2017-04,"Congratulatory message, no attack.",0,0,0,0,0,0,0
dfpwd0t,I am old enough to have seen the rise and now decline of a gunda family from Allahabad. ,india,1491109840,2017-04,"Political criticism of a family, no profanity or identity attack.",0,0,0,0,0,0,0
dfpwdbx,"stop being a mofo.
if someone has to drink, he can very well drink in his car.
Surprise motherfucker, this is how half of the population of gurgaon drinks. Adding to that, the dhabas would bootleg liquor for your truck wallas need. 

You cannot just stop drunk driving like this. 
this is nothing but SC abusing it's power. If it really cares about drunk driving, why not make it compulsory to blow (alcohol test) at every toll booth? That would actually work in reducing drunk and driving. 


",india,1491109860,2017-04,"Profanity used in criticism of policy, not targeted at a person.",1,0,0,0,0,0,0
dfpwhc7,Hardly. He isn't openly anti Hindu. He is against hindutva for which he has my blessings. I saw a video of him in Pakistan  where he talks about Hindu muslim unity in india. Not at all a togadia equivalent,india,1491110099,2017-04,"Political commentary, no attack.",0,0,0,0,0,0,0
dfpxg2j,"Bring a Giant Modi Wave to turn all the Pakistani flag into Glorious Bhagwa flag. Once there is ghar wapasi of that place &amp; background is all saffron, Build a Ram Mandir. Likhte Likhte mere aankh me aansu aa gaya. Agar ho gaya to khushi ke maar mar na jaaun allahhh",bakchodi,1491112298,2017-04,"Nationalist rhetoric, no attack on a group.",0,0,0,0,0,0,0
dfpy33d,"Inshallah when the whole world is Dar al-Islam she will become my sex slave, brothers.

Allah Cuckbar.",bakchodi,1491113861,2017-04,Explicit sexual violence and religious slur targeting Muslims.,1,1,1,0,1,0,1
dfpy64z,"Cool thanks, I did some basic calculations on a 'residential' system using indiagoessolar and such system would cost in Crores. Based on the consumption and rate of electricity etc, such an installation is not viable on commercial solar rates. I think I ll have to get custom rates.  ",india,1491114075,2017-04,"Technical discussion, no attack.",0,0,0,0,0,0,0
dfpyfce,"inshallah his mother will die painfully

krishna bhagvan was always innocently playful, even as a baby.

TIL retards think playfulness is the same as degrading sexual harassment and rape, or at least pretending to to push their leftist sickular islamophile agenda.

KYS CUCKSHANT BHUSHAN",bakchodi,1491114735,2017-04,"Profanity and personal insults, religious slur, and threat.",1,1,1,0,1,0,0
dfpypd6,"Not gonna happen, with his history and razakaar lineage I doubt owaisi will get to that level. 

All it would take is a campaign to show what him and his family are doing and most likely even the muslims will be disillusioned with him.

Just an example - he and his family have been building properties within the old city and ppl have noticed.
While he and his family members get educated in London, he makes sure his voter base remains poor and uneducated while blaming the RSS and BJP and Modi for their own inadequacies.

There is one big difference between modi and kejri, Modi has power and will to work (whether it conforms to your ideas or not is a moot point) but kejri is just a false prophet who is burning out in his own hubris.",india,1491115479,2017-04,"Political criticism of a politician, no profanity or identity attack.",0,0,0,0,0,0,0
dfpz3qs,"Inser""Insahallah boys played well"" fkin porki pigs always hidin and doing some small shady shit mission akahnd bharat [](http://imgur.com/a/ONWHU) is also going well",bakchodi,1491116572,2017-04,Profanity and regional slur targeting Pakistanis.,1,1,1,0,0,1,0
dfpz60x,"The majority of us are tolerant. Its the RSs, Muslim Fanatics and Christian Fanatics that aren't",india,1491116754,2017-04,"General statement about groups, no direct attack.",0,0,0,0,0,0,0
dfpzo9r,He iz Muslim ,india,1491118187,2017-04,"Factual statement, no attack.",0,0,0,0,0,0,0
dfq046u,"No he is not. 
A lot of Muslims claim what you are claiming because they want to come off as 'balanced' and against all right wingers. 
But you can't being me a video where he has said anything communal. ",india,1491119511,2017-04,"Political commentary, no attack.",0,0,0,0,0,0,0
dfq0kb5,"Hah yeah, there's only so much angsty lyrics with rhyming hole and soul one can put up with. Fragile and Ghosts i-iv are mostly instrumental and industrial ballads, if there's some such thing.

No love for Lights in the Sky?",india,1491120922,2017-04,"Music discussion, no attack.",0,0,0,0,0,0,0
dfq146w,"That is just for representation purpose. Anyone with better skill can fine tune &amp; refine the Mandir ""Blue"" print 

BC Architect bulao VHP aur RSS se

Masha allah, Mandir Wehi banayenge",bakchodi,1491122790,2017-04,"Profanity used in a political/religious context, no personal target.",1,0,0,0,0,0,0
dfq16ho,Brother Muslim women can't be slave. We will not dawah her. ,bakchodi,1491123016,2017-04,"Statement about Muslim women, no explicit hate or slur.",0,0,0,0,0,0,0
dfq1cdm,"I like your choices man. For me, it would be Tool's Wings of Marie Pt 2. I did not know Philip Glass and Pandit Ravishankar worked together. I'll check that out.
 
Check this Philip Glass track called [Escape](https://www.youtube.com/watch?v=cbCu4Tg-hS4)
 
Buckethead [Broken Mirror](https://www.youtube.com/watch?v=q8afhL0s8Fo)",india,1491123596,2017-04,"Music discussion, no offensive content.",0,0,0,0,0,0,0
dfq1kb4,"my graduation batch has 7 couples. almost entire academic staff who taught us were couples at some points.

a kanpuriya married a bong and taught me never to be afraid of any shit.

me a punjabi jatt is going to marry a kashmiri pandit.

",india,1491124399,2017-04,"Personal anecdote about inter-community marriages, no hate.",0,0,0,0,0,0,0
dfq1tv2,"No personal exp/expertise, but interested in matter. I heard MP gov has a rooftop solar installation policy with back feeding. May be, these Indore/MP specific info could be helpful:  
[Some MP gov presentation in 2016](http://solarrooftop.gov.in/presenations/conference_solar_20Sept2016/GIZ_Sandeep_Goel.pdf)  
[Indore Elec Distribution company link with online form for rooftop installation, most probably with back feeding capabilities](http://mpwzservices.mpwin.co.in/mpeb_english/)
",india,1491125363,2017-04,"Informative comment on solar policy, no offensive content.",0,0,0,0,0,0,0
dp42kp0,A Muslim friend of mine invested in Pharma index. Good time to invest there now I think. ,indiainvestments,1509398630,2017-10,"Investment advice mentioning a friend's religion, no hate.",0,0,0,0,0,0,0
dp45mfo,"Siddaramiah is no stranger when it comes to hate mongering though

[Karnataka CM warns non kannadiggas](http://www.india.com/news/india/karnataka-cm-siddaramaiah-warns-non-kannadigas-against-anti-kannada-activities-watch-video-2365630/)

[100% resevation for Kannadiggas in private sector](http://www.firstpost.com/politics/kannadigas-to-get-100-reservation-karnataka-cm-siddaramaiah-sets-dangerous-precedent-3170092.html)

Replace 'Kannadiggas' with 'Hindus' and non-kannadiggas with 'Muslims/Christians' and you won't  see much difference from what BJP is spewing.You could say its just an election gimmick but still it  is what it is.",india,1509402090,2017-10,"Political criticism comparing policies, no personal attack or hate.",0,0,0,0,0,0,0
dp47nhc,Some places may have high enrollment in Madrasas as compared to others but nowhere do all muslim students go to Madrasas. ,india,1509404478,2017-10,"Factual statement about madrasa enrollment, no hate.",0,0,0,0,0,0,0
dp4c0aw,"He did do a lot of things. Get your facts right bro.Mohalla clinics, water electricity bills etc. And are you saying we should be governed by so called tea sellers. There is no importance of education?",india,1509409608,2017-10,"Political debate, no personal attack or hate.",0,0,0,0,0,0,0
dccq5kq,Self control does more to curb alcohol use than any law. I don't think we're heading down the right path by banning things just because Islam forbids them.,india,1484263925,2017-01,"Opinion on alcohol policy, no hate.",0,0,0,0,0,0,0
dccq8xa,"Fuck you Aviator this is why Partition happened. Jesus Christ I hate you so much.  Why didn't I just mute you. You fucking little bitch every Sikh I met has been nice and then I just saw you. Actually it would be an insult to call you a Sikh. Doesn't wear a turban but pretends to be ""Aryan"". Loves India but lives in the fucking South East of England being an NRI cuck. I admit that I should have muted you earlier so I didn't have to say what you made me but you know what, I don't care. It's not like u are  a man of religous integrity is it with your fucking shitty boeing planes. But you call me a Paki and if someone from J and K is Paki then J and K is ours so I win you little cunt. This was my plan all along. Pakis always win. Pakis never lose. 71 was just a vacation. Aviator I saw ur selfie. Aviator I will get my revenge. Aviator mark my words you will rue this day. By allah you will know nothing but pain and suffering",bakchodi,1484264042,2017-01,Profanity-laced personal attack with religious and regional slurs.,1,1,1,0,1,1,0
dccqyda,"&gt;COMPLETELY atheistic and liberal, just as we intended.

&gt;With nothing to believe in, India's children will see Islam as the shining beacon of light and willingly convert.

Lolwut

",bakchodi,1484264956,2017-01,"Sarcastic quote, no hate.",0,0,0,0,0,0,0
dccr30d,"OP its a fallacy to believe that Modi thinks of something and execute it of its own and hence his solo decision.

There is battery of people who advice PM and President. Whether to go for it or not to go for it is in hands of PM and President.

",india,1484265126,2017-01,"Political analysis, no hate.",0,0,0,0,0,0,0
dccu593,"You could say a million things, but you have no idea what the person wearing it thinks. Cargo cults apply to situations where cultures meet for the first time, not in the globalised world we live in. You sound like a relic and seem to hold to an idea that Tamil people ought to act a certain way and wear certain clothes, which is really the Tamil dubbing of the No True Scotsman fallacy.  ",india,1484269193,2017-01,"Critique of cultural expectations, no hate.",0,0,0,0,0,0,0
dccwkc4,"These chutiyas will cry about ""saffronization"" which is actually where Hindus rightfully reindigenize our languages in our native lands, while later making everything Islamized.",bakchodi,1484272497,2017-01,"Profanity used in political/religious commentary, no personal target.",1,0,0,0,0,0,0
debqd9d,Well I'm fortunate enough to meet Muslims who are Muslims just by name. ,india,1488299463,2017-02,"Comment on Muslims, no explicit hate.",0,0,0,0,0,0,0
debqp2j,Iirc NIT allahabad mein bawala huya tha,india,1488299828,2017-02,"Informal comment about an incident, no hate.",0,0,0,0,0,0,0
debqw7m,"Are these guys American or are they still Indian. Don't be like the Muslims of India, who want all the benefits of a democratic India but still identify with the pan Islamic ummah. If you are enjoying the benefits of American society, it would be treacherous of you to seek solidarity and support from India.
If they are Indian , we stand by them and would welcome them back.",india,1488300043,2017-02,"Questioning loyalty of Indian Muslims, no explicit slur.",0,0,1,0,1,0,0
debs4rg,"They just need to include ""Muslim"" or ""Islam"" in any negative India-related article. Hurr durr Muslims in India are worse off than Jews in the Third Reich. Easy way to get views there.",india,1488301226,2017-02,"Criticism of media bias, no hate.",0,0,0,0,0,0,0
debtbcs,"Konkan communities don't eat beef. Most of the konkan communities in Coast are Brahmins (GSB, RSB, SB). There are a few konkani speaking Muslims (in Bhatkal) and konkani speaking Christians who may eat beef. 


Most of the konkanis I know are pescetarians. ",india,1488302299,2017-02,"Cultural information, no hate.",0,0,0,0,0,0,0
debteaz,"I think it's tit for tat. I'm not saying I support censorship, but I sincerely doubt DU professors and debates were being earnest when they discussed topics more beloved to the left, like views on Islam or economics. 

What allegedly seems to have happened was only inevitable when you squash an entire faction of the student body/general population from having the right to discuss and debate its views. It's like a pressure cooker- release the pressure early on or let it build up until you can't control it.",india,1488302363,2017-02,"Discussion of censorship and political dynamics, no personal attack or identity-based hate.",0,0,0,0,0,0,0
debu1h1,"It's a nice case of irony. Digvijay Singh trying to make a (truly) thought-provoking secular statement but in the end saying something stupid that offends both his supporters and his enemies.

But it's interesting that the RSS has yet to say anything in response to Diggy and it was the Muslim groups that had a knee-jerk reaction. Somewhat telling about the picture the media and 'activists' paint about the atmosphere of intolerance that apparently only Hindu groups create.",india,1488302931,2017-02,"Political commentary on Digvijay Singh and RSS, no personal attack or hate speech.",0,0,0,0,0,0,0
debu48q,"&gt; I feel disgusted too when I see a BIMARU scum like you hanging from buildings

You honestly believe that I meant that seriously? 


Man, you amiths are too easy and gullible. No wonder the muslim invaders got you fags to convert to islam by the millions!",bakchodi,1488303010,2017-02,Hinglish hate speech targeting Muslims and using regional slur 'BIMARU'.,0,1,1,0,1,1,0
debu8wo,"Except... They are? What do you know about the Shishu Mandirs? Seems like people here are unaware of them except their association with RSS.

[RSS school's Muslim boy tops Assam 10th boards](http://timesofindia.indiatimes.com/city/guwahati/RSS-schools-Muslim-boy-tops-Assam-10th-boards/articleshow/52528345.cms)

The RSS's shishu mandirs and ekal vidyalayas are actually fairly good and provide decent education for free to poor and remote areas. Their curriculum is based on the CBSE and is generally secular; the only thing Hindutva related is that kids have to chant Hindu songs and slogans, but this is no different from the Catholic prayer mass in Convent schools.",india,1488303148,2017-02,"Discussion of RSS schools and education, no hate speech.",0,0,0,0,0,0,0
debucy6,Bhai. Council hogi sab religious leaders ki. Noone has to forcibly follow on the whims of Islamic dictators.,indiaspeaks,1488303266,2017-02,"Criticism of religious councils, no personal attack or hate speech.",0,0,0,0,0,0,0
debuhte,It came into being as Islam spread in the valley. Of course it's influenced by Islam. The same way it's influenced by Hinduism.,indiaspeaks,1488303408,2017-02,"Discussion of cultural influence, no hate speech.",0,0,0,0,0,0,0
debul04,To Iran-style ka council jisme mullah aur pandit elect kiye jaayenge? Interesting. And what about people who don't want to follow any religious leader? ,indiaspeaks,1488303492,2017-02,"Sarcastic question about religious councils, no hate speech.",0,0,0,0,0,0,0
debulkj,"I agree with this. 

I live in south almost none of the people I know eat beef, regardless of religion. That's mainly because [slaughtering cows are prohibited in TN](http://indianexpress.com/article/explained/explained-no-beef-nation/)

But when I came to chennai, I noticed some beef shops and Mallu/Muslim hotels that serves beef. 


Some of mallu friends would go gaga over parrota + chilly beef combo.     ",india,1488303504,2017-02,"Discussion of beef eating habits, no hate speech.",0,0,0,0,0,0,0
debutwb,"&gt;He didn't call you a rapist. He regards Indian population 'pretty chill'. 

Well then you clearly didn't read the entire conversation.

&gt;If I were trying to convince someone to become a part of *us*. **I wouldn't compare him to a dog**

I'm done trying to bribe them to stay with us. If the people want to leave, they are free to migrate to another country. If they want to keep their lands, then they should abide by humanitarian rules. If they refuse to do either of those, they should be subjected to the same treatment they meted out to Kashmiri pandits.

&gt;P.S: I am from Pakistan.

That explains a lot. 

",indiaspeaks,1488303716,2017-02,"Quoting and responding to a comment, includes call for exodus of Kashmiris, but not directly targeting an individual.",0,0,1,0,1,0,0
debuzuk,"Why on earth should Sehwag take responsibility for what other, anonymous internet trolls say to Gurmehar? He is responsible only for his own tweet and that did not abuse or threaten her in any way. 

The whole guilt-by-association fallacy nonsense associating Sehwag with the right-wing internet rape threats is as unfair to him as the trolls were to her.",india,1488303861,2017-02,"Defending Sehwag, no hate speech.",0,0,0,0,0,0,0
debv2is,"Pretty easy.Traditionally, Dalits live on the outskirts of villages and share spaces with Muslims in ghettoes in cities. Some of the predominant Dalit areas are Byculla, Kurla, Godandi, Wadala in Mumbai; Aundh Raod slums, Lohegaon in Pune; Chwalnagar , Mehul in Ahmedabad, etc.",india,1488303924,2017-02,"Factual discussion of Dalit areas, no hate speech.",0,0,0,0,0,0,0
debvzwn,"&gt; logical fallacy 

Since when does speaking your heart out and saying what you want is akin to any logic? What could be illogical to you could be perfectly logical to me, my circumstances, upbringing, outlook, and mentality. How can you judge someone else' outlook as illogical, but yours to be the holier than thou?",india,1488304728,2017-02,"Philosophical argument about logic, no hate speech.",0,0,0,0,0,0,0
debw7mz,If that is the case it doesn't portend well for Pakistan because of the growth of popular support for radical Islamist movements there.,india,1488304948,2017-02,"Comment on Pakistan's political situation, no hate speech.",0,0,0,0,0,0,0
debwchn,"People like Stalin, Mao and Fidel Castro are regarded as icons of Communism throughout the world. They were and still are very popular in India among the Left and people who follow its idealogy.

Strangely when jholawallas complain about fascism and dictatorships against the Modi government the irony is lost on them.",india,1488305074,2017-02,"Political commentary on communism and irony, no hate speech.",0,0,0,0,0,0,0
debwddw,"&gt; I'm done trying to bribe them to stay with us

Maybe you should try respecting them for a change. Or is that too much to ask?

&gt; then they should abide by humanitarian rules

Do *humanitarian* rules include allowing Armed personal to rape your women. Cause that's what he is complaining about.

&gt; If the people want to leave, they are free to migrate to another country.

Brother, please grow up.

&gt; they should be subjected to the same treatment they meted out to Kashmiri pandits.

You realize you are calling for (according to your fellow countrymen) *exodus* of Kashmiris Muslims. Right? What do you plan to do with the land once the majority of natives leave Kashmir? 


&gt; I am from Pakistan.

Can you explain where my comments depicted my *Pakistaniat*?",indiaspeaks,1488305095,2017-02,"Quoting and responding to a comment, includes call for exodus of Kashmiris, but not directly targeting an individual.",0,0,1,0,1,0,0
debx3qh,"Gurmehar's statement: 



""Pakistan didn’t kill my father, war did.""


It makes no sense to blame the ""concept of war"" for Pakistan's unprovoked, one-sided aggression during Kargil. By blaming ""war,"" the implication is that both India and Pakistan are equally blameless.



Sehwag's statement perfectly illustrates the logical fallacy here:




""I didn’t score two triple centuries, my bat did.""



Alternate examples:




""Salman Khan didn't kill the black buck, hunting did.""




""Dawood didn't bomb Bombay; Terrorism did.""



&gt; How can you judge someone else' outlook as illogical, but yours to be the holier than thou?



Logical fallacy is objective, and represents faulty lines of reasoning. Logic stays the same and doesn't differ from person to person. Opinions on the other hand can be different, but an objective argument should always be logically valid.




https://en.wikipedia.org/wiki/Logical_fallacy",india,1488305791,2017-02,"Logical argument about Gurmehar's statement, no hate speech.",0,0,0,0,0,0,0
debx6ys,"Yogeshwar has rattled leftists, muslims and bhai fans in a single tweet. What a fucking champ.",bakchodi,1488305877,2017-02,"Profanity used, but directed at political groups, not personal attack.",1,0,0,0,0,0,0
debx770,pork with Muslim friend?,india,1488305885,2017-02,"Question about pork with Muslim friend, no hate speech.",0,0,0,0,0,0,0
debxf55,"&gt; but I sincerely doubt DU professors and debates were being earnest when they discussed topics more beloved to the left, like views on Islam or economics.

Do you have any concrete evidence on action being taken against people for any of this?

&gt;I'm not saying I support censorship

Stop saying that because you think censorship is a bad word and good people find bad words bad. You absolutely do like and support censorship.",india,1488306080,2017-02,"Argument about censorship, no hate speech.",0,0,0,0,0,0,0
deby17a,Yep. Islam and Hinduism both. We could learn a thing or two from our ancestors.,indiaspeaks,1488306685,2017-02,"Comment on religious influence, no hate speech.",0,0,0,0,0,0,0
deby6qk,"Exactly. Also, Sikh and Christian representatives.

Non-religious- We have RPC for that. Or maybe they get treated as aliens. Or both.

EDIT: Note: We don't call anyone Mullahs here.",indiaspeaks,1488306850,2017-02,"Discussion about representation, no attack.",0,0,0,0,0,0,0
debyas6,Okay regular cow and Muslim thread. Next week we'll discuss Muslims *stay tuned.* ;),india,1488306972,2017-02,"Sarcastic meta-commentary, no attack.",0,0,0,0,0,0,0
debybdu,"No, they only matter when made by some random nobodies. On the other hand, when a student activist is [actually raped](http://www.thehindu.com/news/cities/Delhi/student-molested-during-ramjas-clashes/article17379525.ece), it's okay a long as she's with the ABVP. Mediawallahs will also report it as an unproven allegation and put ""molestation"" in scare quotes. Then they'll wail in righteous anger when they're called peddlers of ""fake news"".",india,1488306989,2017-02,"Criticism of media and political group, no personal attack.",0,0,0,0,0,0,0
debynts,"Dead or alive, all Muslims should be cremated ASAP.",bakchodi,1488307360,2017-02,"Calls for cremation of all Muslims, dehumanizing religious group.",0,0,1,0,1,0,0
debyosy,"That's not the problem, though, is it? It's not like 100% of the students were only talking about only these things. The fact that you're barring people from talking about something is the problem. And that is true of any talk - anti-modi talk, anti-congress-talk, anti-hindu talk, anti-muslim talk, anti-dalit talk, whatever.",india,1488307389,2017-02,"Discussion about free speech, no attack.",0,0,0,0,0,0,0
debyrt1,"Here's what Gurmehar said, 

&gt;I hardly have any memories of my father who was killed in the Kargil war. I was angry and I used to hate Pakistanis because I thought they killed my father. I used to hate Muslims because I thought all Muslims are Pakistanis. Out of this hate, I was once going to stab a Burqa clad lady however my mom stopped me and told me that Pakistan did not kill my father, War did. If there was no war, my father would still be alive. I have hence moved on from hate and I understand that Peace doesn’t kill anyone. If European nations can move on after World War II then even India and Pakistan can move and live peacefully hence I support #ProfileForPeace initiative.

If Geeta Phogat thinks it's speaking against India, maybe she is ""hardly literate"". 

Also, that video was made one year ago. It's the time when Modi visited Nawaz Sharif. If she is anti-Indian for that, what is Modi for visiting a country and greeting the head of that country which killed her father? ",india,1488307479,2017-02,"Quotes and defends a statement, no attack.",0,0,0,0,0,0,0
debyynr,"Kashmiri Terrorists (Muslims all I suppose), have killed 16,000 Kashmiris so far. The Indian state has killed 3k so far. It seems as though you have  bigger problem with the terrorists. 

What's your opinion on pretty much all major terror outfits in Kashmir being funded by Pakistan, based out of Pakistan, headed by Pakistanis and founded by Pakistanis and in a few cases...Arabs? Hardly a Kashmiri movement. ",indiaspeaks,1488307684,2017-02,"Discussion of terrorism and Pakistan, no attack on group.",0,0,0,0,0,0,0
debz7k0,"Duh, I was speaking hypothetically. OP seems to have a very romantic view of Pakistan; as if the so called syncretic islam that he is so proud of will survive contact with Pakistan. The fundamentalists in pakistan would gleefully put them to sword for not toeing their line.",indiaspeaks,1488307955,2017-02,"Hypothetical discussion about Pakistan, no attack.",0,0,0,0,0,0,0
debzt20,"Show me one Islamic theocracy that has not discriminated against minorities..heck, Kashmir is the only state in the country that bans muharam processions. ",indiaspeaks,1488308602,2017-02,"Criticism of Islamic theocracies, no attack on individuals.",0,0,0,0,0,0,0
dec009a,Mate I'll eat whatever. There are dozens of muslims like us I tell ya dozens! xD,india,1488308820,2017-02,"Humorous comment about Muslims, no attack.",0,0,0,0,0,0,0
dec1kp5,"&gt;Kaisi autonomy, bhai?

Try reading Article 370 whenever you have free time. The J&amp;K government has unlimited power, except for defence, finance, communication and foreign affairs. 
 
&gt;Konse actions? 

Kasmiri pandits",indiaspeaks,1488310515,2017-02,"Discussion of Article 370 and Kashmiri Pandits, no attack.",0,0,0,0,0,0,0
dec1msn,"&gt;Sure, but Pakistan did wage that war. There would not be a Kargil 1999 without Pakistan's intrusion into Indian territory. So, Pakistan was responsible for her father's death.

Okay. You are taking her statement literally. Of course, Pakistan was responsible for her father's death if you meant literally. 

If you read the complete statement, it isn't to be taken literally. She is speaking out against the hatred which led to the war. 

This is her statement. 

&gt; I used to hate Muslims because I thought all Muslims are Pakistanis.   If there was no war, my father would still be alive. I have hence moved on from hate and I understand that Peace doesn’t kill anyone. 

She is saying hatred led to the war and she is speaking out against the hatred. She makes no further comments on which side's hatred led to the war. 
You are taking that statement literally and assuming she meant to say Pakistan was not at fault. 



",india,1488310578,2017-02,"Analysis of a statement, no attack.",0,0,0,0,0,0,0
dni2o2r,"Well in the case of Pakistan and Iran, they've already taken up millions of refugees from Afghanistan since the Soviet invasion.

https://en.wikipedia.org/wiki/Afghans_in_Iran 
https://en.wikipedia.org/wiki/Afghan_refugees

I imagine that these countries' resources couldn't handle any more refugees.

Edit: I don't know why you guys downvoted me but the headline is specifically asking why Muslim-majority countries (not India) aren't taking Rohyngian refugees.  ",indianews,1506372747,2017-09,"Discussion of refugee policies, no attack.",0,0,0,0,0,0,0
dni3u9c,"I also live in Germany, there are so many problems with refugees. If you be friends with them then you will get to know.

Government is spending lots of money on their integration, bz they need young people to maintain their tax system.

Instead, what happens. It’s not easy for them to get proper jobs, government won’t let them work until they get job that can support them or their family fully.

Some of them, blames German government or locals here that they don’t like them. They have allowed refugees because they need Young people.


Some of them also don’t want to work, just want to live on government money. Sad but true!!

As other hand in India, we don’t need many people from outside. We can’t even handle our problems, let alone government supporting us or refugees. We also have Hindu vs. Muslim vs. Christian problems. Everybody feels insecure. 

To integrate them In our society, it would be very difficult. Nobody is like Parsi people.

So it’s better decision for our own sake. ",india,1506373981,2017-09,"Personal opinion on refugees, no attack.",0,0,0,0,0,0,0
dni45ed,I was getting the same. I changed installation directory and it worked.,indiangaming,1506374321,2017-09,"Technical advice, no attack.",0,0,0,0,0,0,0
dni4eup,Inshallah Balochistan banega Kurdistan ,bakchodi,1506374603,2017-09,"Political slogan, no attack.",0,0,0,0,0,0,0
dni6ohm,Pennungale attract cheyyunna paripadi Lalettan innum innaleyum thudangiyathalla...pinnallaaa..,kerala,1506377166,2017-09,"Malayalam comment, no attack.",0,0,0,0,0,0,0
dni729w,"As a kid while playing in a ground next to an RSS meeting I heard them discussing that Muslims are having 10-10 children and how this is dangerous to Hindus in this nation. They stresses that we should also have more children. 


A friend of mine is a lawyer and works for RSS. He told me story about a Hindu girl married a Muslim guy and now wants divorce. She came in contact with RSS and they are fighting her case for free. As a service towards Hindu Hindustan.",india,1506377615,2017-09,"Anecdote about RSS, no attack.",0,0,0,0,0,0,0
dni89sx,"&gt;two Christians and a Muslim uncle .

Wut?!",india,1506379037,2017-09,"Expression of surprise, no attack.",0,0,0,0,0,0,0
dex4wn8,"Even spoke it at school haha. Whenever people on Randia talk about English as the lingua franca, I have a hearty laugh. Even the upper classes prays in Sanskrit, speaks in Hindi and muses in Urdu, to say nothing of us commoners. 

Did you pick up the local language btw? I was in the middle of Maharashtra for 7 years, and still only picked up basic Marathi because Muslims and Marwaris everywhere haha.",indiaspeaks,1489509568,2017-03,"Personal anecdote about language, no attack.",0,0,0,0,0,0,0
dex50d3,Pathetic. One minority (South Indian) trying desperately to throw another minority (muslims) under the bus to appease and fit into his Northie master's fascist hindutva ideology.,bakchodi,1489509681,2017-03,"Criticism of a politician's identity and ideology, no profanity or direct hate speech.",0,0,0,0,0,0,0
dex61hg,"&gt;Muslims using green gulaal

That isn't for Holi you fucking ignorant dehati ",bakchodi,1489510806,2017-03,"Profanity directed at a person, with regional slur 'dehati'.",1,1,1,0,0,1,0
dex6e91,"I used to hoard coins . Till 12th almost every other day , I used to find money while going to school , college . Coins of every denomination. I used to keep them inside my compass box. Within a fortnight my little compass box used to get full. We used to have street food with it. 

I started believing in luck and stuff. I even had my kundli made which the pandit said he hadn't seen such a unique kundli . I would have money , possessions and worldly stuff like none but I would be alone , devoid of people. For some years I actually believed that stupid stuff. 

Fast forward to now , I stopped horading and believing in luck and collecting and terming things as lucky unlucky. ",indiaspeaks,1489511200,2017-03,"Personal anecdote about coins and kundli, no offensive content.",0,0,0,0,0,0,0
dex6map,"These sort of 'just so' analyses don't make much sense. While it is true that Modi/Shah make an excellent tactical electoral team, the truth is that they lost badly in Punjab and Goa, and were on track to lose Uttarkhand till they wholesale imported viable ex-Congress leaders. It's always hard to know what voters thought - some of it was old-fashioned playing on the 'Muslim fear' card, while some of it was downplaying the Ram temple on the other side, while some of it was Muslim women voting for elimination of triple talaq. Bottom line - we have no way of knowing if any of this was the prime cause of victory. They did all this and still lost Bihar.",india,1489511448,2017-03,"Political analysis of elections, no hate speech.",0,0,0,0,0,0,0
dex6mk1,Allahu akbar my friend. Glad to see more Islamists gaining grounds on this kaafir sub. Insha Allah we will rule this sub one day and these Modicocksuckers will embrace the power of Allah. ,bakchodi,1489511456,2017-03,"Religious slur 'kaafir' and profanity, targeting non-Muslims.",1,1,1,0,1,0,0
dex6utz,Do you have a minute to talk about the beautiful and peaceful religion of ours? The Islam. Hopefully you will finally get bored of the chutiya life you are living right now and become a Muslim. Chutiyapa is haran so automatically you have to leave that or I will personally assure that you are beheaded. Allahu Akbar.,bakchodi,1489511707,2017-03,"Profanity and religious slur, threatening beheading, targeting non-Muslims.",1,1,1,0,1,0,0
dex72w0,"Do you have a minute to talk about the great and peaceful religion of ours , the glorious Islam ?",bakchodi,1489511955,2017-03,"Religious proselytizing, no offensive content.",0,0,0,0,0,0,0
dex7i7w,"I have all life to talk about Islam chutiyapa, will never get bored of these chutiyaas.",bakchodi,1489512420,2017-03,Profanity directed at Islam and Muslims.,1,1,1,0,1,0,0
dex7rhn,Good. Just contact your nearest Hindoo to Katua conversion centre or logon to www.iwanttobekatua.com . For more information just reply to this comment and embrace the power and blessings of Allah. Piss be upon you.,bakchodi,1489512701,2017-03,"Religious slur 'Katua' and profanity, mocking conversion.",1,1,1,0,1,0,0
dex7vtl,"I don't think so. My sister received a laptop and while we are Muslims, each of her friend above a certain criteria received one.",india,1489512835,2017-03,"Neutral discussion about laptop distribution, no offensive content.",0,0,0,0,0,0,0
dex8fqw,"no, GTFO you deluded mullah",bakchodi,1489513442,2017-03,Profanity and religious slur 'mullah' directed at a person.,1,1,1,0,1,0,0
dex8p1x,That's not a very nice way to talk to your elders beta-jaani. It's all right. We will teach you all the manners and nuances a good Muslim must have. Join the beautiful and peaceful religion of ours and embrace the power and blessings of Allah. Piss be upon you. ,bakchodi,1489513724,2017-03,"Sarcastic religious proselytizing, no profanity or direct hate.",0,0,0,0,0,0,0
dex8w01,It's quite pathetic how you're trying desperately to reconcile your South Indian minority identity with fascist Hindutva ideology by circle-jerkily trying to bring up a common perceived enemy  (Muslims) with North Indian Hindus. Hopefully your rights will be the first to go in a majoritarian Hindutva-infused government.,bakchodi,1489513936,2017-03,"Political criticism of identity politics, no profanity or hate speech.",0,0,0,0,0,0,0
dexbqtb,"These arguments are facetious. Of course not. However, representation is important in democracy. This is why you have reserved seats for Scheduled Castes and Tribes, and various political fronts organised around caste or regional identities and how even national parties tread carefully on these matters. The very fact that some people can't tolerate muslims exercising their right to vote for a party of choice, by making it a case of one group holding the country to ransom is testament to this. But, anyways now that there will be no more appeasement, parties like BJP and their supporters should just leave us and stop with condescension.",india,1489517112,2017-03,"Political discussion on representation, no offensive content.",0,0,0,0,0,0,0
dexce3k,"The Brahmin mafia in media is back to create the hype in media 

Modiji killed thousands of muslims for voting for Congress ",india,1489517825,2017-03,"Accusation of media bias and violence against Muslims, no profanity.",0,0,1,0,1,0,0
dexct6i,"&gt;you're trying desperately to reconcile your South Indian minority identity with fascist Hindutva ideology

That's just your dumb opinion. 



&gt; ideology by circle-jerkily trying to bring up a common perceived enemy (Muslims) **with** North Indian Hindus.

Do you lack comprehension skills, faggot? I was criticizing North Indians for celebrating holi with Katuas. Katuas were not the common enemy in that context.


&gt;Hopefully your rights will be the first to go in a majoritarian Hindutva-infused government.

No, katuas like you will be the first one to go in a majoritarian Hindutva-infused government.",bakchodi,1489518286,2017-03,"Profanity and homophobic slur 'faggot', religious slur 'Katua', personal attack.",1,1,1,0,1,0,1
dexdagj,"Why are you so angry beta-jaani? Embrace Allah and all your rage will vanish once you join the beautiful and peaceful religion of ours. Yes , I love butt-stuff but now it's time I sacrifice that fun for the sake of Allah. ",bakchodi,1489518822,2017-03,"Sarcastic religious proselytizing, no profanity or direct hate.",0,0,0,0,0,0,0
dexe01o,But EVMs are tampered since Muslims voted for BJP.,india,1489519620,2017-03,"Political claim about EVM tampering, no offensive content.",0,0,0,0,0,0,0
dexev18,ISLAM planes into buildings,bakchodi,1489520584,2017-03,Religious slur and violent imagery against Muslims.,0,1,1,0,1,0,0
dexf2jq,"
&gt;*Katua kabristan chala denge*


Katua = Muslim, kabristan = graveyard of Muslims. 

The sentence doesn't make any sense, BTW.



&gt;beech main vardi kha se aayi 

""How did the uniform (most likely police uniform) come in between?""

",bakchodi,1489520820,2017-03,"Quoting and explaining a threat, no endorsement.",0,0,0,0,0,0,0
dp4p0dq,They'd have to be careful how they do that. A Harit Pradesh scenario would lead to another state with a large Muslim minority. Right wing people won't ever accept that.,india,1509424637,2017-10,"Speculative political commentary about a hypothetical state, no direct attack.",0,0,0,0,0,0,0
dp4p335,"No trial. ~~No charges.~~ No jail time. No investigation. No court proceedings. Just an order from the CM that you are corrupt and hence you must retire.

Great. Reminds me of the court of Bhalladeva.

Edit: Charges are there, other things are missing.",india,1509424760,2017-10,"Criticism of a political decision, no personal attack or profanity.",0,0,0,0,0,0,0
dp4pdbd,"&gt; I am sure UPA 3 will be in power in 2019.

It won't. Almost every independent institutions have been compromised. EC is more biased than ever. Media is in the lap of Modi. SC judges are giving stupid verdicts. The relentless communal campaign by RSS and occasional venomous speeches by BJP leaders made sure the whole country remains divided over mythical glory of some mythical characters. Getting state protection for lynching Muslims has made the jobless youth feel invincible and given them a sense of purpose. They no longer ask for jobs, for better infrastructure.  

I mean come on, the signs are all there. Every photo op, every communal speech, every disastrous administrative decision since 2014 were to make sure 2019 becomes a cake-walk again. ",india,1509425225,2017-10,"Political commentary criticizing government and institutions, no personal attack.",0,0,0,0,0,0,0
dp4pquj,"&gt;Was Rajendra Chola innocent? Was Harihara innocent?

I don't know. You tell me. Was Raja Rajendra comparable? You've read the eminent historians who compare temple statue heists by Hindu kings with complete demolitions of temples by Mughals. You tell me, are they comparable, even on the same scale?

You've read about conversion of SEA to Hinduism. Was it enforced by mass murders?

&gt;Their version of Islam would make any Wahabbi or Deobandian throw an absolute fit.

I thought we agreed we are only talking in terms of levels of bigotry, not ""if"" anymore but ""how much"".

And yes, Islam today in some places is worse than, say, Akbar. I am pretty sure even Alamgir would fall short of ISIS levels of rapaciousness.

&gt;&gt;We can allow Shias to demolish their tombs

&gt;Disagree. History is history. We aren't taliban level barbarians now are we?

Legally, it's their property and they have the first right to their heritage.",indiaspeaks,1509425856,2017-10,"Historical discussion with critical views on Islam, but no direct attack on individuals or groups.",0,0,0,0,0,0,0
dp4ps3w,"Agreed, most average people are going to be friendly and willing to help if you're polite to them. It's usually some shady shopkeepers, hotel management and autowallahs who end up ruining tourist experiences.",india,1509425915,2017-10,"General observation about tourist experiences, no attack.",0,0,0,0,0,0,0
dp4pyts,"Ghani also wanted Pakistan to allow Afghan trucks to take Indian goods with them. Islamabad and Pindi forced Afghan trucks to return empty handed.

https://tribune.com.pk/story/997226/via-wagah-attari-islamabad-refuses-kabul-trucks-access-to-delhi/",india,1509426243,2017-10,"Factual statement about political events, no attack.",0,0,0,0,0,0,0
dp4r0pl,Seems like you are triggered by small things in life. Your pointing to Subru does not mean a thing to me. I feel i am talking to a wall. You can accuse me of anything without knowing me but remember calling people names does not prove your point. I just pointed out the fallacy of equating both of them. This will be my last post in this thread. Have a good day sir.,india,1509428277,2017-10,"Personal disagreement, no profanity or identity-based attack.",0,0,0,0,0,0,0
dp4t21j,"The last Hindu king of Bengal mentioned in the article Raja Ganesha had a sad ending. His son Jadu after becoming king was enticed by daughter of Muslim ruler of neighbouring sultanate. But for the marriage he acceded to their demands for conversion and became Jadu Jalalluddin. Then to prove his faith, he started a temple destroying campaign. By the time he was finished he had destroyed almost all of temples of Modern day Bihar, Bengal/Bangladesh and Northern Odissa. From then on he was known as Kalapahad. There was another Kalapahad from the sultani era who also did temple destruction and conversion campaign.",indiaspeaks,1509433159,2017-10,"Historical narrative about temple destruction, no direct attack on current groups.",0,0,0,0,0,0,0
dp4tgo8,"True, but you didn't carefully read the article nor the title. ""Estimated 100, **Many from Kerala**"", 100 from all over India, for the country with the second largest population of the world, almost 18%, this is practically nothing, much more than that have came from Europe for example, if I remember the numbers correctly.

I disagree with this, regarding ISIS specifically, people going to Madrasas is very important *(Again, it means school, in general, but in India it's used for an Islamic religious school)*, children would learn their religion properly, they would know that actions of the likes of isis go bluntly against Islamic teachings, when they grow up it will be much harder for anyone to ""recruit"" them.    
Besides, as far as I know, most people go to Madrasas after normal school.

**Edit:** Many from Kerala, not most.",india,1509434288,2017-10,"Discussion about radicalization and madrasas, no attack.",0,0,0,0,0,0,0
dp4tx8r,What exactly is the wakf board?  it seems that the property belonging to the muslims who went to pakistan is put in trust with them.  or is it something else?,indiaspeaks,1509435592,2017-10,"Question about wakf board, neutral.",0,0,0,0,0,0,0
dp4u1y9,"It seems all the people who are writing that muslim population has increased in india far in excess of population of other religions are being deleted by the mods.

i restrict my participation on reddit to basically the_donald and indianews.  because the rest of reddit is pretty pathetic.",indiaspeaks,1509435976,2017-10,"Complaint about moderation, no attack.",0,0,0,0,0,0,0
dp4u2mo,"A lot of the mainstream conservatism is also a legacy of all the Islamic invasions from the 11th century onwards. The culture that the Delhi sultanate, Tughlaqs, and then Babar brought to India was a lot more conservative than the one into which it integrated.",india,1509436029,2017-10,"Historical commentary on cultural influence, no attack.",0,0,0,0,0,0,0
dp4ue3d,"I don't which redittor it was, but he put it beautifully 
we live in a ""Market society""
i.e we do not live like ""hindus"",""Muslims"" etc, we live like ""market consumers"" we do what the market demands,popular culture, media, movies, corporates have all demnded that halloween=kewl so we celabrate halloween now..

why is it That Indians are going in hordes to Temples on Christian new year, and celebrating New year? Because ""new year"" was made cool by relentless marketing so no one even asks this question for New year.
Same with going to Mandir on your Birthday on christian calender and cutting cake for Birthday..",india,1509436956,2017-10,"Cultural commentary on consumerism, no attack.",0,0,0,0,0,0,0
dp4ur7e,"I'm not very familiar with the hindu teachings, so I can't guve an opinion about that.

I'm not sure what do you mean by ""half truth"", here's a [video](https://youtu.be/Gnh7WnbAZOs) of Dr.Zakir Naik talking about isis, basically he called them aisis, Anti-Islamic State of Iraq and Syria, and sort of states the obvious, that they do not follow the teachings of Islam (which is again, obvious, but somehow not everyone knows it)",india,1509438077,2017-10,"Discussion about religious teachings, no attack.",0,0,0,0,0,0,0
dp4uxoz,"Yeah, fuck anyone who says Muslims should be helped. Hindus FTW. /s

Indians deserve Modi.",india,1509438646,2017-10,"Sarcastic comment with profanity, but no targeted attack.",1,0,0,0,0,0,0
dp4v54z,Radicalization is a problem in Islam itself. I don't think the rates of radicalization are more in kerala in comparison to an equivalent Muslim population of that number elsewhere.  Do you have a source for this?,india,1509439305,2017-10,"Question about radicalization rates, no attack.",0,0,0,0,0,0,0
dp4vlc1,"I agree on that, we are too subdued in taking decisions over National security threats. But lets not equate things out of proportions. Naxals operational areas are mostly limited to tribal regions and differs from Islamist terrorists who operate in lonewolf or groups as suicide/fidayeen in urban to all over the National boundaries. ",indianews,1509440729,2017-10,"Discussion on national security, no attack.",0,0,0,0,0,0,0
dp4vn07,"Makes you wonder if commenting (specifically all those ""mudi kakas"" and ""chaiwallahs"" on reddit can also lead you to trouble. I am not sure what kind of policy Reddit follows when it comes to handing out information of its users to indian cops. ",india,1509440869,2017-10,"Speculation about legal consequences, no attack.",0,0,0,0,0,0,0
dp4vqas,"- Gulf countries prefered muslim workers (no longer applicable).
- Kerala has a large muslim population. 
- Kerala workers, irrespective of their religion, are hard workers anywhere in the world (except when in Kerala). 
- They are educated and intelligent too, and thus are able to earn the respect of their employees. 
- No jobs in Kerala.
- Better money working in gulf.
- Easily accessible - cheaper to travel to Gulf than to even Delhi sometimes.
- Close knit culture and sense of responsibility ensure that Mallus send money home to their family, and not waste it abroad in gulf.",india,1509441152,2017-10,"General observations about workers, no attack.",0,0,0,0,0,0,0
dp4vso9,"We have very close links with the middle east. Moreso than any other Muslim community in India. Easier to influence and recruit. I personally know several Muslims who have become rigid and extremely religious due to such influences. I would imagine someone with potential for religious insanity would become radicals in the same situation. 

On the other hand, the Muslim community in Kerala is also very different from other places and quite progressive in comparison. Otherwise, the number of radicals would have been far greater.",india,1509441356,2017-10,"Discussion about radicalization in a community, no direct attack.",0,0,0,0,0,0,0
dp4vsq3,"Your post reeks of desperation. How desperate are you exactly? And my point is why? During last 3 years of Modi government how many Muslims/Christians have been killed? Is there ongoing mass rioting being orchestrated by modi or BJP? No? Right... You listen to any global economic institution they are saying GST is the right thing to do...plus the government is quite receptive and making changes while being agile...Honestly, there has been no major scam during the last 3 years...Plus please look at rahul gandhi...ussey dekh ke samajh aa jata hai ki issey kuch samajh nahin aata...why do u want to make him the leader of 125 crore people? Plus why such hatred towards modi?",india,1509441360,2017-10,"Political debate criticizing Rahul Gandhi and defending Modi, no personal abuse or hate speech.",0,0,0,0,0,0,0
dp4wgrf,"I think even before gulf boom our HDI is better than most of the other states.implementation of land reforms and better educational institution helped Kerala to achieve its social status. 
syrian Christians,missionaries ,sree Narayana guru,ayankalli and muslim education society  helped Kerala to achieve its hdi .",india,1509443412,2017-10,"Discussion of Kerala's HDI and historical factors, no hate speech.",0,0,0,0,0,0,0
dp4whou,not only Muslims every community members went to gulf during gulf boom ,india,1509443494,2017-10,"Neutral statement about Gulf migration, no hate speech.",0,0,0,0,0,0,0
dp4wo0l,You're coming to Valhalla with me.,india,1509444016,2017-10,"Threatening statement directed at a person, no profanity or identity basis.",0,1,0,0,0,0,0
dp4wt74,"&gt;Investigators said the letter was allegedly the handiwork of a 37-year-old platinum card business-class passenger, Birju Kishore Salla, the son of H Kishore Kumar, a prominent jeweller. Salla lives with his parents, wife and two children in the tony 45-storey Shreepati Arcade, not far from Marine Drive.

--------------------------------------------

&gt;Investigators are working on two theories as to why Salla, a frequent flyer, resorted to the hijack threat: (a) that it was an act of revenge against an airline employee for not responding to his declaration of love for her; and (b) that it was aimed at the airline for having treated him poorly during flights he had taken in the recent past.

They didn't spare too many details there it seems :D

Pic has been made available for public viewing as well it seems. Lambey se gaya yeh.",india,1509444441,2017-10,"News commentary with mild sarcasm, no hate speech.",0,0,0,0,0,0,0
dp4xzl6,"The point is that the definition of India was very different back then. So it would be inaccurate to claim no emperor could rule India before the British as another poster here did. 

But you are right in that we aren't taught history well at all and it is not just more complex issues of societal evolution, but even linear narratives that we dilute.

Our history still teaches us that Prithviraj Chauhan was some kind of a hero based on a work of fiction by a poet, when most historical sources suggest he was incompetent while his brother GovindaTai was the real warrior who beat Ghori. Our history does little justice to the likes of the Cholas or the Chalukyas or the empires that ruled India from the 7th century to the Islamic invasion. We are not taught that the Marathis lost most of their battles with the Mughals while we glorify exceptions like Shivaji and Bajirao. When you allow history to be distorted or ignored thus, then yes, frauds like Oak will gain traction.",india,1509447607,2017-10,"Historical discussion, no hate speech.",0,0,0,0,0,0,0
dp4y5ru,"Damn yes, you reminded me of something i read : *""Ambedkar views on women in islam""* .  basically he said living life in a veil have a very strong impact on their mental well being and as a result they turn out to be a both corruptive &amp; oppressed element in a social structure.

Aunty-jies and Behen-jies are just mild version of that.",india,1509448023,2017-10,"Quoting Ambedkar's views on Islam and women, with derogatory terms for Muslim women, but no direct attack on individuals.",0,0,1,0,1,0,1
di1vlhm,"he is a homosexual who defends muslim katuas

",bakchodi,1495761013,2017-05,"Personal attack on a person's sexuality and use of slur 'katuas' for Muslims, targeting both individual and group.",0,1,1,0,1,0,0
di1vt81,They know very well. People like winners and Islam is winning. Fact.,indiaspeaks,1495761309,2017-05,"Statement about Islam winning, no direct hate speech.",0,0,0,0,0,0,0
di1x6mp,"Thoovanathumbikal
Paithrukam
Njan Gandharvan
Innale
Kallan Pavithran
Arapatta kettiya gramathil
Yavanika
Kottayam Kunjachan
Sangham
Kilukam
Chithram
Perumthachan
In Hariharnagar
Vietnam Colony
Ramji Rao speaking
Manichithrathazhu
",kerala,1495763122,2017-05,"List of Malayalam movie titles, no hate speech.",0,0,0,0,0,0,0
di1xior,"Thing is. Extremist sunnis don't consider shias, secular, liberal Muslims as Muslims. To them if you vote (meaning you put man-made laws above Sharia) you're kaffir. ",bakchodi,1495763575,2017-05,"Discussion of extremist Sunni views, no hate speech.",0,0,0,0,0,0,0
di1xwx7,"&gt; memes you fuckwit

Wow so polite. Typical of a learned man.

&gt;In essence it isn't about Protestantism, or Christianity, or Liberalism, it is the inherent, and absolute drive for Greed, Narcisism, and Ego, 

What else is Christianity/Islam/Judaism if not a freedom to indulge in these vices?  Read Tacituses description of Judaism ... the few paragraphs he wrote in *Histories* are pretty illuminating.

&gt;in perhaps poor genetics

That is what I have been thinking about. The European genes are incapable of civilization. ",indiaspeaks,1495764104,2017-05,"Insult 'fuckwit' directed at a person, plus derogatory comments about religions and genetics, but no specific identity group targeted.",1,1,0,0,0,0,0
di1zfqr,"The names of everyone involved in the case are really interesting..

&gt;
On Sunday night, Hima Bindu had allegedly called Illyas and asked him to meet her at one of their mutual friends, Mullah Arjun’s house.

&gt;Hima Bindu contacted her father Yakub, who took her to a hospital in Kannavaritota. 

Is it common in Andhra for muslims to use ""Hindu-sounding"" names?     ",india,1495766044,2017-05,"Questioning Muslim names, implying suspicion, but not overtly hateful.",0,0,0,0,0,0,0
di1zljy,"&gt;  Extremist sunnis

Fam it's a food chain every muslim feeds on kaffirs and then there is a hierarchy with wahabbis at the top ",bakchodi,1495766253,2017-05,Dehumanizing Muslims as a group with 'food chain' metaphor and slur 'kaffirs'.,0,0,1,0,1,0,0
di219la,"It's more rude to presume. You should have phrased your assertions more respectfully. 

Whether it be Christianity, or Islam the reason for the decline, and decay are the characteristic listed above, which invariably are genetic factors, but can also be attributed to a general cultural momentum. 

The separation between culture, and genetics is difficult to delineate as they tend to work in a feedback loop. That is genetics can influence culture and sway culture towards a certain direction, but also a culture can sway genetics towards another direction. 

However I think the interesting bit with Liberalism is that their greed, ego, nihilism, debauchery, hedonism, etc. are all being exposed and laid out in the open. They are blatant about this now, and actively cultivate those ""dUrpRAvrItIs"". In fact considering the society they invariably worship this. Such a society is not sustainable.",indiaspeaks,1495768469,2017-05,"Discussion of religion and genetics, no direct hate speech.",0,0,0,0,0,0,0
di21wr4,"lol you're a 'liberal'?  
you're against free speech and pro-islam...   
since when is that part of liberal sphere? ",india,1495769377,2017-05,"Political argument, no hate speech.",0,0,0,0,0,0,0
djqim41,"Do you think the book about Aurangzeb says ""Aurangzeb was a morally upright person and never killed anyone as opposed to other rulers at the time who were wicked and evil!""

Because it doesn't. It just tries to paint his actions in line with the other rulers at the time and the state of the empire he inherited, which gives a lot of understanding as to why he implemented many austerity measures, was paranoid about ""squashing resistance"" and embraced ""Islamic"" rules (hint hint: It's because his empire was dying).

Historians are not there to grade people as ""evil"" and ""good"". They are there to provide understanding of a time and place based on sources from that time and place or describing that time and place. And somehow it's wrong to do that about Aurangzeb? He was a ruler, he mattered in history.",india,1499111606,2017-07,"Historical discussion about Aurangzeb, no hate speech.",0,0,0,0,0,0,0
djqipom,"This was during post partition riots. Hindus/sikhs faced ethnic cleansing in west Punjab/nwfp. Muslims in east Punjab/jammu faced a similar fate. 

Why are you bringing up 1947 partition violence to make an equivalence to Kp genocide 4 decades later. If you want to discuss 1947, that is a separate discussion. A mere glance at the demographics pre/post 1947 in india/pak/bd will tell you which group faced more violence and migration. ",india,1499111722,2017-07,"Discussion of partition violence, no hate speech.",0,0,0,0,0,0,0
djqjd6p,Where are the lynched Muslims for accuracy? I can only rate 5/7.,india,1499112509,2017-07,"Sarcastic comment about lynched Muslims, implying they deserve it, but no direct hate speech.",0,0,0,0,0,0,0
djqjrxk,It is amazing how a guy from Karnataka is commenting about the situation in Cow belt and how we Hindus who have lived there whole life in Cow belt have hatred for Muslims. Its amazing that how idiots like these will start crying when a strong BJP imposes Hindi down their throats. Its amazing when I see these closet Hindu Fascists have boners when BJP and its fringe elements violate the constitution in so called Cow belt and then the boner dies as soon as the same BJP enforces Hindi down their throat.,india,1499113006,2017-07,"Political commentary with insults 'idiots' and 'closet Hindu Fascists', but no identity-based hate speech.",0,1,0,0,0,0,0
djqkupt,"Western = Evil but then Muslims are backwards because they are not Western enough.

Bhakts will say that [ashleel ladkiyaan should not wear small clothes](http://www.huffingtonpost.in/2014/12/25/girls-rape-clothes_n_6379138.html) but Muslim women wear modest clothes and they are [""being caged""](http://news.rediff.com/commentary/2017/jan/20/women-in-hijab-are-beautiful-and-free-dangal-actor-to-bjp-leader/bef62e5328c1bb7c53febcf0ef34393b).

So which is it? Is West evil and immodest? Or is modesty evil and caging the women? Why have they not made their minds up on this?",india,1499114322,2017-07,"Criticism of Hindu nationalists' contradictory views on women's clothing, no personal attack or hate speech.",0,0,0,0,0,0,0
djqnhhl,"&gt; It's shameful that some idiots bring up 1947 mutual violence in the discussion of KP genocide of 1989. 

But it's not shameful since the objective in both was the same, ethnic cleansing for the ethnic character of the state.

I don't think one is better or worse than the other. I know they are separate incidents. But many people use violence against Pandits as reason to not allow Kashmir its self-determination. On that notion, can people not use violence against Muslims by the ruling gov't of Kashmir at the time as reason why those people should have self-determination (their gov't tried to kill them so it would not join Pakistan).",india,1499117620,2017-07,"Discussion of historical violence and self-determination, no hate speech.",0,0,0,0,0,0,0
djqodg6,"What I gleaned from the video :

- The economic centre of gravity is shifting to the East. India is doing good in that matter.

- A global war by and against the Islamic Caliphate is happening as we speak. Europe, for them, is a low hanging fruit that they are targetting. India is another front for the war. 

- Demonetization had some benefits : in affecting radical elements in Kashmir, human traffickers i.e. people who used cash to fund their activities. 

- Coming up with policies (GST) and laws is well and good, but it's effect should be seen in its implementation and practice. 

- India has a serious inferiority complex. It keeps its neck turned to the west, imports think-tanks and systems from the west - instead of facilitating institutes to encourage domestic talent to work for the nation. This is just a new form of colonialism. ",indiaspeaks,1499118758,2017-07,"Political commentary on global and domestic issues, no hate speech.",0,0,0,0,0,0,0
dk9phvp,Aur choso Islam aur Christians ki gand. Hinduism doesnt even preach hatred of gays but these edgy alt right edge lords are getting on my nerves. Purge these alt right white worshipping cucks,bakchodi,1500155974,2017-07,"Profanity and vulgarity directed at alt-right, but no specific target or identity-based hate.",1,0,0,0,0,0,0
dk9qvfy,Isn't this sorta the norm all over the world where Muslims and other religions co-exist? Muslims always have a very high birth rate.,kerala,1500158044,2017-07,"General statement about Muslim birth rates, no hate speech.",0,0,0,0,0,0,0
dpid1gj,"Yeah man, why should any non-Keralite care what happens in Kerala? Similarly, why should a Keralite care about what happens outside Kerala? We should just care about what happens inside our state boundaries, only to labels we identify with. Upper caste Syrian Christian Keralites should mind their own business and leave Lower Caste Muslim Keralites. And Lower Caste Muslim Keralite Communists should not worry about what Lower Caste Keralite Muslim Congress supporters are doing. NIMBY ya'll. ",indiaspeaks,1510114866,2017-11,"Sarcastic commentary on regional and caste divisions, no hate speech.",0,0,0,0,0,0,0
dpielyu,"yeah if you want to keep [muslim goondas like this one](https://timesofindia.indiatimes.com/city/meerut/gangster-whose-activities-fed-kairana-exodus-charge-nabbed/articleshow/58086157.cms) unchecked, akhilesh was your guy. ",india,1510117120,2017-11,"Political criticism using 'goondas' (thugs) but not a slur, no hate speech.",0,0,0,0,0,0,0
dpifldj,whatever is posted is good enuf for our msm; better content than arguing whether biryani is hindu or muslim deifnitely,india,1510118658,2017-11,"Comment on media content, no hate speech.",0,0,0,0,0,0,0
dpifmgi,"Well, we'll still be living as Hindus in 20 years, not converted to Islam or gassed by Christcucks so I'll say I feel pretty nice. ",bakchodi,1510118703,2017-11,Religious identity statement with derogatory term 'Christcucks' but no direct target or hate speech.,0,0,0,0,0,0,0
dpihbze,Yeah that's what surprised me too. Really looking forward to the views of Biharis and Muslims on this.,india,1510121679,2017-11,"Mention of Biharis and Muslims in neutral context, no hate speech.",0,0,0,0,0,0,0
dpijecv,"itna hago, itna hago 

ki khuda khud pooche 

beta itna haga kyon hai ",bakchodi,1510126053,2017-11,"Vulgar metaphor about defecation, no target or hate speech.",1,0,0,0,0,0,0
dpildbp, The collapse of the Islamic empire of Dinosaurs was indeed due to demonetization. It is written in Vedas.,india,1510130989,2017-11,"Satirical comment on Islamic empire and demonetization, no hate speech.",0,0,0,0,0,0,0
dcx2jfo,"Are tum logon ko to dusre musalmano ne cuck bana ke rakha hai. Tumhari media aur political parties hamare kadam choomti hain.  
Aur Pak ki baat mat karna. Chutiya desh chutiya hi rahega.",bakchodi,1485401524,2017-01,"Profanity and derogatory term for Pakistan, but no specific target or identity-based hate.",1,0,0,0,0,0,0
dcx4tzx,"&gt;Hav Hangpan Dada was born in village Borduria , near Khonsa in district Tirap of Arunachal Pradesh .Hav Dada was from Assam Regiment . He was always known as a soft spoken,God fearing gentleman with resolute will, daring courage and sharp soldierly skills to his friends.Driven by his deep calling for adventure and challenging operational life ,he volunteered to serve in Rashtriya Rifles. While deployed in High Altitude Area on a post, he while in a hand to hand combat with total disregard to personal safety , singlehandedly eliminated three terrorists and laid down his life in the highest traditions of Indian Army. For his conspicuous act of bravery and raw courage ,he was awarded with ASHOK CHAKRA (POSTHUMOUS). ""The Warriors Spirit"" is a movie dedicated to ""National Hero in Life and Death"" - Hav Hangpan Dada Ashok Chakra of Assam Regiment.

Dada got Ashok Chakra today (posthumously) . Highest gallantry award during peace time ",india,1485404749,2017-01,"Tribute to a soldier, no hate speech.",0,0,0,0,0,0,0
dcx73p7,"&gt;Well there are so many deities, sects and subsects in Hinduism it is impossible for a single set of rules to apply for all.

Yes but sampradayas always existed. Every lineage came with some sort of tradition and dos and don'ts.


&gt;&gt; It is anyway slowly turning into a dead religion.

&gt;Why do you think so? I really hope that is not the case. 

Believe it or not but secularization has been very detrimental. There isn't a lot of scope for scholars anymore, existing ""leaders"" have been stopped to be taken seriously, Temples are not autonomous, threat from Islam and Christianity has given rise to Hindutva, the traditional Hindu structure (no not the caste) has been broken, increasing materialism and hedonism don't help as well, and so many other things.

",indiaspeaks,1485408276,2017-01,"Discussion on religion and secularization, no hate speech.",0,0,0,0,0,0,0
dcx9ah1,"&gt; Be a part of aryakurta

&gt;Get confused and convert to islam.

&gt;Pick fight with those who didn't convert to pisslam.

&gt;kill each other in ~~100s of 1000s~~ millions.

&gt;call others stupid for peaceful protests.


Fucking amith fags.",bakchodi,1485412252,2017-01,"Profanity and derogatory term 'fags' directed at a group, but no clear identity target.",1,0,0,0,0,0,0
dcx9nrg,"Once again infrastructure failure will put a quick stop to all this hard work. Hydrogen autos need a dedicated refilling stations with way higher standard of safety than CNG. On one hand it's good to see an Indian company working on these technologies, but they've been proven uneconomical again and again. Look for Ballard's effort in British Columbia as another example.
And another crux would be hydrogen production and compression which in turn will be done with carbon based energy sources, so the net carbon emission saving isn't that lucrative, especially in Indian economy.
I'd rather put my money on decentralised electric grids and electric vehicles. Don't hate me for what I wrote...When comes to energy/green energy I'm as unbiased as thermodynamics ;)",india,1485413004,2017-01,"Technical discussion on hydrogen vehicles, no hate speech.",0,0,0,0,0,0,0
dcxayal,"&gt; all of you guys eat biryani

You should've started singing *Biryani biryani biryaniii... allah ko pyaari hai biryani*.",india,1485415951,2017-01,"Humorous song reference, no hate speech.",0,0,0,0,0,0,0
dcxbx6s,"&gt;They don't like halal, they prefer jhatka so they say they are veg and avoid it.

Their disliking of halal is purely because of Muslim angle or their is any other aspect to it? Taste wise there is no difference between two.",india,1485418415,2017-01,"Discussion on halal and jhatka, no hate speech.",0,0,0,0,0,0,0
dcxcjk1,"Why should Islamists have all the fun?

Fucking TTP are so incompetent, *bc itna US aid leke bhi humaare yahan ke jungle mein rehne waale Naxalwadi tumse zyada lethal hain.*",indianews,1485420131,2017-01,"Profanity and criticism of TTP, but no specific target or identity-based hate.",1,0,0,0,0,0,0
diibfee,Pakis are like the cheap mules of Islamic world. Whenever you need to build anything you purchase cheap mules to carry shit to the construction site. Just like that whenever Arabs need to do a terrorist attack they go to a paki area of UK to purchase them which is why you never see a Paki carrying out an attack on a western country by themselves &amp; almost always have Arab handlers. Pakis lack the money &amp; brainpower required to do shit by themselves.,bakchodi,1496706143,2017-06,"Dehumanizing and hateful stereotyping of Pakistanis and Muslims, with profanity.",1,0,1,0,1,1,0
diifsmd,"*“We are scared of this Hindu government,” said his wife, Rehana Khatoun. “The meat business is predominantly run by Muslims. What does this step mean? That they want to drive us out. To render us jobless, or drive us out.”*

What is this? Is it not possible, they simply are biased against modi government, because he is a practising hindu?",indianews,1496711618,2017-06,"Questioning the motives of a Muslim family's fear, but not attacking them directly.",0,0,0,0,0,0,0
dhukrtj,"Did you do your research?  
  
Right now as we speak, the Muslim mob is stone pelting and breaking police stations and beating up police personnel. There is a curfew in four areas. Why do you think that is? 
  
There was already an anti Muslim sentiment in the area, morons just got a chance to act on it.",india,1495381205,2017-05,"Discussion of Muslim mob violence, but not endorsing hate; critical of both sides.",0,0,0,0,0,0,0
dhul4ou,"Was in Delhi today. Met up with a friend and morning mein went to Daryaganj sunday book market. Got some nice books including Truman Capote's *Breakfast at Tiffany's* for rs 10 and Herman Wouk's *War and Remembrance* for rs 30. 

Went to Jama Masjid for a while and then went to Karim's for nihari. It was my first time today there and I found the servers to be quite rude. Then a Muslim family came there and the girl was so beautiful, I truly understood the expression 'rosy cheeked' today. 

Then went to Wenger's, CP where I ate an entire dark truffle cake, Agarwal stepwell and Khan market. Were stranded for a while at Khan Market metro station due to the freak rainstorm. Went back to CP and lounged for a while there. 

Thanks for reading. 

",indiaspeaks,1495381674,2017-05,"Personal travelogue with positive and neutral observations, no hate.",0,0,0,0,0,0,0
dhuljoy,"&gt;While Uttam produced his Aadhar Card, the three others had left them at home.   
  
   
&gt;A fourth member of the group, Uttam Verma, the elder brother of Gautam and Vikas, suffered injuries in the attack, police said.  
   
  
Uttam was attacked too, despite the fact that he showed Aadhar card. How does this indicate that Muslims were targeted specifically?",india,1495382218,2017-05,"Skeptical questioning of a news report, no hate speech.",0,0,0,0,0,0,0
dhulmkx,"AMU

Locks industry

Hindu - Muslim riots",india,1495382322,2017-05,"Headline-like statement about riots, no explicit hate.",0,0,0,0,0,0,0
dhuluoi,"&gt;While Uttam produced his Aadhar Card, the three others had left them at home.   

   
&gt;A fourth member of the group, Uttam Verma, the elder brother of Gautam and Vikas, suffered injuries in the attack, police said.  
   
  
Uttam was attacked too, despite the fact that he showed Aadhar card.  
How does this indicate that ID cards were asked to confirm if the person was Hindu or Muslim? 
",india,1495382622,2017-05,"Skeptical questioning of a news report, no hate speech.",0,0,0,0,0,0,0
dhulyu5,why? How are they different from islamic terrorists? Both kill in the name of religion.,india,1495382780,2017-05,"Rhetorical question comparing groups, but not directly attacking a specific group.",0,0,0,0,0,0,0
dhum4ae,"He's getting triggered by the fact that his Hindu supremacism is called out. In his mind only muslims can be terrorists.
",india,1495382986,2017-05,"Criticism of a user's viewpoint, no hate speech.",0,0,0,0,0,0,0
dhumevk,"Hang on in there mate. What you did with the autowallah was absolutely right. You did the right thing. He threw money at your face, a day will come when he begs for the same money to feed himself. Always stand up for yourself, and let parents do their job of being a pain in the ass. I can tell you that I became successful because they were a pain in my ass. Today I thank them for it. You will slowly learn the ropes yourself. You are now at an age where its the outcome of the survival of the fittest. And no matter what, you have to tough it out, in your own way. Remember that when you fight for yourself today, you are setting the stage for your victories years, decades on. So put up a good fight, read books to stop that devil overthinking stuff in your mind. You'll turn out right.",india,1495383398,2017-05,"Encouraging and supportive message, no hate.",0,0,0,0,0,0,0
dhumhm2,"It actually did, look at numbers 

Indian + Pakistan + Bangladesh Muslim population = 520 million over 35% Total population 

% of Muslims in Indian National Army in 1947: 70% 

% of Muslim majorty state that have shred of Democracy anywhere in the world: :0% 

% of Muslim men who want to impose Sharia Law: 80% 

If we only learned one thing from British, it should be Divide and Conquer 

It would have been better if Ghandi hadn't prevented the Muslim Exodus",bakchodi,1495383500,2017-05,"Statistics and opinions about Muslim populations, but not directly attacking individuals.",0,0,0,0,0,0,0
dhumn4q,"&gt; National Herald is owned by a Kashmiri Pandit family which is mostly engaged in social work. So it is fine of course.

FTFY

Kashmiri Pandit = Jawahar Lal Nehru.

family = Gandhi Dynasty.
",india,1495383709,2017-05,"Political commentary on a family, no hate speech.",0,0,0,0,0,0,0
dhuni6j,"Damn, This is no better then what Isis is doing. India seriously need better education , so that these idiots can be taught religious tolerance. 

We are India. Not some fundamental state. Muslims r more then welcome here. We are Indians. ",india,1495384903,2017-05,"Criticism of ISIS and call for tolerance, no hate speech.",0,0,0,0,0,0,0
dhunq1r,arrey the kashmiri pandit he is talking about is JL Nehru,india,1495385206,2017-05,"Factual correction, no hate.",0,0,0,0,0,0,0
dhunvia,"&gt; How are they different from terrorists?

In the minds of Hindu supremacists, only muslims can be. Hence the massive butthurt/triggering when you people use that terminology in this context as well. ",india,1495385415,2017-05,"Criticism of a user's viewpoint, no hate speech.",0,0,0,0,0,0,0
dhunx1z,"I am a part of the system. Even office bearers of AAP accept this situation off the record. 

R/india doesn't know the ground reality. I have spent most of my life in up. Most of us knew it was going to bjp who would win 3 years before elections in up. The situation had become horrible even then.  The change is perceptible. Yogi is a religious bigot but he brought the change which none of the secular crowd could. Even some of my muslim friends voted for bjp. Itin your circle and you would know.'s hard to explain in words. Ask any person from up ",india,1495385477,2017-05,"Political commentary, no hate speech.",0,0,0,0,0,0,0
dhuo3gu,They were asked for ID cards yes. But whether it was done to check if their names were Hindu is your interpretation. I don't understand what being Hindu or Muslim has to do with child kidnapping.,india,1495385723,2017-05,"Skeptical questioning, no hate speech.",0,0,0,0,0,0,0
dhupk76,"&gt;But whether it was done to check if their names were Hindu is your interpretation

Its not my interpretation but how these lynching mobs have been going about earlier too! Feel free to google and know the facts.


&gt;I don't understand what being Hindu or Muslim has to do with child kidnapping.

Its surprising how easy it is to fool the gullible people by claiming it was 'child kidnapping' or 'cow slaughter' or 'beef meat'. How about we wait before pronouncing judgement that they were child kidnappers? Even if they were child kidnappers, lynching them is not the solution- catching them alive will expose their ring. 

Even police were mute spectators - the whole situation just reeks of communal violence.",india,1495387718,2017-05,"Discussion of communal violence, no hate speech.",0,0,0,0,0,0,0
dhurbu7,"Shut the fuck up, coming from a Sikh. We can't even take care of fucking Punjab yet you want a Khalistan? Most Khalistanis are babas sitting in Canada and have no intention of ever returning to Punjab or helping the people there. Tired of this shit. 2 of the Takhts aren't even in Punjab, one is in Bihar. Why don't you Khalistanis ever try to make a Khalistan in West Punjab? That's right, because you guys know the Muslims will butcher you. Cowards!",bakchodi,1495390112,2017-05,"Profanity and personal attack on Sikhs, but not based on identity.",1,1,0,0,0,0,0
dhus30b,"The hatred for Muslims is nurtured by the sangh parivar. They are chiefly responsible for it and with them in power, it only becomes worse. ",india,1495391120,2017-05,"Criticism of an organization, no hate speech.",0,0,0,0,0,0,0
dhut05t,"At least you had the courage to write this, which is more than many have.**Join a gym**, it will probably not change your life but give you enough self confidence to go through it.Talk to a therapist.Try not giving a fuck.So what you gave some extra bucks to a random autowalla?Most of us do.It is the law of the jungle.Most of the social interactions that makes you feel weak are nothing when you look at the bigger picture.",india,1495392380,2017-05,"Encouraging self-improvement and therapy, no profanity or abuse.",0,0,0,0,0,0,0
dhut5t2,"wait what?   
muslims are connected by singular doctrine.  
it's not that far fetched to think that muslims can be painted by same brush.  
for example, ALL muslims accept the supremacy and authority of the koran which is to what /u/atheist_observer_ was referring.  

what's shameless? 
",india,1495392596,2017-05,"Discussion about Muslim doctrine, no personal attack or hate speech.",0,0,0,0,0,0,0
dhutiuq,"[It says 3 hindus.](http://www.hindustantimes.com/india-news/jharkhand-tribals-lynch-seven-in-a-day-over-child-abduction-rumours/story-m32UPMYlAMI5x1BbvHEZGI.html)

&gt; The seven people lynched on Thursday included four Muslims and three Hindus from neighbouring non-tribal villages and urban areas.",india,1495393084,2017-05,"Factual reporting of lynching victims, no hate speech.",0,0,0,0,0,0,0
dhutu3b,"Do you have any idea how many different kinds of muslims there are? That way all Hindus and Christians etc are also connected by their respective religious doctrines. Just because some Hindus go around beating and lynching people, i am not going to generalise. How do you then reconcile a sunni salafist Saudi and a secular turk or serb or bosnian?

And no, painting a billion plus people with the same brush in a negative light is the very definition of xenophobia.",india,1495393501,2017-05,"Criticizing generalization, no hate speech.",0,0,0,0,0,0,0
dhuuaey,"If you don't have a spine, then grow one. If you can't fight, then throw your hands around unless you pick up one. Take some blows and then you will learn what to do in what scenario. 

It's not that difficult. People are not born with a spine. Whatever be the reason and age, they develop one. Take it slow, give a thought before you make a decision or take any action. Just because a random auto wallah threw some money at you doesn't mean you are wrong. Also, just because you don't want to deal with a situation, or don't know how to, you can walk away. There is no need to answer or solve each and every situation. 

Also, there are 7Bn people in the world, 1.25 Bn in our own country. Don't feel sad because of a couple of them. :)",india,1495394088,2017-05,"Encouraging self-confidence, no profanity or abuse.",0,0,0,0,0,0,0
dhuuhkr,"**Karnataka**: Stone age, where the fuck is bronze age, Dravidian people in Iron age, Boom! Chandragupta Maurya comes and dies, Satavahana forms and breaks. Kadamba, Ganga, Chalukya, then Tripartite with Rashtrakuta, then Hoysala, then Muslims come invading, generals of Warangal Nizam come down to Hoysala to help, become strong, take over TN &amp; South KA, form Vijaynagar, culture, carnatic music, portuguese trade, boom! 1565, empire broken, shitshitshit, Mysore: ""I'm here!"" Hyder ali takes over, son Tipu plays politics by killing weaker opposition off, British kill him, Wodeyars, India.  ",india,1495394344,2017-05,"Historical narrative with profanity, no personal target.",1,0,0,0,0,0,0
dhuur0c,"&gt;Doesn't it seem clear to you that he is generalizing every person who voted to for BJP as a terrorist.

No, that's not what he is saying. BJP never projected Yogi as CM candidate, Yogi never stood in the election. So, the people who voted for BJP never voted for Yogi. 

However, it was to please their fundamentalist foot soldiers, the ones who are lynching muslims and harassing young couples, that Yogi was made CM. And these people are a core votebank for BJP, and yes, they are terrorists. ",india,1495394683,2017-05,"Political commentary, no personal attack or hate speech.",0,0,0,0,0,0,0
dj12kxv,"&gt;Rape childs of Muslims raping Hindus.

Yaar I dont get this. If the woman was raped

(a) she would have been ostracized and most likely the child either would not have survived or would never have sired children

(b) she would have been taken slave, in which case the child would have been raised a Muslim.

The probability of anything else happening is very low. Ergo, the probability of current Hindus having rape ancestry is very low. It's just your insecurity that's talking.",bakchodi,1497713427,2017-06,"Discussion of historical rape, no hate speech.",0,0,0,0,0,0,0
dj14rhh,"Akbar nahi hai, gujar gaya....

allah bhi omkar hai",bakchodi,1497716501,2017-06,"Religious statement, no hate speech.",0,0,0,0,0,0,0
dj152l6,"When I found out about that it I had question too, I went to my mullah and I found out information about it. This issue has been debunked already, if that was really an argument against Islam, dont you think all the top  scholars would have left Islam a long time ago? This video goes over this in depth. https://www.youtube.com/watch?v=WP8HpPlGZuA

And I'll check out this exmuslim subreddit. Should be interesting to see what former muslims have to say about Islam",bakchodi,1497716933,2017-06,"Religious discussion, no hate speech.",0,0,0,0,0,0,0
dj15mze,Muslim is not a race. ,bakchodi,1497717711,2017-06,"Statement about Muslim identity, no hate speech.",0,0,0,0,0,0,0
dj160pg,"1. Islam is a perfect [blue-pill](http://matrix.wikia.com/wiki/Redpill) religion, once you are born in Muslim family, you eat blue-pill every day by remembering ""Islam is one true religion and Muhammad is the first prophet"" or something. nothing wrong with it, unless it doesn't affect person sitting next to you. but when Jihad comes in play, everyone who had taken red-pill would naturally want to kill Muslims.

2. I've yet to meet a true Muslim, to my personal understanding true Muslims doesn't exists, if you say you're a Muslim, my first reaction would be to assume that you're a hypocrite.

3. Nope, but from what I've heard and seen in Muslim neighborhood, it smells. I've been to worst places and slums, but it doesn't smell as bad as Muslim neighborhood.

4. Sub-humans, if they're still fighting for some fictional characters they haven't evolved yet, they might seem to be fully evolved thy might look human being from outside, but mentally they're still in stone age. 
",bakchodi,1497718228,2017-06,"Hate speech against Muslims, dehumanizing and stereotyping.",0,0,1,0,1,0,0
dj16121,"maatukaga avloo thooram protest pannom. Jallikatu nala evlo per injure aranga, irakkaranga, atha pathi evanum pesala.
Nalla varuvom",chennai,1497718241,2017-06,"Tamil comment about protest, no hate speech.",0,0,0,0,0,0,0
dj18xfv,"Islamic poetry? So when Wordsworth writes, it's Christian poetry? What about Rushdie? Naipaul? Christian, Hindu: what sort of writing do they do?",india,1497722155,2017-06,"Question about literary categorization, no hate speech.",0,0,0,0,0,0,0
dj1ae7n,Muslim bahus?,india,1497724099,2017-06,"Question about Muslim daughters-in-law, no hate speech.",0,0,0,0,0,0,0
dj1atrx,"Assalam alaikum ae rehmatllah wa  barakatah you donkey riding desert nigger abdi, you thought calling us a racist would make us introspect about our racism? U are wrong camel piss drinker. Calling anyone a racist or a sexist or a castest is a mark of respect for that person in this sub. Also all indian muslims are murtads and mushriks. Arabs spit on your face and you swollow their spit. This gives us a understanding of your aukaat. Even a black muslim has more respect than an Indian muslim so i think you know where u stand. Sheiks from middle east fuck young muslim chicks for 1 hour using this concept called travellers marriage in the hadith for small amounts of money in up and hyderabad and in other muslim majority areas. Now u know the level of respect  muslim girls have. Most muslims are ugly af just like their parents are. Also this is a circlejerk group not a goatjerk group so please gtfo of here. ",bakchodi,1497724684,2017-06,"Extreme hate speech against Muslims, with profanity and dehumanization.",1,1,1,0,1,0,0
dj1att9,"Demonetization was a good filter to separate the sycophants from your average supporters. Sadanand Dhume falls in the latter camp and Surjit Bhalla in the former. 

This whole article is whataboutism and Nehru bashing. The right wing has mastered the art of portraying itself as the eternal victim. ",india,1497724685,2017-06,"Political commentary, no hate speech.",0,0,0,0,0,0,0
ddcok6b,"HindustanTimes coming up with Buzzfeed level journalism

[Mohalla Clinics: Kofi Annan praise fine, but will Delhi govt fix these 4 issues?](http://www.hindustantimes.com/delhi/mohalla-clinics-pat-from-kofi-anan-is-fine-but-will-govt-resolve-these-four-problems/story-o9n8QNHFbfnbuTBkp0vKSP.html)",india,1486277704,2017-02,"Criticism of journalism, no hate speech.",0,0,0,0,0,0,0
ddcow00,Mohalla clinics are for basic illnesses ,india,1486278490,2017-02,"Factual statement about clinics, no hate speech.",0,0,0,0,0,0,0
ddcp0g4,"Get a hard drive enclosure for 2.5 inch drives. That'll have what you need. Samsung SSD comes with disk cloning software, just make sure you are only moving System and installation data. Backup documents - movies/music/books elsewhere first.",india,1486278803,2017-02,"Technical advice, no hate speech.",0,0,0,0,0,0,0
ddcqsoc,"Quality post, proud of you panditinder",indianews,1486283715,2017-02,"Positive comment, no profanity or abuse.",0,0,0,0,0,0,0
ddcquya,"&gt; Western debunkings dont debunk the indian situaiton

Indians have 'Dharmic bodies' which the missionaries and islam sponsored Western medicines cannot cure.^/s",india,1486283911,2017-02,"Sarcastic comment about Western medicine, no profanity or hate.",0,0,0,0,0,0,0
ddcqxt4,"Do you think Kejriwal suffers from some rare untreatable undiagonosed disorder?

https://twitter.com/ANI_news/status/828133960379035648

&gt;Delhi CM Arvind Kejriwal's sugar level presently high,he will visit Bengaluru for treatment on Feb 7 &amp; will return to Delhi after 10-12 days  
&gt;     12:21 PM - 5 Feb 2017 from New Delhi, India 

If the mohalla clinics cannot treat something as simple as that. They are useless. ",india,1486284147,2017-02,"Criticism of Kejriwal's health and mohalla clinics, no profanity or hate.",0,0,0,0,0,0,0
ddcrkuv,Bullshit. Indian muslims are radicalized than ever before. And wtf was the Indian Mujahideen?,indiaspeaks,1486286204,2017-02,"Profanity 'Bullshit' and 'wtf', but no targeted abuse or hate speech.",1,0,0,0,0,0,0
ddcrye1,"Massacres under the Delhi Sultanate and other Muslim leaders aren't even mentioned for fear of 'inflaming communal tensions', you really think wars with Pakistan will be mentioned?         
            
There's also other problems with that. How do you portray the war? From a neutral POV, or from an Indian POV? The wars we have fought are so mired in propaganda from both sides, that even the number of *jets* each side lost are hotly debated and the difference between either side's claims of infantry casualties usually go beyond the 1,000 mark. There aren't enough declassified documents to assign guilt, and politics will be determining what is taught. I'd rather that the ones who are interested read it on the internet, rather than reading our own propaganda. We don't need idiots believing the same 'One Indian soldier=10 Pakistani soldiers"" BS Pakistanis believe.              ",india,1486287431,2017-02,"Discussion of history and propaganda, no profanity or hate.",0,0,0,0,0,0,0
ddcs23j,"You're absolutely right. And many people know this. But it's just that the Mohalla clinics have been working efficiently, unlike the primary and secondary health care system which has been highly underperforming for some reason or the other.",india,1486287775,2017-02,"Neutral comment about mohalla clinics, no profanity or hate.",0,0,0,0,0,0,0
ddcsbsl,"When I was a kid, My parents had to give up their jobs and flee from Bangladesh because of anti-Hindu violence. I saw our neighbors do the same. My parents used their savings to get fake papers for me so I could go to school. I had to lie every day to my classmates and my teachers about where I am from and what my parents do. That's why I am an Islamophobe and have no qualms about it.",india,1486288687,2017-02,"Personal story about fleeing Bangladesh, expresses Islamophobia but no direct hate speech.",0,0,0,0,0,0,0
ddctbwp,"Puttur, mullahs are from neighbouring mallu land",india,1486292159,2017-02,"Uses 'mullahs' pejoratively, but no clear target or hate speech.",0,0,0,0,0,0,0
ddctpbw,and jumps right off his anitalla.,india,1486293440,2017-02,"Gibberish, no profanity or hate.",0,0,0,0,0,0,0
ddcu47w,"Bengalis also have a tradition of goat sacrifice for many pujas. Most notably Kali Puja.

The goat (usually young) is slaughtered with 1 swift strike to the neck, and that is cooked without onions or garlic (which is considered 'aamish').

This is why some old school Brahmins used to dislike eggs and chicken, but were okay with goat meat. These attitudes have almost entirely gone away though.

In the past bengal also had buffalo sacrifice - a practice that endures in Nepal and Assam. It's extremely rare now though.

Other than that, Kolkata used to be a melting pot of migrants from a variety of cultures - chinese, british, marwaris, biharis, bengalis and muslims. Each popularized their own kind of food. Street food in Bengal epitomizes this: chow mein, mutton rolls, chicken cutlets, kebabs.",india,1486294916,2017-02,"Informative comment about Bengali food and culture, no profanity or hate.",0,0,0,0,0,0,0
ddcudid,"The American hate for Iran is unreasonable. Of all the muslim countries they have kept their shit together better than the rest without any help from a superpower. I wonder why USA doesn't just bomb the fuck out of Saudi Arab for giving birth to Osama Bin Laden, take over all their oil &amp; end the real source of terrorism once &amp; for all. Instead we have never ending chaos like Iraq, Libya &amp; Syriya.

I really for a moment their thought Trump was finally going to end the years of circlejerk, &amp; destroy the whole apparatus &amp; hand over the whole middle east to Israel. What a disappointment.",indiaspeaks,1486295818,2017-02,"Profanity 'shit', 'fuck', 'circlejerk', but no targeted abuse or hate speech.",1,0,0,0,0,0,0
ddcur30,"Wait is that a fucking compliment? they fuck kids and pray to Allah and explode in shopping mall when the life has nothing more to offer,we have to occupy back till Hindu kush,fuck UN,fuck everyone the land till Afghan was ours and will be ours.",bakchodi,1486297088,2017-02,"Profanity and hate speech against Muslims, dehumanizing them.",1,1,1,0,1,0,0
ddcw62q,**[Former WHO chief Dr Gro Harlem Brundtland on Mohalla Clinics](https://www.youtube.com/watch?v=q6JiL-VVaF0)**,india,1486301180,2017-02,"Quote from WHO chief, no profanity or hate.",0,0,0,0,0,0,0
ddcw907,"As per ANI News: Delhi CM Arvind Kejriwal's sugar level presently high,he will visit Bengaluru for treatment on Feb 7 &amp; will return to Delhi after 10-12 days ( Today : Ani News

Bro few basic question for you..

1)Why is AK avoiding Delhi renowned private as well as govt. hospital and Delhi Doctors ? 

2) Mohalla clinic or Delhi Govt hospital not good enough for Arvind's treatment.. Facility and infrastructure not up to the mark ....

3)If CM does not trust his own govt medical facility, should aam aadmi trust and use that facility ?

Edit: Why people are down-voting me without answering my question ? :(",india,1486301384,2017-02,"Criticism of Kejriwal's medical treatment, no profanity or hate.",0,0,0,0,0,0,0
ddcwsdn,Are bhai aisa nahi hai ki reddit pe ban ho jaane se banda real life me mar jata hai. Hai alla...lolguard ko saare randia mods ki umar lag jaaye,indiaspeaks,1486302668,2017-02,"Profanity 'lolguard' and 'alla', but no targeted abuse or hate speech.",1,0,0,0,0,0,0
ddcxqlb,"The earlier episodes were really good i remember some nice episodes: supriyas death in goa, the confession of a muslim rafiq or soemthing naem, dr siraj jaffers case of fake medical certificate were too good.",india,1486304732,2017-02,"Discussion of TV episodes, no profanity or hate.",0,0,0,0,0,0,0
ddcxriq,"The whole point of mohalla clinics is to give quick care for out patients. That means treat patients with Minor ailments like fever, cold quickly so that main hospitals doctors can only focus on serious cases that require hospitalization. 


Who knows what condition he has? It's definitely not out patient type fever. You don't pick a hospital that way, you pick a doctor you trust and go to the hospital he is at. May be kejriwal's family doctor/trusted doctor is in Bangalore. 

",india,1486304786,2017-02,"Neutral comment about mohalla clinics, no profanity or hate.",0,0,0,0,0,0,0
dn1jc67,Inshallah. Our boys are playing well.,indiaspeaks,1505484791,2017-09,"Positive comment, no profanity or hate.",0,0,0,0,0,0,0
dn1jtvr,Muslims do commit [more crime](http://indianexpress.com/article/explained/muslims-daliots-undertrials-in-prison-ncrb-3734362/). But there's no stopping of librandu media and their twisted [reporting](http://www.dnaindia.com/india/report-hindus-least-likely-to-be-tried-detained-or-convicted-for-crime-in-india-says-ncrb-2138034). ,bakchodi,1505485353,2017-09,"Stereotyping Muslims as criminals, but no direct hate speech.",0,0,0,0,0,0,0
dn1k91o,"The khalistani anti-india/anti-hindu movement is very active in Canada and U.K and Pakistani Muslims don't waste a second jumping on that train. After all the ISI facilitated the movement in the 80's.

The Anti-India/Hindu sentiment shared by Khalistanis and Pakistanis &gt; the shared identity of discriminated Desi communities against westerners. 

In the U.K Pakistani youth males are involved in love jihad against Sikh/Hindu girls and this is a matter of great concern for affected dharmic communities. 

",bakchodi,1505485836,2017-09,"Conspiracy theory about Khalistanis and Pakistanis, no profanity or hate speech.",0,0,0,0,0,0,0
dn1kkpn,"&gt; The Gandhi family has killed more minorities than Modi and all his friends put together. Nellie and 1984.

Rajiv Gandhi is dead. So is Indira Gandhi. The people alive today are Rahul Gandhi and Sonia Gandhi. Neither of them have killed people even close to Modi and his friends.

Manmohan Singh a sikh was the prime minister of India from the INC.

Come up with this bullshit when a Muslim from BJP becomes the Prime Minister.

Modi was the main man in the 2002 riots. Making him PM is the equivalent of making Jagdish Tyler PM.


&gt;They are equally communal having sided with AIMIM, IUML and other Islamist parties.

Did these Islamist parties run the country when UPA was there? Did we have conclaves on need of all Indians to live under 'Muslim Rashtra'. There is no comparison of communalism when the BJP's main ideology itself derives from Hindu nationalism. Hindutva and Islamism are terrible ideologies. 
",india,1505486206,2017-09,"Political criticism of Gandhi family and BJP, with profanity and communal accusations but no direct personal attack or identity-based hate.",1,0,0,0,0,0,0
dn1ldjc,"http://indianexpress.com/article/entertainment/music/ar-rahman-on-gauri-lankesh-killing-its-not-my-india-4834191/


He was promptly abused and disrespected on Twitter with the usual army of 'nationalists' accusing him of showing his true colours owing to his religion and asked him to change his residence to our Islamic neighbours on the west.",india,1505487088,2017-09,"Reported speech about abuse, no direct attack by the commenter.",0,0,0,0,0,0,0
dn1m8cm,"http://www.hindustantimes.com/world-news/pakistani-men-targeting-white-girls-hindu-sikh-groups-in-uk-back-mp/story-H7MF3WBHEQMvGSGCl8vK2I.html

https://en.wikipedia.org/wiki/Derby_child_sex_abuse_ring

http://timesofindia.indiatimes.com/nri/Love-jihad-appears-on-UK-Sikh-manifesto-raises-murmurs-of-protest/articleshow/46581376.cms

http://www.hindustantimes.com/punjab/love-jihad-uk-sikh-girls-exploitation-worries-takht/story-6awkCCoAHZDu627o9FIfrN.html

BBC Inside Out - the hidden scandal of sexual grooming of young Sikh girls by Muslim men https://www.youtube.com/watch?v=7hXTM7ehvtk

The Dangers of Grooming - Through the eyes of a victim - Toronto - Part 1 https://www.youtube.com/watch?v=eI9APnuGbLQ
",bakchodi,1505488032,2017-09,"Headlines about grooming, no direct hate speech.",0,0,0,0,0,0,0
dn1mhjl,He along with Advani created BJP's strategy  - Hindu-Muslim riots.,india,1505488306,2017-09,"Political accusation, no personal attack or hate speech.",0,0,0,0,0,0,0
dn1mnb4,"You should read Quran before talking about it. 

I  have very high regards for Agamas, Jatakamal and Gurbani. I have also read some of Greek mythology classics and I think that they are fabulous too.

It's a huge logical fallacy that all religions are equal. Almost every religion can be stupid. But Islam, now this one is fucking insane. Hell, I don't even consider it a religion. ",indiaspeaks,1505488478,2017-09,"Profanity and derogatory statement about Islam as a religion, but not targeting individuals or a group directly.",1,0,1,0,1,0,0
dn1mww8,"&gt; It's a huge logical fallacy that all religions are equal.

Where did I say they are? 

What I said was a lot of religious supremacists consider their religion to be superior and consider most others to be stupid. ",indiaspeaks,1505488760,2017-09,"Discussion about religious supremacists, no hate speech.",0,0,0,0,0,0,0
dn1oqvy,"language is a lot more important and close to people. If you don't like it, it's your problem. Many don't like Islam and those who beat the drum that why should I respect Islam, they are called Islamaphobic. 

&gt; But I shouldn't have to use it in an area where it isn't a local language just because some idiots don't know that Hindi isn't our national language. 

Then you sort out that issue with those idiots, not the speaker of that language. First of all, most people don't care if you speak that language or not, it's the vote bank politics for some one. So they either impose it on others or tell everyone that they are the victims of language imposition.",india,1505490687,2017-09,"Discussion on language imposition, no hate speech.",0,0,0,0,0,0,0
dn1p7h2,"Speak for yourself. My parents told me they traded a bunch of coconut shells for me. Sigh, that's South Indian Muslim parents for you. ",india,1505491164,2017-09,"Stereotypical joke about South Indian Muslim parents, but not demeaning or hostile.",0,0,0,0,0,0,0
dn1rpn7,"&gt;The UN Security Council has criticised the Myanmar government for condoning violence against Rohingya Muslims in its Rakhine State leading to a humanitarian crisis with lakhs fleeing to neighbouring Bangladesh fearing persecution

UN has also criticized India and it's government for supporting Myanmar government in this Carnage. That and not being supportive enough towards Rohignya refugees. I sincerely wish India faces situation s like Syria and Libya to understand how it feels to be a fleeing refugee.",india,1505493800,2017-09,"Political criticism of India's stance, no hate speech.",0,0,0,0,0,0,0
dn1sqt3,"&gt; Moron, Rohignyas of 1947. This is bloody 2017. These people want to live like poor and downtrodden but alive at least. They do not even know who Jinnah is and what happened back in 1947.

They have been waging Jihad since 1947 against Non Muslims. If you want to live in an Islamic shithole, go to Pakistan. This land is for Kafirs as well. These people want only one thing. They want an Islamic state and they are being resettled in Jammu for that purpose. Jinnah has everything to do with this. The subcontinent was divided on religious lines. Hindus were made refugees from their own land and Rohingyas played their part. They are paying for their sins.",india,1505494889,2017-09,"Hate speech against Rohingya Muslims, using derogatory terms and accusing them of jihad.",0,1,1,0,1,0,0
dn1t40d,"&gt;Rohingya Muslims paying for their sins for supporting Jinnah.

Now who is spewing hate just like ISIS and Jihadi groups. How different are you from them? Why Americans shouldn't take note of your comment which is full of hate. If you do not even take words if UN on this issue and lots of other things, why the PM of India should even bothered to go to UN council and expect a seat on the security council when people like you are behaving just like ISIS. 

Here do one thing while you're at it, start a Propoganda against UK for all their atrocities before 1947 and ask for pay for their sins. Start with that if you and other Indians got balls. And I myself am an Indian. I am not a Hindu Nationalist Indian. That's the difference. I pay my taxes and abide the Law to live in this country just like a Hotel guest. That's all.",india,1505495279,2017-09,"Political argument, no hate speech.",0,0,0,0,0,0,0
dn1t881,"So basically punish the descendents because their fathers voted to join a muslim majority state because they are Muslims ? We can keep a watch out for any signs of radicalization of the population inside Indian borders. If we treat them worse, wouldn't that just push them more towards radicalization ?",india,1505495401,2017-09,"Discussion on punishment and radicalization, no hate speech.",0,0,0,0,0,0,0
dje8xop,Dexter is a Muslim? ,indiadiscussion,1498432177,2017-06,"Question about a character's religion, no hate speech.",0,0,0,0,0,0,0
dje920m,"Muslim population WILL NEVER rise above 20%, man...",indiadiscussion,1498432357,2017-06,"Demographic claim, no hate speech.",0,0,0,0,0,0,0
dje9dph,"The comment section though! This is what pakistan looks like and muslims in india want to make bengal into this? 

An accident takes place, neither police nor the fire guards show up all damn day and some idiot decides to smoke a cigarette while all the fags are too busy stealing the oil, what a country it is!

Can somebody post this shit on ranida and r/pakistan so that them liberal fags will see the ground reality of their paradise islamic republic of pakistan?

Fags want to give kashmir to pakistan to turn it into this society? Now thats some evidence people can use to talk about the contrast in todays societies of pakistan and india.

Idiots dare to compare india to that shithole again and i will have a 100 memes made from this video!",bakchodi,1498432846,2017-06,"Profanity and derogatory terms for Pakistan and Muslims, but not targeting a specific individual or group in India.",1,0,1,0,1,0,0
dje9e5y,"Prove it. Go ahead and show me statistics that urban areas have low inter caste marriage. 

http://m.thehindubusinessline.com/opinion/why-caste-matters-less-in-urban-india/article8871456.ece

This article quotes a research paper that states that within caste marriage requests have fallen from 30% to 19%. 

This entire thread is people bitching about caste while ignoring the issues faced by Muslims. It is sickening that you people have to stoop this low. ",india,1498432865,2017-06,"Discussion on caste and Muslims, no hate speech.",0,0,0,0,0,0,0
djebcbo,"Bitchz I'm back and I've brought gorimems!!!


[1](http://www.nirapadnews.com/english/wp-content/uploads/2015/03/miranda-kerr-wonderbra-lingerie-2015-photos4-710x470.jpg)


[2](http://3.bp.blogspot.com/-okV9Uep1i8E/UNDS3UYIztI/AAAAAAAAAAQ/JsBXvBgx_e0/s1600/candice.jpg)



[3](https://globalcosmeticsnews.com/media/k2/items/cache/bbc23ea5371c4c5a2e17973ee7e53a66_XL.jpg)


[4](http://www.frenchtoastsunday.com/wp-content/uploads/2014/04/Kate-upton-03.jpg)




Islam only allows for 4 wives so these will suffice. ",bakchodi,1498435774,2017-06,"Profanity and derogatory comment about Islam, but not targeting a specific individual.",1,0,1,0,1,0,0
djebcxs,"And the [Azad Maidan](https://en.wikipedia.org/wiki/Azad_Maidan_riots) riots? With [this](https://ineedthisonce.blogspot.com/2012/08/muslim-mobs-break-amar-jawan-jyoti-burn.html)? And because something happened *in Myanmar*? 

Edit: Another one. [Rioting](http://www.jpost.com/Opinion/Op-Ed-Contributors/Islamic-law-rules-you-too-36158). Quote:

&gt; 2002 - American Evangelical leader Jerry Falwell called Muhammad a ""terrorist,"" leading to church burnings and at least 10 deaths in India. 

Jerry Falwell said something, so you riot in *India*? And there is more; you can read the article yourself.",indiaspeaks,1498435799,2017-06,"Discussion of riots, no hate speech.",0,0,0,0,0,0,0
djebfs5,"It's true that most of the Muslims outside telengana, kerala and gujrat are filthy poor and weak. Majority of the Muslims outside those regions are high on poverty, uneducated, malnourishment, anti vaccination list. We as a nation cannot even dream of becoming a superpower without uplifting our Muslim population. ",bakchodi,1498435920,2017-06,"Stereotypical and demeaning statement about Muslims, but not targeting a specific individual.",0,0,1,0,1,0,0
djebkcm,"i really don't get Sinks. They were massacred by muslims for centuries yet they side with katuas over Modi-bhai. I've never seen katuas protesting for 1984 ""justice"", so why do these cucks protest for 2002 riot ""justice""?",bakchodi,1498436108,2017-06,"Derogatory terms for Sikhs and Muslims, but not targeting a specific individual.",0,0,1,0,1,0,0
djecoag,What's with poor Muslims and superpower?,bakchodi,1498437785,2017-06,"Rhetorical question implying Muslims are poor and inferior, no direct target.",0,0,1,0,1,0,0
djectjb,"Don't give them ideas. 

I think the country needs to get rid of these Hindu radicals which are no different than Muslim radicals.",india,1498438009,2017-06,"Calls for getting rid of Hindu radicals, compares them to Muslim radicals, no profanity.",0,0,1,0,1,0,0
djecx3j,The important thing we have to acheive in our life times is defeating wahabbi ideology &amp; supporting progressive muslims to bring about changes in their own communities. This is why I support progressives throughout the world &amp; dislike retarded sanghis. These retarded sanghis only give chance for pakis to use propoganda to win over Indian muslims. They have done &amp; are doing the same shit in Kashmir.,bakchodi,1498438156,2017-06,"Uses 'retarded' as insult for sanghis, calls Pakistanis 'pakis', profanity present.",1,1,1,0,1,1,0
djedcbc,"Just because katuas don't chimp out, doesn't mean that it's out of their own volition. Everyone knows what happened when katuas chimped out in 2002. If even Gujjus are capable of that, katuas don't dare look the wrong way in more militant/crazy states like Punjab, Maharashtra, UP.

Killing innocent Muslims is bad though. If they don't create trouble, we shouldn't either. The path to respect is paved with fairness (randi mods take notes).",bakchodi,1498438801,2017-06,"Uses slur 'katuas' for Muslims, mentions 2002 riots, profanity 'randi'.",1,1,1,0,1,0,0
djedf6m,"It is a shame that Indian Muslims have to prove their identity by doing something to prove their India patriotism. Just by having it in their own heart like other normal Indians doesn't seems to convince fringe elements.

I am not surprised since our PM is top in PR and marketing, everybody has to start doing PR to showcase their patriotism etc. 

Patriotism kaun dil mein rakhta hai, patriotism should be wore on sleeves.",india,1498438928,2017-06,"Discusses Indian Muslims' patriotism, no hate speech, no profanity.",0,0,0,0,0,0,0
djeg16r,"1) Israel is a jewish state so ofcourse you'll have to be jewish to get citizenship there.

2) Jews were allowed to collect interest on loans while christianity forbid christians from doing so. Hence no surprise there that there are generations of jews who are into banking.

3) Judaism gave right to women to own properties &amp; lots of right as compared to christianity. Hence, lots of Jewish women support feminism. Also feminism is good for everyone.

4) Don't forget loads of holy christian sites are in israel. So if Israel were to be attacked by muslims christian countries would declare war on them too. It would be similar to someone attacking mekkah or medina.",bakchodi,1498442936,2017-06,"Discusses Judaism and Israel, no hate speech, no profanity.",0,0,0,0,0,0,0
djegq60,"This is the time when I guiltily miss my Muslim friends in India the most. I used to have some of my best meals of the year in their homes on Eid. Now, I have to settle for merely wishing them from a distance while living in a foreign country, hoping that universal problems of bigotry and xenophobia can be solved by our generation.",india,1498444003,2017-06,"Expresses missing Muslim friends, no hate speech, no profanity.",0,0,0,0,0,0,0
djeh8lu,"-46 in a gora sub too.

Lmao even whites know that Arabs/Muslims try to steal Persian/Hindu accomplishments. ",bakchodi,1498444784,2017-06,"Accuses Arabs/Muslims of stealing accomplishments, no profanity.",0,0,1,0,1,0,0
djehq2u,lol chutiye jab koi american inko musalmaan samaj ke goli maarega tab akal thikane aayegi,bakchodi,1498445542,2017-06,"Hinglish profanity 'chutiye', implies Muslims will be shot, no direct target.",1,0,1,0,1,0,0
djehret,"The notion that Godhra was an inside job sounds like a conspiracy theory. Especially in India, where tempers are often high and a single spark can bring everything down.

What's important to me is that even if it was Muslims that burnt the train, it wasn't acceptable for Hindus to go and massacre other Muslims all over Gujarat. So even if we take the version of events that's most convenient to the VHP, their actions are still not justified. That's what's vital here - quibbling over the idea that it was an inside job can often reinforce the idea that if it wasn't, then the subsequent events were justified.",india,1498445599,2017-06,"Discusses Godhra conspiracy, no hate speech, no profanity.",0,0,0,0,0,0,0
djejeta,Probably gonna convince Trump to make cow holy so that muslims can be exterminated under the guise of cow protection. /s,india,1498448157,2017-06,"Sarcastic comment about Trump and cow protection, no hate speech, no profanity.",0,0,0,0,0,0,0
dqalgba,"###[Here's your Reddit Silver, mani_tapori!](http://i.imgur.com/x0jw93q.png ""Reddit Silver"") 
***
/u/mani_tapori has received silver 6 times. (given by /u/Nervous_Wallaby) __[info](http://reddit.com/r/RedditSilverRobot)__",bakchodi,1511563237,2017-11,"Reddit award message, no content.",0,0,0,0,0,0,0
dqarjhp,Did they count muslim when they said 100% literacy?,indiaspeaks,1511571504,2017-11,"Question implying Muslims are illiterate, no profanity.",0,0,1,0,1,0,0
dqas7du,"Abe chodu. MP was included in the Bimaru states of the 80s. It's not Bimaru [now](http://www.thehindu.com/data/bimaru-states-the-shoe-still-fits/article7527355.ece). 

&gt;In a speech in Gaya on Sunday, Prime Minister Narendra Modi said that while Rajasthan and Madhya Pradesh were no longer “BIMARU” states, Bihar continued to suffer this fate. So which are India’s real BIMARU states?

Is Dev Bhoomi (Uttarakhand) a Bimaru state? It was part of UP in the 80s. In fact, it's the only state where katuas are not [outbreeding](https://www.google.com/search?q=hindu+vs+muslim+population+fertility+rate&amp;rlz=1C1CHWA_enUS644US644&amp;source=lnms&amp;tbm=isch&amp;sa=X&amp;ved=0ahUKEwj40qfxxtjXAhXnhFQKHTDhAQUQ_AUICygC&amp;biw=790&amp;bih=774#imgrc=mrMHPN1m-Tu40M) Hindus. Is Chhattisgarh? It was not even a state when the term was a coined. ",bakchodi,1511572442,2017-11,"Uses slur 'katuas' for Muslims, discusses demographics, no profanity.",0,0,1,0,1,0,0
dqasf7q,"I'm an atheist, I believe Gods and temples are made by Pandits, easy way to earn money, no work, they just make fun of us",india,1511572747,2017-11,"Criticizes priests, no hate speech, no profanity.",0,0,0,0,0,0,0
dqat77w,"They UK just let in nearly 400 ISIS fighters back into their country and even the mayor of London acknowledged this on live TV. When questioned why the metropolitan police isn’t looking for them he replied that they don’t have the budget to watch all of them.

He said this just as 3300 people were charged for online harassment which included anti Islamic sentiments following terrorist attacks in London.

The UK is finished",india,1511573816,2017-11,"Criticizes UK government, no hate speech, no profanity.",0,0,0,0,0,0,0
dqatytk,I believe the Sufis were responsible for cleansing the Kashmir valley of the Pandits as well as destroying Hindu temples &amp; building mosques on top. Contrary to popular opinion Sufi's are not the good Islam variant.,indianews,1511574890,2017-11,"Accuses Sufis of cleansing Pandits, no profanity.",0,0,1,0,1,0,0
dkm9gv5,[How to Debate and Frustrate Infidels by Ayesha Ahmed](http://www.real-islam.com/AyeshaAhmed/debate-frustrate-infidels.htm),bakchodi,1500839795,2017-07,"Title of a book, no hate speech, no profanity.",0,0,0,0,0,0,0
dkma57r,For Muslims,kerala,1500840695,2017-07,"Simple phrase, no hate speech, no profanity.",0,0,0,0,0,0,0
dkmcu34,"Assalamu alaikum. When I moved to Bangalore, I stayed in a hotel initially and during that period alongwith some of my college friends scouted for homes by looking at local ads and speaking to agents. Finding a random room-mate you can trust is tricky. It might be a good idea for you to look for something temporary initially and find others like you in university and then look for something more permanent. I'm sure if you look up you will find links to girls and working women's hostels, but until you go and get a sense of place, it is always a bit difficult. You may also find that your muslim name, presumably, may result in few people turning you down. And, don't cut yourself off completely from the family. Take their support if you can. You're still young and often our perception of people change with time.",india,1500844170,2017-07,"Helpful advice, no hate speech, no profanity.",0,0,0,0,0,0,0
dk4vqa3,Kashmiriyat left valley in 1990 now there is only Islamiyat .,bakchodi,1499890109,2017-07,"Comment asserts a demographic/religious change in Kashmir, framed as a negative transformation, targeting Muslims as a group.",0,0,1,0,1,0,0
dk4yaeg,"http://indianexpress.com/article/india/ex-dgp-of-kerala-t-p-senkumar-under-fire-for-minority-bashing-4743422/

for people who don't want to give clicks to swarajyamag,

also look at wordings of both headlines 
swarajyamag: Kerala’s Ex-DGP Under Fire For Calling On Muslims To Check Growing Religious Extremism 

IE : Ex-DGP of Kerala T P Senkumar under fire for minority bashing

another twist in IE :
 He said a section of the Muslim population still practised “love jihad”. “If religious conversions happen over love, such things would have taken place in all religions. But such conversions happen only in the Muslim community,” he alleged.

I think IE wouldn't have hesitated to mention his comments SIC if he would have mentioned ""love jihad"" as it is. Instead they chose to draw conclusion from post marital conversion comment. Nice.

Twist in Swarajyamag: Post-Marital conversion comment is absent.


fuck Indian media.",india,1499892817,2017-07,"Criticism of media coverage, includes profanity directed at media, not a person or group.",1,0,0,0,0,0,0
dk4yn5m,im not sanghi but this love jihad thing actually is there in kerala. There was a ex-muslim on quora (sorry for mentioning it) who confessed having made a gf just to convert her.,india,1499893200,2017-07,"Claims about 'love jihad' as a real phenomenon, referencing a Muslim community negatively, but not directly attacking an individual.",0,0,1,0,1,0,0
dk4zb0w,"If it's the other way around, they'll be congratulating her for accepting Islam. ",india,1499893940,2017-07,"Hypothetical statement implying Muslims would celebrate conversions, but not directly attacking anyone.",0,0,0,0,0,0,0
dk51bmg,"What does widespread protest mean? The news mentions only two idiots, one congress leader, another muslim league leader, opening their sewer mouths. We all know why they do that. So where is this widespread protest going on?",india,1499896211,2017-07,"Criticizes politicians and media, uses metaphor 'sewer mouths' but not directed at a specific person or group.",0,0,0,0,0,0,0
dk51z7g,"&gt;It's the bigotry that ties Islam to terrorism that comes into play

And here you are generalising the indian population saying Purohit is widely loved, when most people have forgotten his name/don't care for him

Love it when you lot try to score political points at every opportunity",india,1499896967,2017-07,"Accuses someone of generalizing, but no personal attack or hate speech.",0,0,0,0,0,0,0
dk53akq,Looks like an anti Islam protest. I'm all for it. ,bakchodi,1499898536,2017-07,"Expresses support for an anti-Islam protest, targeting Islam as a religion.",0,0,1,0,1,0,0
dk555zq,"Would have found him more credible if he hadn't made any of his other comments. Like how mullahs shouldn't talk about how people are being killed over beef since it could have dire effects. And how the birth rates among Muslims could change the demographics and Hindus could be outnumbered. And hey, apparently even we Christians are changing the demographics against Hindus even though our birthrates are low, we make up for it through conversions. And how he takes issue to calling saffron terrorism, terrorism. 

I mean, reading all this together rather than in isolation, kind of hard not see his biases. It's good to be aware of what a persons personal beliefs may slant towards.",india,1499900813,2017-07,"Criticizes a person's biases, but no personal attack or hate speech.",0,0,0,0,0,0,0
dk560ry,We are chaiwalla right now,india,1499901863,2017-07,"Self-referential statement, no target.",0,0,0,0,0,0,0
dmyjvul,"Not everyone's family is that progressive. I belong to a fairly religious Hindu family and have told my family countless times that I don't believe in god(s) [which BTW my mother took as a sign that I am in love with some Muslim girl and have therefore decided to convert  ¯\\_(ツ)_/ ¯, but that's whole another story] , I still have to go to poojas and havans or else I will have a good old meeting with the hands of my father.


But I have heard worse from the ex-Muslims, Hindus(IMO) don't even come close. ",india,1505327745,2017-09,"Personal anecdote about family, no attack.",0,0,0,0,0,0,0
dmylmkf,"&gt;Islamic Banking (no interest, no inflation)           




&gt;mfw there are real people among us who believe in this meme",india,1505329518,2017-09,"Mocking Islamic banking concept, but not attacking individuals or group.",0,0,0,0,0,0,0
dmynic1,"&gt; Islamic Banking (no interest, no inflation)

Okay. Question. If I am not earning interest why would I lend anyone money? Now is when you say ""but no interest doesn't mean you can't charge money when lending, it's just that you can't charge interest"" and that's when I say ""Bullshit"".

There is a cost to use my capital. Whether you call it interest or something else, is irrelevant.

Care to explain?",india,1505331453,2017-09,"Questioning Islamic banking logic, no attack.",0,0,0,0,0,0,0
dmyqcgu,"https://en.wikipedia.org/wiki/Islamic_banking_and_finance

TL;DR of my understanding: Don't give me a loan and charge interest as a moneylender, rather since we are both devout Sharia Muslims, you invest in my business and I share profits with you instead of paying you interest.",india,1505334371,2017-09,"Explaining Islamic banking, no attack.",0,0,0,0,0,0,0
dmyrt4j,He along with church influence and Muslim league cause that alcohol ban what a stupid idea. ,kerala,1505335853,2017-09,"Criticizes alcohol ban, mentions Muslim League and church influence, but no personal attack.",0,0,0,0,0,0,0
dmysb0n,Not it isn't there are lots of progressive muslims.,india,1505336372,2017-09,"States there are progressive Muslims, no attack.",0,0,0,0,0,0,0
dgeyxxl,"Is it? Are you from the west? The school I attended, which was a CBSE school, had pretty much equal proportions of Hindus, Muslims and Christians - South Indians were the majority, North Indians next, especially people from Delhi, Punjab and Maharashtra, and also several from the North Eastern states. The ratio among those living as bachelors there would be different. I've since moved back to India, and felt the impact of religion or region only after having come here, perhaps cuz I'm older and more perceptive, or maybe people did actually stick together there out of collective nostalgia. I've had many friends from Pakistan and Bangladesh as well, with borderline unfriendly arguments about each others' nation, but mostly we all got along well. The subtle racism that we do face comes mostly from Arabs, and other fair-skinned expatriates, who still see brown people as not up to par.",india,1492514034,2017-04,"Personal experience about diversity, no attack.",0,0,0,0,0,0,0
dgezxz7,"Consider a country with a predominant monotheistic religion - say USA, England, Arab Countries etc. In those countries, to even admit a person who believes in a different religion would be tantamount to blasphemy. i.e. USA, being a Christian nation shouldn't admit anyone who practices Hinduism or Islam. Arab Countries shouldn't let in anyone who practices Hinduism or Christianity. ",india,1492516233,2017-04,"Hypothetical argument about religious admission, no attack.",0,0,0,0,0,0,0
dgf1452,"But Azaan is required as part of Islam. It is for praying purposes which is the primary duty of a Muslim. 

Others are nor so important.",indiaspeaks,1492518469,2017-04,"States Azaan is required, no attack.",0,0,0,0,0,0,0
dgf1plc,"&gt;For example, the percentage of women staying in marriage is highest amongst Muslims (87.8%) compared to Hindus (86.2%), Christians (83.7%) and other religious minorities (85.8%).

Question is are they staying in marriage out of their free will?

&gt;The percentage of widowed women is least amongst Muslims (11.1%) compared to Hindus (12.9%), Christians (14.6%) and other religious Minorities (13.3%). It is likely that the culture of widow remarriages provides a higher level of family protection to Muslim women compared to women from other religious communities.

The idea that women need to marry again for protection itself is backward.",india,1492519473,2017-04,"Discusses statistics and criticizes idea of protection, no attack.",0,0,0,0,0,0,0
dgf1qbh,"Most of those folks are socially liberal but economically conservative. They are liberal in US only because they were perceive GOP to be a party that doesn't care about their interests like Muslims think about BJP in India. 

",india,1492519505,2017-04,"Generalizes about Muslims' political views, but not hate speech.",0,0,0,0,0,0,0
dgf3dnc,"I bet these worthless shits would throw a fucking patry if a hindu girl was molested by a muslim boy. It would be all their dreams come true. Theyre just itching  to beat up some Muslims.

Go back to the kitchen  you twats. Or at least go get a college education and do something productive with your pathetic lives.  ",india,1492521985,2017-04,"Profanity and harassment directed at Muslims as a group, with gender-based insult.",1,1,1,0,1,0,1
dgf3j0s,Looks like he ate all the muslims in gujrat,india,1492522196,2017-04,"Dehumanizing comment about Muslims, implying violence.",0,0,1,0,1,0,0
dgf3lir,"A Hindu, as an individual, isn't a follower of adwaita, dwaita and atheism beliefs at the same time. 

A Vaishnav of Shriji sect for example believes in supremacy of Lord Krishna and makes it a point to never step into a hanuman temple. 

While Hinduism as a whole is all encompassing, individuals are likely to have narrower beliefs and might not voluntarily welcome someone who shouts to him that all Hindu Gods are false and there's another one and true God whose name is Allah. He might live in peace around such beliefs but he wouldn't like to be exposed to such sermons.",india,1492522292,2017-04,Discussion of religious beliefs without hostility.,0,0,0,0,0,0,0
dgf451x,"Okay, don't you think you're generalizing? Just so you know, I'm Muslim as well, and I've had no problems with any of my friends - 90% of them Hindus and Christians. You may have had certain experiences or heard anecdotes to support your stand on this, but saying ALL Muslims are racist, or colorist or whatever; it's as ridiculous as calling all Indians poor, or smelly, or whatever other adjectives people use. It's a population of &gt;1 billion, comprising of rich, poor, and middle class; highly educated, illiterate, or in between; extremely pious, fundamentalists, or moderates. There are racists, but that doesn't paint the entire group as racist be they Middle Eastern, Western or Indian. It pains me to have to write this at this age, when it takes hardly one internet connection and a keyboard to reach across and understand people better. I hope you can see people in a better light, and not just as Indians, or Muslims or whatever.",india,1492523021,2017-04,"Counter-argument against generalization, no hate.",0,0,0,0,0,0,0
dgf4sdd,"&gt;unrecognizable without the Islamic influences going back almost a 1000 years.

And for the better too.",indiaspeaks,1492523849,2017-04,"Negative opinion about Islamic influences, but not hate speech.",0,0,0,0,0,0,0
dgf57yd,"There is a device called as ""Alarms"" which muslims can use to wake them up and pray. No need to wake others up with your loudspeakers.",india,1492524404,2017-04,"Criticism of religious practice, not hate speech.",0,0,0,0,0,0,0
dgf5l8x,"Quality Post,
After hearing the same phrase day and night for most of my life, I am starting to hate the Word ""Allahu Akbar"". Annoying as hell.",india,1492524869,2017-04,"Expressing annoyance at a phrase, not hate speech.",0,0,0,0,0,0,0
dgf610b,"A strict Christian won't visit a temple and a Muslim won't bow to Lord Vishnu. It's similar to a Hindu not wanting to be exposed to Quaranic verses regularly. OP isn't talking about religious seclusion or a theocratic country, I think. ",india,1492525402,2017-04,Neutral comparison of religious practices.,0,0,0,0,0,0,0
dgf6bj6,"Whats the point of following a religion if you don`t believe its the best. Hindus think Hinduism is the Best, Muslims think Islam is the Best.",india,1492525754,2017-04,"General statement about religious beliefs, no hate.",0,0,0,0,0,0,0
dgf6kkg,"&gt; terms they use to refer to muslims

Is it ""Mohammedans""? I've only ever heard that said by people who are either Muslims or punch-worthy. And it's always ""Maw-may-done,"" never ""Mo-haw-med-done."" It's really up there with ""Jew"" as ""slur depending on tone.""",india,1492526058,2017-04,"Discussion of a term, no hate.",0,0,0,0,0,0,0
dgf79jb,"TLDR was fucking hilarious.

People are literally going deaf for FFS, a large chunk of population has hearing of somebody who is 20 years older.

Anyways, would you get this riled up if some bhajan was blasting your eardrums out? 

Keep every religion where it belongs, in shitty fiction section. On the danger to civilization front, obviously Islam is the frontrunner, everybody agrees.",india,1492526860,2017-04,"Profanity and criticism of religion, but not targeted hate.",1,0,0,0,0,0,0
dgf7aoz,Toh? Islam mei shariya bhi hai hum india mei wo laagu karde? ,indiaspeaks,1492526898,2017-04,"Rhetorical question about Sharia, not hate speech.",0,0,0,0,0,0,0
dgf7b1s,"&gt;They follow a different matha and not the main branches of Ramanuja samprdaya

Yes. They come under the Rudra sampradaya now quite famous because of Vallabhacharya. These are [the four sampradayas](http://harekrsna.com/philosophy/gss/sadhu/sampradayas/sampradayas.htm) in Vaishnavism. Ramanuja and Madhva are the principal acharyas of Sri and Brahma successions respectively.",india,1492526910,2017-04,Informative discussion about religious sects.,0,0,0,0,0,0,0
dgf7xkn,"&gt; According to the 2011 census, Muslims account for 70.2% of Malappuram district’s population, while Hindus constitute 27.6% and Christians 1.9%.

&gt; BJP got 970 more votes in Malappuram than it polled in the 2014 Lok Sabha election. Despite finishing second, the Communist Party of India (Marxist) got 1,01,323 more votes while the Indian Union Muslim League bagged 77,607 votes more.",kerala,1492527609,2017-04,"Factual data, no hate.",0,0,0,0,0,0,0
dgf7xu1,"As an atheist I don't care about any religion, just don't disturb others with it. Do whatever your religion allows you as long as it doesn't bother other people(goes for Muslim's Azaan/Hindu's cow vigilantism)

also your post takes a really racist turn when you start praising Hinduism as an all accepting religion while being intolerant about other people's belief.

So what if anyone religion says its the best religion, they can believe it all they want as long as they don't expect me to do the same. ",india,1492527616,2017-04,"Criticism of religious practices, but not hate speech.",0,0,0,0,0,0,0
dgf8luv,Brain walla,indiaspeaks,1492528359,2017-04,"Ambiguous term, no clear hate.",0,0,0,0,0,0,0
dez8xre,"This is VERY good. Islam while in regression most places, if Indian muslims reform, it bodes well for nations unity going into 2020s",india,1489614919,2017-03,"Opinion on reform, no hate.",0,0,0,0,0,0,0
dezbzyr,"&gt; muslim tribals

The irony, lol.",indianews,1489618556,2017-03,"Sarcastic remark, not hate speech.",0,0,0,0,0,0,0
dezc7qi,Kashmiriyat = ISIS islamofascism,indiaspeaks,1489618823,2017-03,"Equating a political ideology with terrorism, but not hate speech.",0,0,0,0,0,0,0
dezd3o7,"&gt; Make profit, who's stopping them?

Price fixing. 

&gt; Your ""My dhobi/nai/darzi/chai-walla don't push forward the barrier, they shouldn't make profits"" exist becuase they are making some kind or profit and are pushing barriers to get the extra cash.

So regaular dhobi/nai are pushing barriers but movie theatres aren't? 

Man, do you live in King's landing by any chance? ",india,1489619918,2017-03,"Discussion of economics, no hate.",0,0,0,0,0,0,0
dezel8l,"&gt; From the BusinessStand article linked - all multiplex come to 1380

So your definition of monopoly is to include all competition into one bucket and show it as one single entity? By this logic every industry is a monopoly. 

&gt; Most multiplex have the same business model, pricing strategy and location strategy.

Yes, most of the fancy restaurants /car-dealership / sabzi-walla have the same business models and location strategy. 

All businesses go where they will find clients for their products. They try to buy at the cheapest rate possible for their quality considerations. They will chose the price which will make them the most money. Does this surprise you? 

&gt; They are only competing amongst themselves on screen presence/location advantage - nothing more.

And all bike/scooter companies are competing among themselves. What is your point? ",india,1489621760,2017-03,"Debate about monopoly definition, no profanity or personal attack.",0,0,0,0,0,0,0
dezfdim,"&gt; So your definition of monopoly is to include all competition into one bucket and show it as one single entity? By this logic every industry is a monopoly. 

its been multiplex vs single screen for a long time now.  
If you'd just read those articles you'd have known better.   
The enemy of my enemy is my friend   

&gt; Yes, most of the fancy restaurants /car-dealership / sabzi-walla have the same business models and location strategy.   

Are your serious? is Taj or Mercedes going to compete with KFC and toyota?   

&gt; And all bike/scooter companies are competing among themselves. What is your point?    

Do they sell the same bike/scooter without improvement over several years?   
No they constantly improve the technology yearly. Are theaters doing that after setting up shop?     

",india,1489622715,2017-03,"Debate about multiplex competition, no profanity or personal attack.",0,0,0,0,0,0,0
dezhqyo,"Stand corrected on the first one. 

Second one not so much. One of the organizers of the Sarbat Khalsa, Karnail Singh, wanted organizers to include a statement in support of Sikh sovereignty, which others refused; and had Karnail Singh step down. I think you should read the contents too before just searching ""%name khalistan"" in google.  ",india,1489625591,2017-03,"Discussion about Sarbat Khalsa and Sikh sovereignty, no profanity or personal attack.",0,0,0,0,0,0,0
dqyv6w3,"Please don't be a muslim,, don't be a muslim.. Damn,, he is a misguided youth following the religious trend of slitting throat.",indianews,1512766372,2017-12,"Expresses hope someone is not Muslim and calls him misguided, but no explicit profanity or direct hate speech.",0,0,0,0,0,0,0
dqyw7km,"This is just beautiful! Modi gets called all sorts of nasty names, and now he's the one being hauled over the coals for wearing some of those (eg. chaiwalla) as a badge of pride. 

If I didn't know any better, I'd say I was living in some sort of alternate reality. ",india,1512767486,2017-12,"Commentary on Modi being called names, no profanity or personal attack.",0,0,0,0,0,0,0
dqyz674,"Isn't the problem idiots like Hegde mouthing off? I'm very pro the stance of ""if you're not Muslim and you're in a position of power, shut the fuck up about Islam."" Nothing good will come out of it. IMO interpersonal interaction among the common folk (like us here) across religions is the only way to reform religions. This kind of publicity-grabbing bullshit is just going to make things worse.",india,1512770785,2017-12,"Criticism of Hegde and Islam, but no profanity or direct hate speech.",0,0,0,0,0,0,0
dqyzef7,"Muslims not found? 400, 403, 406, 413, 429 and 451 are all better options than 404.",india,1512771049,2017-12,"Joke about HTTP error codes, no profanity or hate speech.",0,0,0,0,0,0,0
dqz0f59,"Both Pakistan and the Uighur separatists have links to global Islamist terrorist organizations, so I don't doubt they have connections with one another. It will put China in denial mode and weaken their propaganda machine.",indiaspeaks,1512772257,2017-12,"Discussion of Pakistan and Uighur separatists, no profanity or hate speech.",0,0,0,0,0,0,0
dqz3gy2,"No revenge was intended. There were protracted negotiations before the demolition. Muslim leaders could have been reasonable and handed the structure over willingly. Did they not feel any shame for their adamance on occupying a hindu holy place? Yes, they cant be blamed for actions of medieval rulers. But they are responsible for the demolition and subsequent riots. 

No where else in the world does RSS cause conflict and there is no place in the world where Islam does not cause conflict. If you can allow that simple fact to sink in, then you can start to connect the dots.",india,1512775986,2017-12,"Blames Muslims for demolition and riots, but no explicit profanity or direct hate speech.",0,0,0,0,0,0,0
dqz4g7a,Bhakti movement is the modern era movement within Brahminism and many Marxists and Muslims cite this as a highly militant form of Hinduism and that it goes against Buddhism and Jainism when that's simply not true. Its just more crap that they create to deflect and muddy the waters. Marxists are expert liars and twisters of truth to suit their agenda. Be careful of anyone who considers Marx or Engels or that ideology to be a defining principle as they are likely without a true stand of their own and will shift goal-posts on every agenda.,indiaspeaks,1512777230,2017-12,"Criticism of Marxists and Muslims, but no profanity or direct hate speech.",0,0,0,0,0,0,0
di8d6nq,"It rained pretty heavily in Kerala today, and if this keeps up, come Mullaperiyar season and we will see how much the people of Kerala and TN love each other!",india,1496162241,2017-05,"Comment on Kerala rain and Mullaperiyar, no profanity or hate speech.",0,0,0,0,0,0,0
di8elxd,"Well members of Modi's party have been openly in support of oppression of Muslims, restricting freedom of speech, supporting (and in some cases sponsoring) violent hindutva groups, and have opposed RTI to be applicable to political parties. We didn't see Modi condemn them. Not to mention it was the BJP that held back the GST when UPA was in power.

Coupled with all the politicians caught after the note ban for corruption were from BJP, the Modi Government is definitely not everyone's favourite.",india,1496163836,2017-05,"Criticism of Modi and BJP, no profanity or hate speech.",0,0,0,0,0,0,0
di8et5i,"Actually the Modi Governments Hindutva stance is making the international community nervous about India being turned in the direction of a Hindu Republic (like the Islamic republics) and this painting Hinduism in a bad light. 

Also Modi supporters are obnoxious to the extent that they'll turn anyone on the fence away from Modi.",india,1496164062,2017-05,"Criticism of Modi and Hindutva, no profanity or hate speech.",0,0,0,0,0,0,0
di8fu8h,"Dafuk are you smoking , he said muslim countries by using Turkey as a example , Turkey isn't a Muslim country , its a western secular country . ",india,1496165203,2017-05,"Disagreement about Turkey being Muslim country, no profanity or hate speech.",0,0,0,0,0,0,0
di8g2lf,"&gt; IMO in democratic societies it seems sensible to have peoples say.

Thats a tricky situation in a diverse country. The majority has the capacity to silence the minority democratically. Imagine a muslim guy being tried and a jury representative of Indian population. 8 will be hindu, 2 will be muslim. If the lawyers choose to make it a matter of hindu vs muslim, that guy is pretty much screwed. ",india,1496165456,2017-05,"Discussion of democratic majority and minority, no profanity or hate speech.",0,0,0,0,0,0,0
di8glb1,"Read my comments properly, I'm not just talking about this guy in particular. And a hearty lol @ at the 1.3 billion comment, this the exact sort of thing you hear from Islamic terrorism deniers/apologists as well so I guess it's very apt in this context.",india,1496166029,2017-05,"Comment on Islamic terrorism deniers, no profanity or hate speech.",0,0,0,0,0,0,0
di8h06q,"I asked my anti beef friend what's the problem if Muslims ate beef, his reply was.

""Cows are religiously sacred  for our people , imagine if you drew a Islamic crescent on pigs or put the cooked pork on platters with their allhas name on it , then they will understand how blasphemous it is to eat cows for us.""

",india,1496166475,2017-05,"Quoting anti-beef friend, no profanity or hate speech.",0,0,0,0,0,0,0
di8h6gy,"I'm asking if the Indian government's decision is justified, since India is also supposed to be secular. That was OP's point as well - by 'Muslim country', he meant Muslim-majority, just like India is Hindu-majority. Comparing with Pakistan is pointless.",india,1496166659,2017-05,"Discussion of secularism and Muslim-majority, no profanity or hate speech.",0,0,0,0,0,0,0
di8hbu8,http://www.dailymail.co.uk/news/article-2616576/Subway-removes-ham-pork-nearly-200-stores-strong-demand-Muslims-eat-Halal-meat.html,india,1496166821,2017-05,Empty comment.,0,0,0,0,0,0,0
di8hk04,"The urban educated Islamists are all hypocrutes, we al knoe that.",indiaspeaks,1496167069,2017-05,"Calls Islamists hypocrites, no profanity or hate speech.",0,0,0,0,0,0,0
di8hxi5,"No one threatened Subway to stop serving pork subs. They realized that it would be more profitable to serve halal meat and bring in Muslim customers. Unlike in India, private companies can choose which meat to serve in the UK.",india,1496167480,2017-05,"Discussion about business decisions and religious demographics, no attack.",0,0,0,0,0,0,0
di8hyyt,"Because you^* said you ate in Muslim countries like Turkey.

And i am saying its invalid because Turkey isn't  muslim country.",india,1496167526,2017-05,"Disagreement about Turkey's status, no attack.",0,0,0,0,0,0,0
di8iebg,"Chal Bhai, how is calling anyone Lungi racist. is Lungi related to Mallu DNA now? What about Biharis, Bengalis &amp; Muslims wearing Lungi? Jyada Snowflake type mat karo be",indianews,1496168001,2017-05,"Defending use of 'lungi' as non-racist, dismissive tone but no slur.",0,0,0,0,0,0,0
di8j3ch,"Mallus do every jobs and not just toilet cleaning. Don't generalize all the people into one category. There are millions of Christians and Hindus also working in the gulf. It is not just muslims. Yes Wahhabism is spreading and again you cannot blame the whole of Kerala for that.

Calling us lungis and commies is insulting. Our state is very forward in many things. In fact yesterday Kerala became  100% electrified state.

Dont need your support but dont insult us.",indianews,1496168759,2017-05,"Defending Kerala against stereotypes, no attack.",0,0,0,0,0,0,0
di8jcbd,"Again , the comparison is false that's my point. You can't just call a secular country as a Muslim country &amp; people will let it fly. Turkey before brexit was negotiating to become members of EU  , that's how westernized they are.",india,1496169031,2017-05,"Political comparison, no attack.",0,0,0,0,0,0,0
di8jjri,Turkey is a secular country with a primarily Muslim population. India is a secular country with a primarily Hindu population. Why is this comparison invalid?,india,1496169255,2017-05,Neutral question about secularism.,0,0,0,0,0,0,0
di8jo97,Because it isn't a **Muslim country** i.e breaks OPs claim that he ate pork in Muslim country.,india,1496169388,2017-05,"Clarification, no attack.",0,0,0,0,0,0,0
di8k5dw,"Yaar ye ""doing engineering"" mat likha karo. Khuda kasam hassi nikal aati hai.

If CS is what your interest is, you can thrive well in a shitty college too.",india,1496169902,2017-05,"Mild mockery of phrase, no profanity or target.",0,0,0,0,0,0,0
di8k7w4,"So it IS true that they don't. Uni administration itself says so:

&gt;Prof Shafey Kidwai, member in-charge of the public relations office for AMU, told indianexpress.com: “Since the 1920s when the university was formed, at the time of Sehri, when Muslims used to pray, breakfast was served but they used to take it later in the day. However, that was the practise for many, many years as an unwritten rule. And so, in the hostels, food was not served during Ramadan owing to the age-old practice. Even though many Hindus and non Muslims were here, they never demanded due to **‘tolerance’** or **‘mutual respect’**. Now, that the students have demanded, we are ready to provide. So if the students demand for it, breakfast and lunch will be served, otherwise, everywhere in the canteens, it is available.”


And no, canteens don't count. You might as well tell students to go to a dhaba and eat. Note the pseudo-secularist bullshit.",indiaspeaks,1496169975,2017-05,"Criticism of university policy, no personal attack.",0,0,0,0,0,0,0
di8l526,"&gt;UAE is a federal absolute monarchy whose state religion is Islam. 


UAE can make Islamic laws the law of the nation because it's state religion is Islam
&gt;India is a socialist **SECULAR democratic** republic.

The Indian government cannot pander to any religion be it majority or minority.",chennai,1496170972,2017-05,"Political comparison, no attack.",0,0,0,0,0,0,0
di8m5et,What about people who use bombs to kill people? Then they are not muslims terrorists? You will say dont call them that call them just terrorists  ,india,1496172087,2017-05,"Rhetorical question about labeling, no attack.",0,0,0,0,0,0,0
di8m7uc,Allahabad Bank?,india,1496172161,2017-05,"Single word, no context.",0,0,0,0,0,0,0
di8n90w,"If they fight for other Muslims of different country and shit. Then why don't they apologize for other Muslims who do shit in Pakistan and other parts of the earth. They can't choose that they will speak FOR hamas BUT remain silent on this:

https://www.dawn.com/news/1255011/no-justice-for-mina-the-8-year-old-pakistani-hindu-girl-who-was-raped-and-killed   ",indianews,1496173289,2017-05,"Criticism of selective outrage, no attack.",0,0,0,0,0,0,0
di8nvaq,"We will send kerala and Muslims to fight that war.

So we are good.",india,1496173960,2017-05,"Sarcastic suggestion, no attack.",0,0,0,0,0,0,0
dftygtg,"&gt;Open discourse about Islamic theology, so that people understand why it is foreign to India and why non-Indian religions play havoc with India and are a destructive influence.

as opposed to hinduism which is full of superstition and idiotic beliefs and sentiments? at least be unbiased in your criticism of religion. i don't think i will ever be peaceful amongst stupid hindu traditions. it is a destructive influence on me and many others like me.

&gt;Eventually, a peaceful reconversion of all Indians to their ancestral religion would make us more homogeneous and cohesive and united. 

hahahahahaha. hahahahahahaha. maybe i don't want to be homogenous, maybe i don't feel any unity with this ancestral religion. ",india,1491337740,2017-04,"Criticism of religion, no personal attack.",0,0,0,0,0,0,0
dftz20a,"There's about 6-7 Punjabis on here. Myself, Keeda, CuckLover, RedditDaJatt, NBOA, Yolobeta and Thurki so we have a healthy legion. 

The factions are either state vs. state, i.e. Punjabis vs. Biharis or Tamils vs. Biharis, North vs. South, Aryans vs. Dravidians, Upper-castes vs. Lower-castes (inc. brahmins for us Punjabis), Hindu &amp; Sikh vs Muslims.

Sort yourself into your factions, make alliances and aim to become a 6-time gilded Bakchod like myself. ",bakchodi,1491338350,2017-04,"Humorous faction talk, no attack.",0,0,0,0,0,0,0
dfu0wg5,Muslims have been so much dehumanised by BJP that such people won't hesitate to kill them even on a mere​ suspicion of causing any harm to a COW. Sad. ,india,1491340295,2017-04,"Comment on dehumanization, no attack.",0,0,0,0,0,0,0
dfu2h9v,"&gt; these people should be called hindu terrorists

Just a question, a terrorist attack by muslim group should be termed as Islamic terrorism or not? ",india,1491342089,2017-04,"Question about terminology, no attack.",0,0,0,0,0,0,0
dfu2nsd,Why should the Muslim leadership say anything abou ti in the first place? I haven't seen anyone asking the Hindu leadership for their opinion.,india,1491342300,2017-04,"Question about leadership, no attack.",0,0,0,0,0,0,0
dfu331k,"&gt; To look at Kashmir as a purely religious problem would be a folly. Read some history, the conflict has been explored in detail.

But isn't religion the primary reason Kashmiris want out of India? Surveys have shown that the separatist sentiment is almost entirely restricted to the Muslim majority Kashmir Valley, not Jammu and Ladakh.

https://www.chathamhouse.org/sites/files/chathamhouse/public/Research/Asia/0510pp_kashmir.pdf (Page 20)

Do you have any recommendations for reading up on the history?",india,1491342794,2017-04,"Discussion of Kashmir conflict, no attack.",0,0,0,0,0,0,0
dfu35iu,"didn't know CBN was so RW.Hell even Yogi cabinet has a muslim.

CBN more sanghi than Yogi",bakchodi,1491342874,2017-04,"Political commentary comparing politicians, uses 'sanghi' as political label, no personal attack or hate speech.",0,0,0,0,0,0,0
dfu3m16,"You should join the CWC, you seem to have all the answers. All Pappu needs to do is-go back to his Grannies cow roots and his uncle's Muslim mass sterilisation roots and he will be PM for sure. 
",india,1491343404,2017-04,"Political sarcasm targeting a politician, mentions cow roots and Muslim sterilization, but no clear hate speech or personal abuse.",0,0,0,0,0,0,0
dfu7san,"Someone posted this above, but it is directly relevant to your comment:
https://urduwallahs.wordpress.com/2015/03/27/tum-bilkul-hum-jaise-nikle/",india,1491348605,2017-04,Neutral reference to another comment.,0,0,0,0,0,0,0
dfu8kkj,Cow vigilantism is an indirect excuse to incite violence on Muslims and Dalits. ,india,1491349602,2017-04,"Discussion of cow vigilantism as a social issue, no hate speech.",0,0,0,0,0,0,0
de6n5cm,"It's Germany, some Muslim already called the Sharia police for her offending them by dressing up as an infidel's god. She'll probably be charged on 1.6B counts of sentimentslaughter and sentenced to death by beheading.  ",bakchodi,1487989799,2017-02,"Sarcastic comment about Muslims and Sharia police, mocking religious practices, but no direct hate speech.",0,0,0,0,0,0,0
de6pw9e,Vallabhai Patel was Congress... also disliked RSS,india,1487994077,2017-02,"Historical fact about Vallabhbhai Patel, no hate speech.",0,0,0,0,0,0,0
de6rbrb,And he openly defended islam on quite a few occasions.,india,1487996434,2017-02,"Observation about someone defending Islam, no hate speech.",0,0,0,0,0,0,0
de6rg48,"Sure if you're living in one of the countries that's being bombed. If you're living in the US, racism is a big issue. And by the way, if that racism is allowed to thrive, then these guys come to power and guess what - they're going to bomb the everloving shit out of the muslim countries even more. ",india,1487996636,2017-02,"Political commentary on racism and bombing, no hate speech.",0,0,0,0,0,0,0
de6rpv1,"Afaik pandits are pro India. That's the reason they got expelled from the valley. Even if it's only a minority that hates them, we all know who they are. And what they are capable of doing. ",india,1487997100,2017-02,"Comment about Kashmiri Pandits and Muslims, no hate speech.",0,0,0,0,0,0,0
de6s52e,"It is a welcoming action by them. But ""Kashmiri Muslims' is an ambiguous tag. Of course, they were that, but it is not that all of them are going to favour this. Still there are many more people in Kasmir who would disparage such acts. Anti- India protests saw that few days back. So such incidences have a slight analgesic effect, but the malady remains and it has to be dealt with. Whether they are muslims or pandits, things have to be sorted out at both social and political levels. If seperatists are still garnering public support there, it shows the sentiment among the people. It is such things which have to be solved. Till then, such silver linings would give hope.",india,1487997834,2017-02,"Discussion of Kashmir situation, no hate speech.",0,0,0,0,0,0,0
de6sicp,"No this is clearly different. Trump is running a campaign of hatred against immigrants and Muslims. And as far as the average gun-wielding stupid American is concerned anyone with brown skin is a Muslim Arab terrorist. These white trash are emboldened by the presidents statements and actions, and they're going to use their 2nd amendment rights. It's only natural that the situation for brown folks in USA is going to get worse. Those dumb desi NRIs in Trump rallies had better be careful. 

Also to note is that he is constantly inciting hatred. In all his speeches (even after being elected) the constant theme is how Americans are being exploited by immigrants, other countries of the world, the MSM, and how everything ""is a mess"". This gives people who are unhappy with their lives some concrete objects to blame for their troubles. The only thing he hasn't done so far is to openly ask his tribe to kill immigrants and Muslims. That might well be the next step.",india,1487998498,2017-02,"Criticism of Trump and his supporters, no hate speech.",0,0,0,0,0,0,0
de6tlcy,"Don't you think that they are equally the legacies of the British rule and the Hindu Mahasabha and the policies they practiced around that time? 

Blaming them only on the Muslims seems like selective blame.
Also Bangladesh is an ally, mostly. 

EDIT: Looks like all our prod deshbhakts were asleep during history class, ostensibly because of congi leftist socialist bias. ",india,1488000530,2017-02,"Historical discussion, no hate speech.",0,0,0,0,0,0,0
de6u320,"He was Kashmiri muslim,that's why.",india,1488001488,2017-02,"Observation about someone's identity, no hate speech.",0,0,0,0,0,0,0
de6ujel,"Surprisingly, most bhakts I know are busy defending and cheering Trump nowadays. The fav bhakt story these days is that Trump is fighting a corrupt pro-muslim media like Mudiji",india,1488002426,2017-02,"Political commentary using 'bhakt' as political label, no hate speech.",0,0,0,0,0,0,0
de6ukud,It has been [debunked](http://www.clickhole.com/article/debunked-photo-obama-speech-balloon-saying-islam-m-5024). ,india,1488002510,2017-02,Neutral statement.,0,0,0,0,0,0,0
de6uosu,"When Shiv Sena can join with Muslim League, Congress is no big deal for them.",indiaspeaks,1488002741,2017-02,"Political commentary, no hate speech.",0,0,0,0,0,0,0
de6uwxr,"Seedhi baat hai. Muslims in majority= hate against other religions, backwardness, terrorism, love jihad ...... .
Hindus in majority= eveybody living in peace",bakchodi,1488003229,2017-02,"Hate speech against Muslims, generalizing them as backward and terrorists.",0,0,1,0,1,0,0
de6uz7b,Your daughter would be so dumb to fall in love with a nigger in the first place? You should teach your daughter that niggers and muslims are subhuman when shes in her infancy only.,bakchodi,1488003369,2017-02,Explicit hate speech using racial slurs and dehumanizing Muslims and black people.,1,1,1,0,1,0,0
de6v2ny,"In most societies people typically stereotype religion to a particular race.  Its the same whether you are in US or Burma.  Its just the fact that most Indians are brown and look ""Middle Eastern"" to most Americans.  The only Indians who might not be stereotype as Muslim are NE Indians and really dark skinned Southern Indians.

85% of Indonesians are Muslim, but most Westerners wouldn't suspect their are Muslim at first glance. Many of Indonesians don't have Arabic sounding names and its easy for them to pretend their are Filipino/Thai.   The same could be said of Muslims in the Balkans.",india,1488003587,2017-02,"Discussion of stereotypes, no hate speech.",0,0,0,0,0,0,0
de6v3sj,"&gt; Throughout their lives, they have shunned people just because they are black or Mexican

I agree. But how many NRIs in the US shun black people? How many Chinese shun Mexicans? How many Mexicans shun muslims?

My point being, this is something everyone does, even if some people are open about it and others are hypocrites about it. Doesn't make it right, but let's not pretend that they are doing something uncommon here. Many of their critics are just as guilty of this. I bring this up because I think diversity in America is breaking down, and to me a Trump presidency is a sign of that, it exposes the fault lines that were (barely) papered over before.

&gt; They actually do believe that patriotism involves violence

Citation needed.",india,1488003659,2017-02,"Discussion of racism and patriotism, no hate speech.",0,0,0,0,0,0,0
de6v71z,"1. He was Muslim, so many Indians (even here) sided with his killers.
2. Most of the donations in this incident ~~were~~ seem to be from people residing in the US; his Indian peers (who project the tragedy onto their own lives) and Americans alike - Indians in India aren't doing much even now.",india,1488003861,2017-02,"Comment discusses reactions to a killing, implying Indian Muslims sided with killers, but no direct hate speech.",0,0,0,0,0,0,0
de6vfk2,https://youtu.be/qSphlBIENB8 mullanpur to Ludhiana,bakchodi,1488004416,2017-02,"Place name, no offensive content.",0,0,0,0,0,0,0
de6vhrs,"BS upon BS spewed.

http://www.huffingtonpost.in/2017/01/24/in-their-approach-to-muslim-voters-sp-and-bsp-have-exchanged-pl/

http://www.firstpost.com/politics/up-election-2017-rahul-akhileshs-focus-on-muslim-voters-may-play-into-bjps-hands-3264178.html

http://www.news18.com/news/politics/akhilesh-cheated-muslims-now-bsp-is-the-only-option-imam-bukhari-1347281.html

http://www.opindia.com/2017/02/the-pm-was-right-uttar-pradesh-did-see-religious-discrimination-for-supply-of-electricity/

Maybe it were the Spoken and intended words of the opposition, rather than the ""intended"" yet unspoken words of BJP. ",indiaspeaks,1488004557,2017-02,"Political criticism, no profanity or hate.",0,0,0,0,0,0,0
de6vwos,"Were the onlookers white? Did anybody say you deserved to be hit? Isn't it a bit much to judge a country/community based on this incident.
Going by your chain of thought, imagine that a white american reads about san Bernardino, Orlando, ISIS. Well they are/were Muslims, that must mean that all muslims are terrorists. How is their way of thinking different than yours? This is the double standard that the liberals need to fix.",india,1488005540,2017-02,"Criticizes double standards, no hate speech.",0,0,0,0,0,0,0
de6wae4,"&gt;Muslim organisation will pay Rs10,00,786.    



r/mildlyinfuriating",india,1488006488,2017-02,"Expresses frustration at Muslim organization, no hate speech.",0,0,0,0,0,0,0
de6wd7s,So saying Bharat tere tukde honge inshallah doesn''t incite violence?,india,1488006688,2017-02,"Rhetorical question about inciting violence, no hate speech.",0,0,0,0,0,0,0
de6wg5l,Not all Kashmiri Muslims are anti-India anyways especially Shias and Ahmadis. The Sunnis living near the border would easily be anti-Pakistan.,india,1488006900,2017-02,"Generalization about Kashmiri Muslims, but not hateful.",0,0,0,0,0,0,0
de6x5g5,"Wait. How is this legal? And why is this Bareilly based Muslim organisation representatives and Moin Siddique not being arrested?
Open threat to someones life comes under Criminal Intimidation. 
The more important question is why is this douche Tarek Fatah not registering an FIR? ",india,1488008761,2017-02,"Calls someone a douche, but no profanity or hate.",0,0,0,0,0,0,0
de6x9kp,"Rashtriya Rifles is the regular Army. It is not a new regiment or some other organization. It is just all the regiments of the Army organized into a counterinsurgency unit in the valley. All regiments send troops to it.

Normal peacekeeping and riot control falls under CRPF. I think they are the ones in the pellet gun controversy. It is just that the media cannot differentiate between the Military and paramilitary.

&gt;The government should consider posting only native Kashmiris for counterinsurgency operations inside cities.

There is a regiment made up exclusively of Kashmiris. It is the Jammu And Kashmir Light Infantry. 50% composed of Kashmiri Muslims.",india,1488009076,2017-02,"Informative, no offensive content.",0,0,0,0,0,0,0
de6xdee,Bhai hindus are progressing. But muslims arent. These guy still believe in quran and backward shit. These guys have their girls in burqa and go around abusing other chicks who do not wear burqa. Bahut hai bolne ko lekin ab khaa raha hoo . Waise shere do you stay in india?,bakchodi,1488009373,2017-02,"Criticizes Muslims, but no explicit hate speech.",0,0,0,0,0,0,0
dh5dstk,"Kashmir is, and will always be an integral part of India. Deal with it. Have a good day. 




On a side-note, you really should introspect on your support for [ISIS.](https://en.wikipedia.org/wiki/Islamic_State_of_Iraq_and_the_Levant#Human_rights_abuse_and_war_crime_findings)




Edit: *It's",india,1493949563,2017-05,"Political statement, no hate speech.",0,0,0,0,0,0,0
dh5exyc,"Yes I have. And?

Are you one of those people that want to give them independence? Because a quasi-stable country with a radicalized population in between three nuclear powers sounds like a really good idea. It's sure to set off a bunch of other secessionist movements around the country too.

Pakistan wants Kashmir to join them so that they can have access to the waterway. Their elites don't care about the plight of the Kashmiris. And the Muslims have also played dirty  but I'm sure you know about the situation surrounding the Pandits.",india,1493951168,2017-05,"Political discussion, no hate speech.",0,0,0,0,0,0,0
dh5fl2u,"&gt;Over 50 Saudi and Pakistani channels, including Zakir Naik 's banned Peace TV preaching Salafist Islam, and others indulging in anti-India propaganda are running without necessary clearances via private cable networks in Kashmir.

So they listen to Zakir Naik in Kashmir. That clears up a few things.",india,1493952087,2017-05,"Comment on media, no hate speech.",0,0,0,0,0,0,0
dh5fswl,Saw this in Bangalore near a Muslim area. Wtf is going on? ,india,1493952397,2017-05,"Expression of confusion, no hate speech.",0,0,0,0,0,0,0
dh5ggrz,"&gt; Do you not agree that the human rights of Kashmiris is an issue worth discussing, given that their liberties have been under constant attack over the last one year?

What's their issue with living with us? There's another 165 million Muslims that are (for better or worse) getting along with other Indians so why can't they? What does this ""independence"" movement of theirs achieve? Over a petty corrupt voting system under the Rajiv Gandhi regime which is in no way exclusive to J&amp;K?

If they stop acting like dickheads, the army will stop going after them. And like I said, if it happens, we gain nothing and will be looking forward to possible instability as China fuels insurgents in NE and chauvinists in the South start acting up again. Pakistan has nothing to lose. We do.",india,1493953393,2017-05,"Criticizes Kashmiris, uses mild profanity, but no hate speech.",1,0,0,0,0,0,0
dh5gi86,BJP wallas showing their class.,india,1493953455,2017-05,"Political criticism, no hate speech.",0,0,0,0,0,0,0
dh5gnde,Why do free speech warriors suddenly disappear when it comes to muslim preachers ?,india,1493953669,2017-05,"Rhetorical question, no hate speech.",0,0,0,0,0,0,0
dh5gt65,Lallan taap angreji me bolna hai na sabko bina jaane samjhe bade bade shabd daal lete log intelligent samjhenge,india,1493953905,2017-05,"Mocking English speakers, no hate speech.",0,0,0,0,0,0,0
dh5gwds,"Regressive, disgusting, exploitative?? Do you know how your glass of milk reaches your table puppy?? 
It's you anti Muslim bias shining through rather then a false sense of righteousness.. Triple talaq should be banned as it has been in Muslim majority countries.",india,1493954040,2017-05,"Criticizes anti-Muslim bias, no hate speech.",0,0,0,0,0,0,0
dh5h23h,Did you convert to Islam?,india,1493954287,2017-05,"Question, no hate speech.",0,0,0,0,0,0,0
dh5hbr9,"Azadi from what and whom? India has roughly 170 million Muslims, and so many of them are prosperous and thriving because of the opportunities in here. You think Indian government has some special agenda of oppressing Kashmiri people?",india,1493954700,2017-05,"Rhetorical questions challenging separatist narrative, no personal attack or identity-based hate.",0,0,0,0,0,0,0
dh5hz9e,"Anand Raganathan did a piece on this hypocrisy on Newslaundry not long ago. It's always been a definining feature of the Indian Left: Their anti-BJP/RSS-ism comes first even at the cost of all their other principles. To that end they are prepared to ally or sympathize with anyone and everyone, including the kind of radical organized religion they claim to oppose.

&gt;In their zeal to fight the Right, Liberals and Leftists have not only abandoned dissenters within minorities, but have started aligning with far-Right Islamists

From refusing to criticize triple talaq for fear of angering mullahs and maulanas to supporting the ostracism of moderate Muslim activists like Taslima Nasreen and Tarek Fatah, there are many examples.",india,1493955702,2017-05,"Criticism of political ideology and specific individuals, no hate speech.",0,0,0,0,0,0,0
dh5i2o3,"I am not sure I understand your question. What, according to you, should a free speech warrior's stand regarding muslim preachers be?",india,1493955860,2017-05,"Neutral question about free speech stance, no offense.",0,0,0,0,0,0,0
dh5idj1,They sould be ok with whatever a muslim preacher says which includes bigoted crap about them. But a whole lot of them only want absolute free speach for people from their group.,india,1493956350,2017-05,"General criticism of hypocrisy, no specific target or identity-based hate.",0,0,0,0,0,0,0
dh5ih99,"Okay, count me out of ""them"", in that case. I do want free speech for Zakir Naik and muslim preachers too. In the case of Zakir Naik, I don't think he has said anything that even breaks any Indian laws. The govt is holding something of a witch hunt against him.",india,1493956521,2017-05,"Defense of free speech for a specific individual, no hate.",0,0,0,0,0,0,0
dh5it6g,"Terrible. If there's one thing I support among Subramanian Swamy's statements - it's that Hindus and others must band together to raise voice against the fundamental regressive tenets in Islam and Sharia. And muslims who are for reform must be empowered. 

I didn't know that apostates are killed by fundamentalists even here - *and that too just for one statement on facebook?*. ",india,1493957059,2017-05,"Criticism of religious tenets and support for reform, no hate speech.",0,0,0,0,0,0,0
dh5iu0x,"The key test is whether they will walk free or not. Being arrested means nothing, as they could still get no sentence and get off the hook for lynching an innocent muslim. But nice try shilling for Yogi. Maybe you should post some new stories about what he had for breakfast in this sub. ",india,1493957098,2017-05,"Political criticism and sarcasm, no personal attack or hate.",0,0,0,0,0,0,0
dh5j4qy,"Brother asked a good quessstion. See according to article 19 of Conssstitution clause 1 (a) All citizens shall have the right to freedom of speech and expression........................^also^there^are^like ^a^billion^clauses^that^restrict..... 


Edit ° He also fucking said that violent retaliation is the last option when it came to issue of the defaming the Prophet. Let's not forget that he said suicide bombing is okay. All these religious mullahs and sanghi Babas should be in fucking jail. ",india,1493957596,2017-05,"Profanity used in political commentary, no targeted abuse or hate.",1,0,0,0,0,0,0
dh5j618,"Actually Hindiwallahs don't need to impose Hindi anywhere. All that is needed is to keep UP and Bihar backward enough that people keep migrating to other states to look for work, and slowly but surely, the entire nation will be speaking Hindi - as they already are in Mumbai and Kolkata.

Or, maybe... that has been the plan all along?",india,1493957657,2017-05,"Conspiracy theory about Hindi imposition, no hate speech.",0,0,0,0,0,0,0
dh5j9uk,"&gt;Islam doesn't suggest people eat beef, so banning cow slaughter is not anti-Islamic.  

Sikhism states quite explicitly that followers should not cut hair. Should we ban cutting hair for all Indians?",india,1493957836,2017-05,"Logical argument about religious practices, no hate.",0,0,0,0,0,0,0
dh5jvu9,"&gt;Why do free speech warriors suddenly disappear when it comes to muslim preachers ?


Many Muslim preachers freely preach things related to religion without any problems, but when a speech trespasses into the boundary of hate speech, and speech that very actively encourages questionable activities that could be a security concern, or incitement of some sort of violence against people or group of people is present that is when your freedom of speech will be taken away, because there exist laws that parallel your freedom of speech.",india,1493958884,2017-05,"Discussion of free speech limits, no hate.",0,0,0,0,0,0,0
dh5k64k,Nope you only want to antagonize muslims which serves no purpose. If you truly wanted to express your freedom of expression you should rather protest for repeal of IPC 377 &amp; same sex marriage.,india,1493959387,2017-05,"Criticism of priorities, no hate.",0,0,0,0,0,0,0
dh5kbn9,".&gt;Nope you only want to antagonize muslims which serves no purpose.

Yet another thing you apparently need to be reminded that you have no right to do. You have no right whatsoever to spell out what I want for me. I hold monopoly over describing what I want.

&gt;If you truly wanted to express your freedom of expression you should rather protest for repeal of IPC 377.

Again! You seem to be having a lot of difficulty with this concept. You don't get to choose what other people should think or draw or choose to protest about etc.",india,1493959647,2017-05,"Argument about personal autonomy, no hate.",0,0,0,0,0,0,0
dh5l96a,"What an idiotic argument. What about Sikhs who want to get their hair cut? I have loads of Hindu friends who eat beef. I don't, but I don't deny them the choice of eating beef. Banning beef is not about hindus or muslims, it is about choice, which some stupid organizations who claim to represent **all hindus** want. They don't represent all hindus. ",india,1493961369,2017-05,"Criticism of organizations, no hate.",0,0,0,0,0,0,0
dh5ldub,"What do you gain from zakir naik lying that Islam is the final/true word of god, thereby denigrating my religion/gods?",india,1493961622,2017-05,"Questioning a preacher's claims, no hate.",0,0,0,0,0,0,0
dh5lf23,Because its cheap and delicious. Also I am totally on board with people drawing muhammed despite being a muslim,india,1493961689,2017-05,"Personal opinion on beef and drawing Muhammad, no hate.",0,0,0,0,0,0,0
dh5lg2t,My post is about the argument. Lots of people (some muslim politicians included) have asked this question.,india,1493961750,2017-05,"Clarification of post intent, no hate.",0,0,0,0,0,0,0
dh5lklc,"&gt;Maybe criticize MSM then.

I am. Their fawning over the head of a Hindu terrorist group is sickening.

&gt;How is that relevant here?

BJP supporters believe that India bends over for all other religions apart from Hinduism. It couldn't be farther from the truth. A muslim equivalent of HindubYuva Vahini would have met a very different fate. ",india,1493962001,2017-05,"Criticism of media and political groups, no hate.",0,0,0,0,0,0,0
dh5lo0s,"&gt; I am. Their fawning over the head of a Hindu terrorist group is sickening.

Agreed, Is it just the English media fawning over him or regional media too? Who reads English media? Should we give those articles more TRP?

&gt; BJP supporters believe that India bends over for all other religions apart from Hinduism. It couldn't be farther from the truth.

Again How is that relevant here? In a thread where Alleged murderers have been arretsed even though belonging to CM's outfit.

&gt; A muslim equivalent of HindubYuva Vahini would have met a very different fate.

True. When was HYV formed? Who were the CM's since then? What were they doing?",india,1493962199,2017-05,"Discussion of media and political history, no hate.",0,0,0,0,0,0,0
dh5luhf,"This is a much more significant demographic change than anything that happened to Kashmiri Pandits in the valley. 

Edit: It is also important to remember that it was in this context that Pakistan's Army had invaded the princely state of Jammu and Kashmir in October 1947. By the end of September 1947, there were already many Muslim refugees arriving in Pakistan from Jammu.",india,1493962579,2017-05,"Historical demographic discussion, no hate.",0,0,0,0,0,0,0
dh5m620,"We are talking about triple talaq. When we have a constitutional right to equality, personal laws that do not abide by it should change and give equal rights to women. UCC would reduce the number of Hindu practices as well and that's only normal. If a UCC is only centered at curbing Muslim rights in India, that's plain hypocrisy. Give Muslims religious rights. But also give Muslim women an equal say as men. I'm not asking for it. They are asking for it (albeit I also understand that this demand is part of the BJP propaganda). Equality in India is only just. Even the caste based reservations should go in the next revision of this act in 2020. About time.",india,1493963263,2017-05,"Discussion of UCC and reservations, no personal attack or hate speech.",0,0,0,0,0,0,0
dh5mb0d,"The rider to becoming the PM set by RSS is presiding over killing and burning alive of atleast 5000+ Muslims as a CM, Yogi has a long way to go",india,1493963561,2017-05,"Accusation against a political figure, no profanity or identity-based hate.",0,0,0,0,0,0,0
dh5mguj,"&gt;And look at the moslim population now. It went from 7 percent to 70 percent

In Jammu, it is 7%. But it is nice to know that nationalists love to shit out made-up statistics the same way as liberals do.

&gt;just wondering how many Hindus were killed afterwards.

In Kashmir valley, where the genocide of Kashmiri Pandits happened, there were only about 300 actual deaths in one year. That itself prompted the migration of tens/hundreds of thousands of KPs from the valley, but the net effect of that on demographics in the valley was to decrease KP population from 5% to 2-3%. 

The demographic change and the scale of violence in Jammu was at a totally different level.",india,1493963920,2017-05,"Discussion of demographic changes, no hate speech.",0,0,0,0,0,0,0
dh5mh2h,But......We'll keep talking about exodus of Kashmiri Pandits.,india,1493963935,2017-05,"Sarcastic comment about discussing exodus, no hate speech.",0,0,0,0,0,0,0
dh5mnk0,"Yes. christians are worse than muslims. At least we know that muslims hate Hindus but christians will act so innocent, cry about ""christian persecution"" and at the same time convert. ",bakchodi,1493964334,2017-05,"Negative comparison of Christians and Muslims, but no explicit hate speech.",0,0,0,0,0,0,0
dh5mx4m,"Criticism is not necessarily bigotry. The cartoon of Mohammed is sarcastic criticism of the foolishness in the Islamic world.

This criticism is protected by free speech laws.",india,1493964931,2017-05,"Defense of free speech, no hate speech.",0,0,0,0,0,0,0
dh5mydn,Yes. But we Hindus should use jews and zionism against chrislamists. Divide them and let them fight among themselves until they become weak. ,bakchodi,1493965013,2017-05,"Strategic suggestion against religious groups, no direct hate speech.",0,0,0,0,0,0,0
dh5n23f,"Turkey is a large, powerful and rich muslim country with great relations with Pakistan. This will require some nuance.",india,1493965256,2017-05,Neutral geopolitical comment.,0,0,0,0,0,0,0
dh5n5uy,"Lol, no. Alt right hate jews more than muslims. They will say the jewss are destroying christian ""culture"", interracial relationships, jew pornography, jew hollywood. They even blame 9/11 on jews. After the holocaust, not many Jews like christians. Jews are leaving Europe at a faster rate. ",bakchodi,1493965498,2017-05,"Discussion of alt-right views, no hate speech.",0,0,0,0,0,0,0
dh5n8ts,See you can criticize all religions except Islam. If you criticize Islam the liberal left will quickly term you a racist.,india,1493965699,2017-05,"Criticism of liberal left, no hate speech.",0,0,0,0,0,0,0
dh5neb5,"I just want to fucking migrate to a real secular country. I have had enough of this. 50, 100 years down the line , India will be repressive as fuck. With large Muslim population demanding Sharia law will embolden the rights in Hindus. This country will disintegrate finally. Already north eastern districts of West Bengal neighbouring Bangladesh is radicalized and there is no free speech there. My friend in AlamBazar Kolkata witnessed a procession of Muslims shouting Pakistan Zindabad.",india,1493966063,2017-05,"Expression of frustration with profanity, but no targeted abuse.",1,0,0,0,0,0,0
dh5nf5n,"Kudos for cracking the modus operandi of this deadly disease of ~~**HIV**~~ HYV, borne out of the Terrorist Yogi Adityanath!

&gt;Additional District Magistrate (ADM) Arvind Kumar Mishra said a 19-year-old man named Yusuf of Sohi had allegedly kidnapped an 18-year-old Hindu girl, a resident of village Fazalpur, on April 27.
He said the attackers saw Ghulam, who was distantly related to Yusuf, in a mango orchard, dragged him to a secluded spot and beat him to death.

Also, this elopement story was just used as an excuse to lynch and murder a 45 yr old Muslim man!",india,1493966119,2017-05,"Criticism of political figure with profanity, no personal attack.",1,0,0,0,0,0,0
dh5nilf,"I believe he's doing the opposite. Earlier, christians used to do the dirty work of jews:  for example, the iraq war, syrian conflict to protect Israeli interests. Now, trump wants to use Israel against muslims in middle east. 
Say what you want to say, but i love the Jews. I admire their guts. Read about the operation orchard. I would recommend you to watch this documentary. 

https://youtu.be/5GfdH9AzAXE",bakchodi,1493966345,2017-05,"Discussion of geopolitical strategy, no hate speech.",0,0,0,0,0,0,0
dh5njx5,To put this in context upper caste goons have killed more lower caste in Bihar then muslims fantics in Kashmir ,india,1493966428,2017-05,"Comparison of violence, no hate speech.",0,0,0,0,0,0,0
dh5nop9,"OP - you do realise the numbers in the wiki article are heavily disputed? From the wiki itself:
&gt;Scholar Ian Copland tries to estimate how many Muslims might have been killed in the Jammu violence based on the demographic data. If the headcount figure of 333,964 refugees from the Indian-held parts of the state[17] is used to calculate how many Muslims might have been killed in Jammu, one ends up with a surplus rather than a deficit.

The basic problem seems to be this - lots of Muslims disappeared, and it was hard to determine who were killed and who ended up as refugees in Pakistan.",india,1493966745,2017-05,"Discussion of disputed numbers, no hate speech.",0,0,0,0,0,0,0
dh5nuba,"&gt;The basic problem seems to be this - lots of Muslims disappeared, and it was hard to determine who were killed and who ended up as refugees in Pakistan.

The lowest estimate is ~50k. That puts the number of Muslims killed in the 1947 massacre at at least 100 times more than the number of Hindus killed at the peak of the Kashmiri Pandit ""genocide"".

Also, the demographic change itself is not disputed. From 40% to 7% is a much more significant demographic change than that of the KPs in the valley (from 5% to 2-3%).",india,1493967119,2017-05,"Discussion of historical events, no hate speech.",0,0,0,0,0,0,0
dh5nwaj,"the 40% to 7% demographic change is happening from 1941 to 2011, as per the tables in the wiki article. Surely, most Muslim dominated parts of India will have similar numbers in that time frame due to partition ?",india,1493967252,2017-05,"Question about demographic changes, no hate speech.",0,0,0,0,0,0,0
dh5nwk4,"Why do 300 deaths of KPs in the valley occupy so much more of our mind-space than the death of 50,000 muslims in Jammu? ",india,1493967270,2017-05,"Question about historical attention, no hate speech.",0,0,0,0,0,0,0
dh5nyx8,"&gt;Did India cause the massacre?

No

&gt;Did Kashmiris cause the pandit massacre?

Yes


You are blaming India when it is clear the government of India had nothing to do either of these situations. It was Kashmiris, themselves who yet again show themselves in bad light. ",india,1493967423,2017-05,"Blaming Kashmiris for massacre, but no explicit hate speech.",0,0,0,0,0,0,0
dh5o0ly,"&gt;You are blaming India

No, I am not. Stop putting words into my mouth.

&gt; It was Kashmiris

WTF? So a place with 95% muslim population went on a killing spree of muslims in another area?",india,1493967538,2017-05,"Defensive response, no hate speech.",0,0,0,0,0,0,0
dh5o1qw,"&gt; Surely, most Muslim dominated parts of India will have similar numbers in that time frame due to partition ?

Forget most. Give one-two other examples.

And if such was the fate to be expected of Muslims in India. surely that justifies the Pakistan Army's invasion into J&amp;K?",india,1493967612,2017-05,"Discussion of historical demographics and partition, no personal attack or hate speech.",0,0,0,0,0,0,0
dh5o36a,"For most the history is like: Harisingh ruled Kashmir, wanted to be independent, Pak attacked, we helped, Harisingh agreed to be Indian. We own Kashmir. Done.

Some historians believe that Jammu massacre was carried out by Maharaja in response to Poonch rebellion. Though Pakistan was already assisting rebels in Poonch region unofficially, they officially attacked Kashmir after Jammu massacre. Leaders of Poonch region were convinced that there was conspiracy between state and RSS against Muslims. In hindsight maharaja of Kashmir fucked up badly by deciding to be an independent state.

Also it's interesting to know that some of the Pak irregulars were former members of Azaad hind sena.",india,1493967709,2017-05,"Historical narrative with mild profanity, no targeted abuse or hate speech.",1,0,0,0,0,0,0
dh5o3it,"&gt;So a place with 95% muslim population went on a killing spree of muslims in another area?

It was Kashmiri Hindus and sikhs. Are are they not counted as Kashmiris?

Furthermore, 95%?

The census in 1941 places all of Kashmir at 77% Muslim and rest Hindu and an insignificant size of Buddhist and Sikhs. 

Furthermore, the census of 1961 shows that the Muslim population dropped to 66%, this is understandable since population from POK was not counted. Moreover, the Muslim population grew significantly in all areas faster than Hindu population. Still want to make fake claims?",india,1493967732,2017-05,"Factual debate about demographics, no personal attack or hate speech.",0,0,0,0,0,0,0
dh5o6af,"&gt;It was Kashmiri Hindus and sikhs. Are are they not counted as Kashmiris?


Even so, why would you think that Hindus and Sikhs from Kashmir will travel to Jammu to kill Muslims, instead of the Hindus and Sikhs already living in Jammu?

&gt; Furthermore, 95%?

I am talking about Kashmir valley, which was 95% Muslim.

&gt;Still want to make fake claims?

Bade bhai, calm down. Kashmir != Jammu and Kashmir.",india,1493967928,2017-05,"Factual debate about demographics, no personal attack or hate speech.",0,0,0,0,0,0,0
dh5o6f8,Inshallah hombres played well,india,1493967936,2017-05,"Benign comment about a game, no profanity or hate speech.",0,0,0,0,0,0,0
dh5oaki,"&gt;Even so, why would you think that Hindus and Sikhs from Kashmir will travel to Jammu to kill Muslims, instead of the Hindus and Sikhs already living in Jammu?

There is no proof of this and you are not supplying any source for this. There is proof of Pakistan sending its tribesman. 

Again, you are a religious bigots who only loves Muslims. You don't think Hindus and sikhs from Kashmir are Kashmiris and have constantly spread propaganda. 

From claiming Hindus and sikhs came from outside Kashmir to mixing up statistics spread propaganda. ",india,1493968227,2017-05,"Accusation of bigotry and propaganda, but no explicit hate speech or profanity.",0,0,0,0,0,0,0
dh5obso,"Every news report has them as ""eloped"". The charges of kidnapping were only levied by the girl's family, which is the norm in every elopement in India.

http://indianexpress.com/article/india/bulandshahr-couple-traced-to-haryana-2-days-after-murder-4641149/

https://www.thequint.com/news/2017/05/03/hindu-yuva-vahini-lynch-muslim-in-bulandshahr

http://www.thehindu.com/todays-paper/youth-elopes-with-girl-relative-beaten-to-death/article18366256.ece",india,1493968313,2017-05,"Discussion of legal terminology, no profanity or hate speech.",0,0,0,0,0,0,0
dprorbz,"No, nobody here likes sanghis. Not even majority of hindus like them.

For us ISIS and RSS are 2 sides of the same coin. 

But we see no difference between the islamic terrorists and RSS.

I am a Christian by birth. Love my Hindu and Muslim friends.  Can’t see any difference between them. Kerala had discarded caste and religion based political systems. At the same time I like many other Keralites will reject RSS and ISIS which are just hate groups based on religion.

Peace",indiaspeaks,1510603491,2017-11,"Political commentary comparing groups, no personal attack or hate speech.",0,0,0,0,0,0,0
dproxdl,"What the fuck was that !!  I had a headache reading it. Only NY times can project traditional clothing as anti minority ( apparently only hindus in India wear traditional attire, others all are walking around naked).

 Promoting traditional clothes promotes local industry. Don't they realise that Muslims produce so much of the traditional attire and jewellery in India? 

This type of hollow criticism will destroy credibility of the opposition. Great job promoting Modi. 

Idiots.",india,1510603648,2017-11,"Profanity used in criticism of media, no targeted abuse or hate speech.",1,0,0,0,0,0,0
dprp872,"The article is clearly filled with undertones of anti-Hindu view. The writer says that the govt has been promoting Indian textiles while undermining other fashion trends. Particularly Banares sarees which are produced by poor Muslim weavers.

He wants the govt to not promote Banares/Indian textiles but if they did that won't it be hurting the Muslim weavers he supports?

Didn't expect this from an NYT article, very biased and unbased in reality.",india,1510603936,2017-11,"Critique of article, no profanity or hate speech.",0,0,0,0,0,0,0
dprrtzs,"&gt; From my experience such comments are more likely from the liberals. 

[Citation Needed]

&gt;They do this in right wing forums to promote the illusion that right wingers are small minded and racist. 

Both of them are. Right, left, same shit different package.

&gt;They are doing this bullying thing because the indian population is still pretty much uncucked, and hindus are voting for hindu and national interests.

Bwahahahaha... Hindus who watch movies where Muslims are romancing their women, not just Indian muslims, but muslims from Pakistan, are uncucked? Yeah, lemme laugh some more, louder.. BWAHAHAHAHA!



",indianews,1510606378,2017-11,"Political mockery with profanity, no targeted abuse or hate speech.",1,0,0,0,0,0,0
dprtyfg,"Look at the data more carefully in light of the hypothesis you're trying to establish, that Hinduism is the cause for widespread open defecation in India.

The data shows that India is today where Pakistan was in 2000 - a lag time of 17 years, which is not that huge on the historical scale of the subcontinent. Pakistanis were majority muslims even in 2000. But 41% of them were defecating outside then, just as 39% Indians are doing today.

This is just a case of differential development and governmental leadership. With the awareness campaigns in place, in 20 years, India too will be open-defecation free and still be Hindu majority. ",india,1510608385,2017-11,"Discussion of development data, no profanity or hate speech.",0,0,0,0,0,0,0
dpruh8k,"&gt; Supreme Court does not even allow a man to unite with his wife just because he is a Muslim and she is a Hindu



TIL SRK actually isn't married...",india,1510608890,2017-11,"Sarcastic comment about legal ruling, no profanity or hate speech.",0,0,0,0,0,0,0
dprwamo,Yup. Dalrymple's books are pretty old I guess (90s?) but very enticing - his 'Holy Mountain' told me so much about the christians/muslims/jews in the middle east.,india,1510610545,2017-11,"Book recommendation, no profanity or hate speech.",0,0,0,0,0,0,0
doc7y1l,"1. Certainly none when Ram came back to Ayodhya. But... who decides what is legitimate Indian culture then? When is the cut off date? 1000 AD? Do we ban islam as well then?

Firecrackers of the modern type (the pretty sparkly ones) are a recent development in India for the most part, some used to be imported before Sivakasi, but not many. But crackers themselves, the noisy phat-phat types have been common for hundreds of years.

Look up aurangzeb's ban on them if you need to be convinced.

2. So you think this is Judicial overreach? I agree. Besides isn't AAP in power in Delhi. Isn't being non-communal and pro environment their whole shtick?",india,1507943123,2017-10,"Discussion of cultural practices, no profanity or hate speech.",0,0,0,0,0,0,0
doc84ns,"Why do you think the existence of Pakistan is such a bad thing? Buffer states are good, imagine an India with one front with the fully islamic world and another with China. *shudders*

Now, one with Pakistan and another with Tibet. Much nicer, no?

Bharat Karnad's book, 'Why India is not a Great Power (yet)' has a chapter on this iirc.",indianews,1507943391,2017-10,"Geopolitical commentary, no profanity or hate speech.",0,0,0,0,0,0,0
doc9vax,"as an Indian (I like to think of myself as an Indian, than someone of a specific religion), and non-muslim: things do look bleak for people across the society - may be more or less for specific denominations - but any person with basic decency, who do not adhere to a specific narrow-minded view of things find a lot of things abhoring in the current society. as bleak as it looks, our country has survived many tyrants in the past, and this too shall pass! ",india,1507945879,2017-10,"General societal commentary, no profanity or hate speech.",0,0,0,0,0,0,0
docarlx,"&gt;Mukherjee cites the arrest of Jayendra Saraswati, the Shankaracharya of Kanchi, on November 12, 2004, as one episode that best “exemplifies my temper.” The Shankaracharya had been arrested by Tamil Nadu police in connection with a case related to the murder of a temple manager. “It was a time when the entire country was celebrating Diwali. During the Cabinet meeting, I was extremely critical of the timing of the arrest and questioned if the basic tenets of secularism of the Indian state were confined to only Hindu monks and seers? Would the state machinery dare to arrest a Muslim cleric during Eid festivities? M K Narayanan, then Special Adviser to Prime Minister, agreed with me. I immediately issued instructions for the Shankaracharya to be released on bail.”",india,1507947177,2017-10,"Quoting a book, no profanity or hate speech.",0,0,0,0,0,0,0
docars2,"Mukherjee cites the arrest of Jayendra Saraswati, the Shankaracharya of Kanchi, on November 12, 2004, as one episode that best “exemplifies my temper.” The Shankaracharya had been arrested by Tamil Nadu police in connection with a case related to the murder of a temple manager. “It was a time when the entire country was celebrating Diwali. During the Cabinet meeting, I was extremely critical of the timing of the arrest and questioned if the basic tenets of secularism of the Indian state were confined to only Hindu monks and seers? Would the state machinery dare to arrest a Muslim cleric during Eid festivities? M K Narayanan, then Special Adviser to Prime Minister, agreed with me. I immediately issued instructions for the Shankaracharya to be released on bail.”",indiaspeaks,1507947184,2017-10,"Quoting a book, no profanity or hate speech.",0,0,0,0,0,0,0
docas6j,"&gt;Mukherjee cites the arrest of Jayendra Saraswati, the Shankaracharya of Kanchi, on November 12, 2004, as one episode that best “exemplifies my temper.” The Shankaracharya had been arrested by Tamil Nadu police in connection with a case related to the murder of a temple manager. “It was a time when the entire country was celebrating Diwali. During the Cabinet meeting, I was extremely critical of the timing of the arrest and questioned if the basic tenets of secularism of the Indian state were confined to only Hindu monks and seers? Would the state machinery dare to arrest a Muslim cleric during Eid festivities? M K Narayanan, then Special Adviser to Prime Minister, agreed with me. I immediately issued instructions for the Shankaracharya to be released on bail.”",indianews,1507947200,2017-10,"Quoting a book, no profanity or hate speech.",0,0,0,0,0,0,0
docbk6g,Vallabhbhai Patel,india,1507948313,2017-10,"Just a name, no content to moderate.",0,0,0,0,0,0,0
docbznp,"Lynch a fucker (Muslim, Dalit, Christians in sometime), get a government job. Get many lynched, become the fucking Prime Minister. 


",india,1507948894,2017-10,Explicit profanity and calls for violence against religious and caste groups.,1,1,1,1,1,0,0
docd4a5,"Porn site pe Desi videos me Bhi religion Nahi chhodte. Har dusra video ""Hindu ladka Muslim ladki... Muslim ladka Hindu ladki "" hota Hai ya phir ""bhabhi ne devar ko, Bhai need behan ko, maa need bete ko."" 

bc VID002 waale title zyada acche lagte Hai.",india,1507950568,2017-10,"Profanity used as filler, discusses porn themes with no targeted abuse.",1,0,0,0,0,0,0
doceymt,"Not worked up, just befuddled at how you assumed to know about me while be wrong about all of it.


What exactly did I say that was like a sanghi? 

My point was and is that literal interpretation of Islam leads to isis. Literal interpretation of hinduism doesn't. Show me where I selectively picking bad parts of Islam. I never said that there is no good in Islam. Please work on your reading comprehension bro, before you come back with another asinine post. 


People like you need to understand that we need to discuss and point out bad ideologies. For some reason you lot get your panties in a bunch if it happens to be Islam. I see a spade and I call it without a care, be it hinduism or Islam or fucking whatever. I hope everyone could have discussions at that level of honesty because frankly otherwise you are all jut guilty of  intellectually dishonesty.",india,1507953506,2017-10,"Political debate with profanity, no personal attack or identity-based hate.",1,0,0,0,0,0,0
docfal0,"It seems any time any minority religion is involved they take double precaution. Look at the long battle for triple talaq. If the central govt had not advocated strongly for it in the court, don't know if SC would have passed it (not undermining the muslim women who fought for it). I don't know what's the basis for this but I agree with you. This is a pattern.",india,1507954075,2017-10,"Discussion of minority religion and legal issues, no hate speech.",0,0,0,0,0,0,0
docgk1t,"Not really, Mohammed spread Islam by the sword and conquest. So did his early followers. ",india,1507956362,2017-10,"Historical claim about Islam, no hate speech.",0,0,0,0,0,0,0
dhmj3ok,"isis return zakir naik follower pakistani muslim boyfriend who was actually a girl who then transitioned to a boy who is now bisexual and also identifies as a cowkin.

",india,1494938624,2017-05,"Mocking a person's identity and religion, with profanity.",1,1,1,0,1,0,1
dhmj5v4,"isis return zakir naik follower post-op transgender pakistani muslim boyfriend

",india,1494938721,2017-05,"Mocking a person's identity and religion, no profanity.",0,1,1,0,1,0,1
dhmj6pz,"&gt; Both sides have not learnt anything from the left, where different shades of opinion – the fringe, the mainstream and the centre – co-exist under a large umbrella.

The left does not have different shades of opinion. They are either closet communists or open communists. And right now the only thing uniting them is their hatred for Modi. Otherwise in no sensible situation would Islamists and Communists join hands as ""the Left.""",indiaspeaks,1494938759,2017-05,"Political commentary, no hate speech.",0,0,0,0,0,0,0
dhmk0ol,"Looto madar chodo, loot lo sale. Jhana dekho sab paise kai piche pare hai BC. Acche din BC, kiske liye, Adani aur Mallaya ke liye.",india,1494940022,2017-05,"Profanity and criticism of government, no personal attack.",1,0,0,0,0,0,0
dhmk7uz,The subtitles are all correct. How do people in your country view him ? I heard he is one of the most famous preachers in the muslim community.,india,1494940310,2017-05,"Neutral question about a preacher, no hate speech.",0,0,0,0,0,0,0
dhmkovf,Nice? You linked UCC to tenancy laws. Any sane person would be irked at the mental gymnastics liberals take to defend Muslim fundamentalism.,indiaspeaks,1494940968,2017-05,"Criticism of liberals and Muslim fundamentalism, no hate speech.",0,0,0,0,0,0,0
dhml11t,Kill all katua men and leave all hot muslimas for Hindu men as concubines. ,bakchodi,1494941426,2017-05,Explicit call for violence and dehumanization based on religion and gender.,0,1,1,0,1,0,1
dhml4av,"He is very popular worldwide because of his videos where he justifies Islam and its practices 

He is a massive apologist and uses logical fallacies galore 

",india,1494941545,2017-05,"Criticism of a preacher's methods, no hate speech.",0,0,0,0,0,0,0
dhmlwjg,"This is a very open, on your face fact! The problem is the likes of Barkha Dutt who have for years justified killing and raping of Kashmiri Pandits as [mere economic disparities](https://www.youtube.com/watch?v=uPZFmO2xL30)",india,1494942561,2017-05,"Accusation against a journalist, no hate speech.",0,0,0,0,0,0,0
dhmm1r0,"wow i hated these laundry guys for their pseudo secular article on bahubali, but love these guys because they're bashing muslims again.

/s",india,1494942746,2017-05,"Sarcastic comment about media, no hate speech.",0,0,0,0,0,0,0
dhmmyei,"&gt;Christianity alongwith parts of islam ie Sufism and Shias be the only 

NO. You have no idea of history you amateur little fuck.

&gt;One family one child policy to be introduced to curb population boom

bhak.

&gt;Army would be compulsory for age 18-21.

OK.

&gt;Nepal integrated with India with only finance and Foreign affairs be directed by India, rest it would be completely autonomous.

No 100% integration.

&gt;If you study from a government college, you must serve 5 years in India before you can leave for a western country.

Why even go foreign... India will be 100% world class.

&gt;Armymen and their families would have everything subsidised. 

Just pay them competitive wages. ",bakchodi,1494943867,2017-05,"Profanity and political opinions, no personal attack.",1,0,0,0,0,0,0
dhmn7s5,"Dude what is this liberal liberal thing you are doing? You'd be liberal on many issues. All I'm saying is that all religions would have to adjust once UCC is brought into picture.  
  
It's not just for islam",indiaspeaks,1494944179,2017-05,"Discussion of UCC and religions, no hate speech.",0,0,0,0,0,0,0
dhmnwe3,"To be clear, a Islamic terrorist threatens to chop off the Hurriyat leaders' heads because they called Kashmiri separation a ""political movement"" and the reporters takeaway from this was that Kashmir was always about Islam? Is there no room for nuance here? Can't it be both?

And furthermore, even if it *is* about Islam, so what? Tu kaun aaya?

Incidentally, I was just asking this on another post. What happened with the LeT republic sting? I couldn't log in for 4 days, and people seem to have just forgotten about it!

EDIT: also, ""insidiously suggesting that a political movement of separatism is more acceptable than a religiously motivated movement of separatism"" &lt;- I do no such thing, as a pseudo-liberal myself. All separatism is acceptable, whatever your stupid reason is. ",india,1494944972,2017-05,"Political commentary with profanity, no personal attack.",1,0,0,0,0,0,0
dhmor45,"&gt; It was always about religion

Even if this was true, why do you think they want a separate country because of Islam?",india,1494945953,2017-05,"Question about separatism, no hate speech.",0,0,0,0,0,0,0
dhmosg8,"In my opinion the liberal position on this should be that the ""consent of the governed"" is paramount. If the people in Kashmir aren't willing to be governed by the Indian state, then the Indian state has no business being there. That is my position on the Kashmir issue notwithstanding the historical narrative of displaced Kashmiri Pandit population.

However, I think the dilemma for a secular republic is whether a secessionist movement based on a religious ideology be given equal credence as that of a political movement? I am not sure if I have the answer for that.

Edit: It is particularly alarming when a religious secessionist moment violates the rights (property and physical) of those not agreeing with them. Should or should not a secular republic uphold the rights of the minorities (read Kashmiri Pandits)?",india,1494945996,2017-05,"Political discussion on Kashmir, no personal attack or hate speech.",0,0,0,0,0,0,0
dhmowac,"A muslim friend of mine had a muslim girlfriend. To make movie watching sharia complaint, he first watched the movie alone or with us and only if he found the movie clean, he took her along and watched it again.",indiaspeaks,1494946114,2017-05,"Anecdote about a Muslim friend, no hate speech.",0,0,0,0,0,0,0
dhmp5v0,"Dude, next time you write something, think twice. Does tenancy law allow you to deny people of certain caste from eligibility? If that is true, is it based on a Hindu religious code? Even a cursory glance shows that no Hindu religious code has been given legitimacy through tenancy laws. They are by themselves very weak and very poorly enforced. If you are facing issues, take it up with your legislator or file a discrimination case. On what basis are you making an equivalency with Islam here? ",indiaspeaks,1494946414,2017-05,"Legal discussion, no hate speech.",0,0,0,0,0,0,0
dhmp9zd,"Ok, now I understand the hate for Barkha Dutt, who I thought was not unreasonable in her debates.

Holy shit, she justified genocide with a straight face. Replace Kashmiri Pandits with Jews and see how it changes.",india,1494946536,2017-05,"Criticism of Barkha Dutt, uses profanity but no personal attack.",1,0,0,0,0,0,0
dhmpbgr,Being an islamist is a core part of being a muslim?,india,1494946581,2017-05,"Question about Islam, no hate speech.",0,0,0,0,0,0,0
dhmpckq,Both of them were muslims. They take man-woman  relationship seriously. But what do they say for break ups isn't clear. ,indiaspeaks,1494946615,2017-05,"Observation about Muslims, no hate speech.",0,0,0,0,0,0,0
dhmpqdk,"This guy is retarded. rice bags are traitors and cancer.
Only dharmic religions be allowed. 

1. All muslim and christians should be kicked out of India and their property and money should be confiscated. 

2. Hot muslim women should convert to Hinduism and marry Hindu men. 

3. No khalistanis allowed to stay in Hindu Rashtriya. 

4. Give independence to West bengal, Tamil Nadu. Send all the tamils back to Sri Lanka. Send all the bongs to bangladesh. ",bakchodi,1494947029,2017-05,"Hate speech against Muslims, Christians, and regional groups, with profanity and calls for expulsion.",1,1,1,0,1,1,0
dhmq456,"Kuchh bhi likh do, yahan koun koi challan kat dega?",indiaspeaks,1494947451,2017-05,"Casual comment, no hate speech.",0,0,0,0,0,0,0
dhmqq0w,"Next, they will tell Jiziya is a matter of faith. They are already looting money from Hundis to fund their Madrasas. The Islamists are getting bolder by the day.",indiaspeaks,1494948114,2017-05,"Accusation against Islamists, no direct hate speech.",0,0,0,0,0,0,0
dhmqtms,He is not bashing muslims in the article. Do not mislead. ,india,1494948222,2017-05,"Defense of an article, no hate speech.",0,0,0,0,0,0,0
dhmr828,"You know we even count 180 million muslims in the census, right?",bakchodi,1494948657,2017-05,"Factual statement, no hate speech.",0,0,0,0,0,0,0
dcvwcfm,Topicalism tere tukde honge... inshaallah indhaalllah,indiaspeaks,1485351936,2017-01,"Political slogan, no hate speech.",0,0,0,0,0,0,0
dcvxdrt,"I can't believe I find myself agreeing with the JNU lot.

Now I don't know what it's like in the UPSC interview board but let me tell you anywhere outside of that interviews are just a game of bribe &amp; favoritism.

I actually cheered when PM Modi removed interviews from anything below Grade-A government jobs so it is surprising that they would do this.

This will only make the interviewers select students who confirm their bias. So yeah next time you see JNU kids holding a memorial for an islamic terrorist you have UGC to blame.",indiaspeaks,1485353534,2017-01,"Political commentary, no hate speech.",0,0,0,0,0,0,0
dcvyx5n,"- Feel elated at Burj Khalifa being lit up in Indian tri-color.
- Curse Muslims.

Well done.",india,1485355653,2017-01,"Sarcastic criticism, no hate speech.",0,0,0,0,0,0,0
dcvz0w4,"Hum sabhi allah k bande hain

Bhagwaan sabhi k andar hai

Kisi k liye Maa hain

To kisi ka isaah maseeh sikandar hai



",indiaspeaks,1485355789,2017-01,"Religious inclusive statement, no hate speech.",0,0,0,0,0,0,0
dcvz14v,"&gt; nigger

South Indian using nigger to be edgy despite being a nigger looking adivasi himself. And lol, Northern Bihar (Mithila) was the last Hindu Kingdom in the North to be subdued and never had a Muslim ruler. Let's not even get started on the Mauryas, Guptas, birthplace of Buddhism etc. All in UP/Bihar. 

Meanwhile disgusting south indian adivasi sub-human cousin fucking inbred black apes were cleaning toilets and walking around topless LMAO. Go back to eating of a banana leaf subhumaniam venkatesh. Jungle is that way adivasi
",bakchodi,1485355798,2017-01,"Hate speech against South Indians, with racial slurs and profanity.",1,1,1,0,0,1,0
dcvz7jw,"Lmao no source, Bihar and UP were part of the Bengal presidency you black ape. And the madras presidency only recruited Muslim sowars from Hyderbad. They never recruited black and ugly tamils. You can't even name one ugly south indian 1857 rebel leader because they did't take part, this is a fact of life.

https://en.wikipedia.org/wiki/Indian_Rebellion_of_1857

&gt;The rebellion began as a mutiny of sepoys of the East India Company's army on 10 May 1857, in the cantonment of the town of Meerut, and soon escalated into other mutinies and civilian rebellions largely in the upper Gangetic plain and central India, with the major hostilities confined to present-day Uttar Pradesh, western Bihar,[6] northern Madhya Pradesh, and the Delhi region.[7] ",bakchodi,1485356034,2017-01,"Hate speech against South Indians, with racial slurs and profanity.",1,1,1,0,0,1,0
dcvzfto,"&gt; And lol, Northern Bihar (Mithila) was the last Hindu Kingdom in the North to be subdued and never had a Muslim ruler. 

Hahaha. Akbar fooling maithifaggots by planting a cuckbrahmin puppet ruler != never had a muslim ruler, retard

&gt;Let's not even get started on the Mauryas, Guptas, 

No no cuck. Let's just talk about maithidalits. Don't you underachieving maithifags group yourselves with mauryas and guptas to coverup your boneheadedness ROFL",bakchodi,1485356329,2017-01,"Hate speech against Maithils, with profanity and insults.",1,1,1,0,0,1,0
dcw18x0,ahhhhh Mettupalayam...the only place where you can get mulla sauteed....i always stooped at this one restaurant there for it...damn good ,india,1485358551,2017-01,"Food comment, no hate speech.",0,0,0,0,0,0,0
dcw546c,"Dude, ISIS is making terrorist attacks across Europe and America. Like literally the greatest problem with radical Islam is the fact that *they* won't leave *you* alone. That is the reason to destroy them.",bakchodi,1485362880,2017-01,"Political commentary on ISIS, no hate speech.",0,0,0,0,0,0,0
deqkxoh,"I don't mind if someone prefers Pakistan over India. But the chanting of death to India by Islamists, yes, is worthy of crackdown. There's no reasoning with Islamists, free speech is seen as weakness to them they only understand violence. Why should secular nations grant islamists free speech when islamist nations crack down on everyone else? And before you say ""Oh we become just as bad as them"", I'm glad none of you were leaders of Allied countries in WW2. Its not about doing what's right, its doing whats necessary. If a leader has to take a morally shady decision such as cracking down on Islamists so that everybody else can sleep at night, then by the gods make it so.",india,1489114395,2017-03,"Criticism of Islamists as a group, advocating crackdown, but not targeting a specific person or using profanity.",0,0,0,0,0,0,0
deqlwga,Ok I will show u the Muslim guys who made living by singing Bhajans &amp; Ramayan,indianews,1489115723,2017-03,"Mention of Muslim guys singing Bhajans, no hostility or demeaning framing.",0,0,0,0,0,0,0
deqmds7,"And again as I've written multiple times there is a reason for that.  
They have a valid verse they can use to differentiate between OT/NT.   

No such delineation exists in Islam, it is perfect and disagreement with any of it is absolute grounds for death.  
Islam cannot change. ",india,1489116393,2017-03,"Discussion of Islamic doctrine, critical but not hateful, no profanity.",0,0,0,0,0,0,0
deqme2r,"""by muslims""  they missed the important part in the headline.  it now looks likes hindus were trolling.",indianews,1489116405,2017-03,"Comment on headline, no hostility.",0,0,0,0,0,0,0
deqmg07,"In Kerala, you find the social conservatives in Shiv Sena, RSS, CPI(M), Muslim League and so on. Same attitudes to love and sex and relationships.

There were a couple of incidents were the BJP's youth wing were involved.",india,1489116482,2017-03,"Factual statement about political parties, no hostility.",0,0,0,0,0,0,0
deqmhf1,"listen to the songs from baiju bavra.  muslim singer, muslim composer, muslim songwriter.",indianews,1489116537,2017-03,"Mention of Muslim artists, no hostility.",0,0,0,0,0,0,0
deqn48z,There are places in Mumbai which will not rent to Muslims and won't mind non vegetarian Hindus. Even if it's a Muslim family and not a single person. They're very open about it too. It's pretty sad. ,bangalore,1489117437,2017-03,"Observation of discrimination, no hostility.",0,0,0,0,0,0,0
deqn908,What's a Muslim singer?,india,1489117629,2017-03,"Question, no hostility.",0,0,0,0,0,0,0
deqol6r,"On bannerghatta road please try the large society complexes. Typically they're owned by those who don't live on premises. I rented my place from a Hindu family who doesn't live here. I'm Hindu, male and upper class but the landlords didn't ask any of these details before letting it out unlike the independent houses I tried in South Bangalore. There are a few good people.

Another area you could try is the Jayanagar 9th block around the Prestige mosque. These neighbourhoods have lots of Muslim families and welcome all people

All the best in your search.",bangalore,1489119574,2017-03,"Helpful advice, no hostility.",0,0,0,0,0,0,0
deqppbl,"Why can't the property owner decide who to rent his/her property to without being judged?

I am yet to meet a person without any bias.

All of like people who are ""like us"". Cyclists like cyclists, runners like runners. Advertising guys like advertisers. Programmers like programmers. Tamils like Tamils. Gujju like Gujjus. Muslims like Muslims, Hindus like Hindus. Vegetarians like vegetarians. Non-Vegetarians like Non-Vegetarians.

I have no extra property to rent, but if I had one, then I would prefer to rent it to someone who I can relate to ... someone like me ... someone I can feel comfortable giving my prized asset to.",bangalore,1489121297,2017-03,"Defending property owner's choice, no hostility.",0,0,0,0,0,0,0
deqrn3j,"I know. I lived in Gujarat many years. Gujarati Muslims still are significantly positive of BJP, and I think it's a good thing.

Modiji has been painted as being far more evil than he really is, but that's just my personal opinion.",india,1489124618,2017-03,"Personal opinion on Modi, no hostility.",0,0,0,0,0,0,0
deqt6ti,"&gt; you think think people are muslims or not, but thats a personal belief.

No, it's an institutional belief. Sunnis don't consider Shias ""true Muslims"", no one considers Ahmediyyas ""true Muslims"", and ISIS considers none but themselves ""true Muslims"".

While it may not be *correct* to pass judgement on entire populations, reality is that Muslims *do pass* judgements *en masse*. It's not a personal opinion amongst them, it's an institutional one. And at the very least the resulting actions are. This is the reality, and we have to take cognisance of that fact. Hence, Ahmediyyas are ostracised, hence ISIS wages war, hence Saudis discriminate against Iran/Sunnis, etc..",india,1489127700,2017-03,"Discussion of Muslim sects, critical but not hateful.",0,0,0,0,0,0,0
deqt8iu,"&gt; Azlan on the other hand is a sort of modern Muslim.

I find it funny that he converted out of it, then back into it. Makes him more likely to be an over- zealous convert type than a rational ""modern Muslim"" type.",india,1489127802,2017-03,"Speculation about a person's religiosity, no hostility.",0,0,0,0,0,0,0
deqtnx1,"Well, for that the women has to be dalit/muslim/christian. Then the media can play fascism/majoritarianism theme. ",india,1489128754,2017-03,"Comment on media bias, no hostility.",0,0,0,0,0,0,0
dhin1m0,"Haha i am from himalyan region. Different rout of aryan migration from different region. My state never had muslim rule,so don't generalise.

 I am pahadi rajput we were never defeated by muslims so all that u posted is useless for me lol. Haha himalyan region was never inhabited by dravidians so , none of the people have dravidian features. People do tend to have slight tibetan features due to ancient mixing.  Haha all that overcompensating thing u doin lol.

Loli didn't know 13 cm is just 5 inches, lol are u kidding , u are making fun of ur own race. Average dick size of world in 5.5-6.3 lol.
So i was right. Lol i have 5.9 inch cock. U must be thinking i am lieing.",bakchodi,1494705008,2017-05,"Boasting about personal attributes, no profanity or hate.",0,0,0,0,0,0,0
dhio20e,"What about the remaining 148 though? 

http://m.hindustantimes.com/delhi-news/7-reasons-why-world-leaders-are-talking-about-delhi-s-mohalla-clinics/story-sw4lUjQQ2rj2ZA6ISCUbtM.html
",india,1494706468,2017-05,"Question, no hostility.",0,0,0,0,0,0,0
dhio7ys,"Haah no muslim ruled over our himalyan province. Akbar could not compete our military strength on mountains.

Yes mongloloids are supreme and i got insecure. Telling you truth bro i get jealous when all asian get chicks.

Yup i have 2 inch mini cock. I don't jerk off ,i rub it. U win i loose .",bakchodi,1494706713,2017-05,"Sarcastic self-deprecation, no profanity or hate.",0,0,0,0,0,0,0
dhiomq5,"Spam Karo yeh sablog, 


Subject : Stop Spreading Hinduphobia

Message: This article about Hindu organisation and Modi is extremely false. 

https://socialistworker.org/2016/12/08/an-islamophobic-progressive

Modi has been found innocent in the riots by the Supreme court of India. Yet you are peddling such lies against Modi.You never mentioned about Godhra riots where Hindus were massacred by muslim. Hindus are being persecuted throughout the world from pakistan, bangladesh, kashmir, Indonesia, afghanistan. If this article is not removed, and Hinduphobia in your website doesn't end then we will call upon people to boycott your news portal. Currently many Hindus in america read your website. We will ask them to boycott your news portal for spreading Hinduphobia which is resulting in hate crimes against Hindus in america. Next time do more research before writing such anti Hindu articles. ",bakchodi,1494707300,2017-05,"Political activism, no profanity or hate.",0,0,0,0,0,0,0
dhiphok,"Number 2 wasn't justification for persecution. She was giving a reason behind the discontent within the Muslim community against the Pandits. It's similar to saying that Jews were almost always successful financially which made them a thorn in the eyes of the majority community wherever they lived. That doesn't mean that the holocaust was justified. But, making the observation shouldn't be painted as such.

Radia tapes that proved how pally she was with the powerful in the country and her role in Mumbai attacks are genuine reasons for criticizing her. But, the link you provided is just being overtly touchy about hearing anything that irks you to the slightest degree (even though it really isn't offensive by any means).",india,1494708550,2017-05,"Discussion of historical context, no hostility.",0,0,0,0,0,0,0
dhiqfjl,"The link mentions 110, not 148.

And what do you think? I have seen 2/110 completely out of commission. What makes you think the others are working as AAP tells you?

http://www.dnaindia.com/india/report-Investigation-by-the-Vigilance-dept-unearths-scam-in-AAP-s-Mohalla-Clinics-2330819",india,1494709884,2017-05,"Questioning statistics, no hostility.",0,0,0,0,0,0,0
dhirjt2,"Start a breakaway group with people that support his vision of Kashmir.

I'm gonna guess *really really* radical. I expect to see some level of infighting among these groups to begin shortly (although it will remain low-key unless someone does something exceptionally dumb).

While things will probably get worse, this may actually stabilize things in the long run if things work out that way - I believe the Khalistani movement lost a lot of their popular support after certain factions started targeting and killing their fellow Sikhs whom they viewed as traitors to the cause, and after the AI 182 bombing. But it also remains equally likely that things end up deteriorating further with open war among the terrorists, islamists, separatists, and troops.",india,1494711533,2017-05,"Speculative political commentary on separatist groups, no direct attack on individuals or groups.",0,0,0,0,0,0,0
dhitg7s,"&gt;Beef is available everywhere regardless of Muslim population or not

Uhhh...Gujarat?",india,1494714283,2017-05,"Questioning availability of beef in Gujarat, no profanity or attack.",0,0,0,0,0,0,0
dhith77,"It's easy to find here compared to North/West Indian states. And seeing as 27% of the population is Muslim, I think it qualifies. ",india,1494714323,2017-05,"Factual statement about Muslim population, no attack.",0,0,0,0,0,0,0
dhitu21,I predict an assassination or two this time around. Or Moosa takes the support of ISIS or Al Qaeda. There's no one else to fund his radical Islam dreams.,india,1494714864,2017-05,"Speculative prediction about a person, no direct insult or hate speech.",0,0,0,0,0,0,0
dhiu0q0,Ghazwa means battle Muhammad himself instructed Muslims to carry out. It's a war to convert everyone and destroy all mandir &amp; murthes,bakchodi,1494715142,2017-05,"Explaining a religious concept, no attack on individuals or groups.",0,0,0,0,0,0,0
