id,body,subreddit,created_utc,year_month,analysis,profanity_vulgarity,targeted_abuse_harassment,discriminatory_hate_speech,caste,communal_religious,regional_xenophobic,misogyny_gender
hv5fk1r,"Well he wanted the help of Germany to fight the British but it was nothing more than an alliance due to similar geopolitical interests. I have yet to come across any evidence of him ever mentioning his admiration for the Nazi racial policy. 

Take a modern example, Iran, an extreme right wing islamic ultraconservative country that has outright banned all communist symbolism, imprisons anyone associated with any communist organization, imprisons people for blasphemy against Islam is BFFs with the state atheist ""communist"" China (same with Pakistan and China). 

Does that mean Iran is communist or does that mean China is Islamist?? Just because they're allies, doesn't mean they agree with each other's ideology, in fact they'd probably risk nuclear holocaust rather than taking up the other's ideology. 

It's just because of similar geopolitical interests, nothing more.",librandu,1643733200,2022-02,"Political analysis discussing alliances and ideologies, no personal attack or hate speech.",0,0,0,0,0,0,0
hv5imrd,🐷allah phace rebel 🐷,dankinindia,1643734326,2022-02,"Uses pig emoji and misspelled 'Allah' to demean Muslims, religious hate.",0,0,1,0,1,0,0
hv5ipur,"About 6 months ago I used to think hindutva means something like essence of Hinduism or something but then somebody told me that I am fascist if I support Hinduism in a comment section of deshbhakt's video. 

I said if supporting hindutva (whose meaning I didn't know then) makes me fascist then I am 

Since then I am a fascist and support hindutva till now 

And just like feminism I don't like extreme hindutva like the kill all muslims kind of hindutva, I support something like the free hindu temples kind of hindutva which doesn't harm anyone else but is in the interest of hindus",desimeta,1643734357,2022-02,"Personal narrative about political labels, no attack on any group.",0,0,0,0,0,0,0
hv5kn0p,Muslims se dur rhio maar denge tujhe aakir haram hota h gay hona,indiandankmemes,1643735065,2022-02,"Threatens violence against Muslims and condemns homosexuality, religious and gender hate.",0,1,1,0,1,0,1
hv5kr4m,"vro why are you offending minorities vrooooooo, how dare you choose not to lick the asses of muslims /s",dankinindia,1643735107,2022-02,"Sarcastic mockery of those who defend minorities, no direct attack.",0,0,0,0,0,0,0
hv5mrbt,Muslim hai kya vro,indiandankmemes,1643735839,2022-02,"Asks if someone is Muslim, no hate speech.",0,0,0,0,0,0,0
hv5ohqp,Ab to bhai inki tayi Rana Ayub ki orginal muslims ne hi marni shuru krdi becharon ke ps ek yehi jgh thi. Yahan bhi log maar rhe hn :),indiandankmemes,1643736465,2022-02,"Comments on violence against a person, no hate speech.",0,0,0,0,0,0,0
enp71no,"if they helping build the nation, they have the right to the resources.  Of course they don't have 100% literacy like Gelf returned islamist, stone pelters or jobless bongs but someone has to make pakodas too

&gt; shoupd I boast that I give these people the jobs they need?

Why not! Without Biharis the entire Agricultural industry of punjab would have collapsed",bakchodi,1557970618,2019-05,"Insults Muslims and Biharis with stereotypes, regional and religious hate.",0,0,1,0,1,1,0
htqwx6b,"I hate all religions equally 
Islam more actually",indiandankmemes,1642862583,2022-01,"Expresses hatred for all religions, but no specific target or hate speech.",0,0,0,0,0,0,0
htqxhow,"
&gt;The one on the bottom left is 19 Year old Akash Suyal who expressed a desire to sexually assault his Muslim mother,upon which others in the chat suggested that he kill his father,a Hindu Brahmin.

...",librandu,1642862844,2022-01,"Describes a violent fantasy against a specific person, no identity-based hate.",0,1,0,0,0,0,0
htqxkx4,This is the same bull shit all RW pundits spew everytime there is a RW inspired hate crime.,librandu,1642862885,2022-01,"Criticizes right-wing commentators, no hate speech.",0,0,0,0,0,0,0
htqz4nm,"
&gt;The one on the bottom left is 19 Year old Akash Suyal who expressed a desire to sexually assault his Muslim mother,upon which others in the chat suggested that he kill his father,a Hindu Brahmin.

Iska source please",librandu,1642863588,2022-01,"Requests source for a claim, no hate speech.",0,0,0,0,0,0,0
htqzhyj,"Look, the percentage of Muslim and Christian population in TN is 6 and 5 percentage, there is no meaning in saying that he is doing this for political support, plus most of the Muslim population vote for their local parties in their locality, the temples where built on property belonging to the government, the earlier governments let it slide due to political reasons ( 86% of TN is hindu). Now that the fiscal dept of the government is very high due to idiotic leadership (the cm after Jayalalithaa) they government desperately need money, so they are trying to sell of a few assets including land hence they destruction of temples",indiandankmemes,1642863755,2022-01,"Political analysis of temple destruction, no hate speech.",0,0,0,0,0,0,0
htqzu23,Yogi ne Muslims ke against kya kiya hai? Source please.,indiandankmemes,1642863906,2022-01,"Asks for source, no hate speech.",0,0,0,0,0,0,0
htr2inr,Owaisi is one of the few muslim who often think before speaking on news debates.,librandu,1642865101,2022-01,"Positive comment about a politician, no hate speech.",0,0,0,0,0,0,0
htr2jfu,"Look, the percentage of Muslim and Christian population in TN is 6 and 5 percentage, there is no meaning in saying that he is doing this for political support, plus most of the Muslim population vote for their local parties in their locality, the temples where built on property belonging to the government, the earlier governments let it slide due to political reasons ( 86% of TN is hindu). Now that the fiscal dept of the government is very high due to idiotic leadership (the cm after Jayalalithaa) they government desperately need money, so they are trying to sell of a few assets including land hence they destruction of temples",indiandankmemes,1642865111,2022-01,"Political analysis of temple destruction, no hate speech.",0,0,0,0,0,0,0
htr2r5r,"Look, the percentage of Muslim and Christian population in TN is 6 and 5 percentage, there is no meaning in saying that he is doing this for political support, plus most of the Muslim population vote for their local parties in their locality, the temples where built on property belonging to the government, the earlier governments let it slide due to political reasons ( 86% of TN is hindu). Now that the fiscal dept of the government is very high due to idiotic leadership (the cm after Jayalalithaa) they government desperately need money, so they are trying to sell of a few assets including land hence they destruction of temples",indiandankmemes,1642865206,2022-01,"Political analysis of temple destruction, no hate speech.",0,0,0,0,0,0,0
htr33of,Omg what is this? You compare muslim to a cow? What is wrong with all of you?,dankinindia,1642865357,2022-01,"Questions comparison of Muslim to cow, no hate speech.",0,0,0,0,0,0,0
htr3h55,"Twitter maybe, but people here are pretty anti islam",indiandankmemes,1642865519,2022-01,"States that people are anti-Islam, no hate speech.",0,0,0,0,0,0,0
htr3ps8,"Bhai almost pura sub anti islam memes sai chalta hai, no problem with them, but don't be hurt if it's on your religion.",indiandankmemes,1642865622,2022-01,"Comments on subreddit content, no hate speech.",0,0,0,0,0,0,0
htr40zf,Sweet home allahbama,indiandankmemes,1642865752,2022-01,"Pun on 'Sweet Home Alabama' referencing Allah, mocking Muslims.",0,0,1,0,1,0,0
htr4x16,that site's pog. May marxallah bless you,librandu,1642866129,2022-01,"Playful mix of 'pog' and 'Marxallah' (Marx + Allah), no hostility.",0,0,0,0,0,0,0
htr547s,"Bro stop giving us source we ""religious"" ppl never asked for any source. We believe in our almighty, our massiah, the creator, the editor, and many more. How dare you make sense. You are only targeting one specific region which already is on blink of existence, only few billion people left. You anti hindu, anti muslim, anti virus.",indiandankmemes,1642866213,2022-01,"Sarcastic attack on religious people, mocking beliefs and calling them anti-everything.",0,0,1,0,1,0,0
e5bajd2,Mai bhi ek Musalman ladkki ko chod ke uski zindagi barabad krna chahta hun,bakchodi,1535971109,2018-09,"Explicit desire to rape and ruin a Muslim girl's life, targeting her religion.",1,1,1,0,1,0,1
e5batoa,"Orthodox Jews and Muslims have so much in common. Both lack respect for animals. 

Halal here and Kosher there. 

Even Nazis were moved by the cruelty Jews showed to animals",bakchodi,1535971725,2018-09,"Equates Jews and Muslims with animal cruelty, invoking Nazi comparison.",0,0,1,0,1,0,0
e5bc7rj,"There are a lot of lessons we can take from the Zionists- how Islam is to be fought overtly as well as covertly, and how Demographics ultimately is destiny. We should restrict their Hollywood liberal propaganda tho.",bakchodi,1535974505,2018-09,"Advocates fighting Islam covertly, using Zionist tactics, and restricting propaganda.",0,0,1,0,1,0,0
e5bcuut,"it is much easier for hindu boys to get muslim girls.  they can already fight for themselves, so you don't need to protect them.  all that the hindu boy has to do is to give her freedom to live her life... which is anyway what we see in our house.  there is a critical mass of around 200-500 muslim girls eloping with hindu boys that is needed.  they will then look after each other, act as matchmakers between hindu boys and muslim girls.  and there will be a deluge of muslim girls coming over.

plus they will entertain hindu girls with stories of life as a muslim fenale and thus dissuade them from marrying muslims.  they will also reveal the strategies used in love jihad thus making hindu females vigilant.

",bakchodi,1535975652,2018-09,"Detailed plan to lure Muslim girls into marrying Hindu boys to change demographics, framing Muslims as threat.",0,0,1,0,1,0,0
e5bd0hy,barramulla = 1 hindu,bakchodi,1535975924,2018-09,"Reductionist statement about Baramulla's Hindu population, implying demographic threat.",0,0,1,0,1,0,0
e5bdoeh,dafuqsa Islamic Gaushala?,bakchodi,1535977037,2018-09,Mocking term 'Islamic Gaushala' (cow shelter) to ridicule Islam.,1,0,1,0,1,0,0
e5bgz22,His Facebook account has an old Post against Islam. ,bakchodi,1535981664,2018-09,Neutral statement about a Facebook post against Islam.,0,0,0,0,0,0,0
e5bioxc,"&gt;Ek video isne islam ke against daaldi tabh isko pta lagega who is intolerant 

Are Bhai ye liberandu hai. Inke liye holi oppression hai aur bakrieid festival of light. ",bakchodi,1535983681,2018-09,"Mocks liberals as 'liberandu', sarcastically comparing Holi and Bakrid, targeting Muslims.",0,0,1,0,1,0,0
e5bjr7i,There is a old post of Jhatee ranting against Islamofascists. ,bakchodi,1535984845,2018-09,Calls someone 'Jhatee' (slur) and mentions rant against 'Islamofascists'.,1,1,1,0,1,0,0
d73n4l8,"and in wrappers voice
http://hindi.revoltpress.com/ajab-gajab/6-years-old-girl-can-look-sexy-says-muslim-cleric/

छह साल की बच्ची
लग सकती है सेक्सी

",bakchodi,1472620046,2016-08,"Sexualizes a six-year-old girl, objectifying her.",1,1,1,0,0,0,1
d73qk9e,wth has this post to do with dalits being stupid. Its just a bakrichod mulla trying to lure them to Islam. The post has no reply from dalits.,bakchodi,1472629471,2016-08,"Calls Dalits stupid, uses 'bakrichod mulla' to attack Muslims, and claims Muslims lure Dalits.",1,1,1,1,1,0,0
hfkfntz,"Many of these organisers of big pujas aren't even Hindus.
They are Brahmo Samajis, Baudh, XTIANs &amp; atheist commies &amp; muslims etc backed by ministers of XTIAN mamata.

It is nothing but slow poisoning of Hindu consciousness on mass scale.

They aren't doing it for artistic expression, but to cleverly mock Hindu society &amp; Hindu practices/rituals/forms of worship.

These are very well thought out vulgarity that can't be challenged by law. And any attempt to challenge with physical disruption will make you a 'fascist' in the eyes of emotionally fooled ill-educated mass.

Also, it is not only the Bengalis, but non-bengalis of kolkata too are directly involved &amp; funds &amp; supports these anti-hindu elements because they want to keep good relationships with ruling party of xtian mamata.",chodi,1633494077,2021-10,"Claims non-Hindus are mocking Hindu practices, calls it 'vulgarity', and labels critics as 'fascist'.",0,0,1,0,1,0,0
hfkg5tu,Jis din ho jayega mai shayad Bengal mei rehna ka sochu par abhi to koi crore rupiya bhi de de to bhi na jau aise Musalman communist state mei,chodi,1633494381,2021-10,Refuses to live in Bengal calling it a 'Musalman communist state'.,0,0,1,0,1,0,0
hfkgr6s,"Misogynist=sigma


Muslim bad=dank",saimansays,1633494754,2021-10,"Sarcastic comment linking misogyny to sigma and Muslims to 'dank', mocking both.",0,0,1,0,1,0,1
hfkgxqk,"Shehla Rashid: there's no Islamic extremism in India. Its exaggerated by Modi govt.

Le Islamic extremists:",unitedstatesofindia,1633494870,2021-10,"Contrasts Shehla Rashid's denial of Islamic extremism with examples, implying Muslims are extremists.",0,0,1,0,1,0,0
hfkhcjb,"&gt;Miyas asre Muslims of East Bengal origin

Then fuck off there. We gave you guys a whole new country, which according to your allied liberals, is much more prosperous than India. Why you stay here and try to eradicate Assamese culture?",chodi,1633495130,2021-10,"Tells 'Miyas' (Bengali-origin Muslims) to 'fuck off' to Bangladesh, accusing them of eroding Assamese culture.",1,1,1,0,1,1,0
hfkhor1,"Miya identity is distinct from original Muslim inhabitants of what is today the modern state of Assam. The dialect is different, practices are different and nowhere does the article say that they are **not** from Bangladesh because they are. Miya culture refuses to adopt and assimilate into the Assamese identity which has led to thousands of violent clashes between them and the Assamese in the past few decades. As a result the Assamese and the Bodo people in specific formed several militias to preserve their interests and later terrorize the state of Assam and challenge the legitimate government for continued inaction and inability to protect the culture and lands of Assam. Also during political vacuum the Miya community intensified their own political propaganda and undertook even bolder acts of malicious nature such as providing shelter for rohingya illegals.",chodi,1633495352,2021-10,"Detailed anti-Miya rhetoric, accusing them of not assimilating and causing violence, justifying militias.",0,0,1,0,1,1,0
hfkivd6,"“An extremist but compassionate”

Lynch all Muslims but do it *compassionately*",librandu,1633496136,2021-10,"Calls for lynching all Muslims, dehumanizing and inciting violence against a religious group.",0,1,1,0,1,0,0
hfkk3qy,"Extremist are in every religion, it does not make the whole religion bad... I am muslim and i only believe in Islam and the holy Quran..",unitedstatesofindia,1633496953,2021-10,"Defends Islam and Muslims, no hate speech.",0,0,0,0,0,0,0
hfkkfbk,Sab muslims ko bhagao,chodi,1633497165,2021-10,"Calls for expelling all Muslims, dehumanizing and inciting against a religious group.",0,1,1,0,1,0,0
hfklzmy,"i'm imagining a TV scene where the muslims are being lynched but then at the end of it all, the person sheds a tear saying that it had to be done",librandu,1633498207,2021-10,"Imagines lynching Muslims, dehumanizing and inciting violence against a religious group.",0,1,1,0,1,0,0
hfkmzi2,The p in Islam stands for peace,indiandankmemes,1633498918,2021-10,"Pun on 'p' in Islam, no hate speech.",0,0,0,0,0,0,0
hfkn9vq,PEHLI BAAT INDIA KI ECONMY WORLD KI 5TH BIGEEST ECONOMY HE AUR DUSRI BAT HAME MUSLIM LOGO SE PROBLEM NAHI HE HAMRE DESH ME AKE DEKHO HAM BHI EID MNATE HE HAMARE MUSLIM BHAIYO KE LIYE AUR WO BHI GANPATI CELEBRATE KARTE HE TUM PAKISTAN WALE MUSLIM CHUTIYE HO(NOT EVERYBODY BAS KUCH HE),dankinindia,1633499134,2021-10,"Defends Indian Muslims, criticizes Pakistani Muslims with profanity, but not hate speech against a group.",1,0,0,0,0,0,0
hfknm2v,"They are banning the fucking loudspeakers in muslim countries but if we even mention it, the bastard Congress and their leftist brigade have a meltdown.

Let’s do it.  Free Bharat from this tyranny.",chodi,1633499390,2021-10,"Profanity and political criticism, no personal attack or hate speech.",1,0,0,0,0,0,0
hfknvgp,"Lynch all Muslims but make a Roti while at it, more like",librandu,1633499587,2021-10,"Calls for lynching all Muslims, dehumanizing and inciting violence against a religious group.",0,1,1,0,1,0,0
hfkonfj,"TTP is a affiliate of Taliban which is against Pak govt as it feels pak govt is way too liberal and they basically want to implement the same Sharia system in Pakistan to the extent they consider Pakistan Army and govt to be un-islamic. TTP is regularly bashing Pakistani troops and conducting blasts and attacks in Pak , this is one such incident of Pak troops getting caught with their pants down",chodi,1633500183,2021-10,"Explains TTP and Pakistan situation, no hate speech.",0,0,0,0,0,0,0
hfkox31,Atleast hindus will stop hating muslims,saimansays,1633500383,2021-10,"Expresses hope that Hindus will stop hating Muslims, no hate speech.",0,0,0,0,0,0,0
hfkppcg,"/r/Hindi subreddit is to Hindi what /r/India is to India. The moderators and prolific submitters are parts of extreme leftists, islamist and hateful subreddits like /r/Librandu. One person who posts word of the day thread argues using his alt that the urdu word he posts is Hindi and then posts the drama in other hate subreddits in Librandu and India.",desimeta,1633500999,2021-10,"Criticizes subreddit moderators and users, no hate speech.",0,0,0,0,0,0,0
hfkptry,"i just dont get the ""darra hua muslim"" arguments i mean being paranoid abt things is a human nature and if someone says that he/she feels unsafe probably he/she has witnessed something that makes him feel that way; even i have stumbled upon so many mob lynching videos in this lockdown i can completely see where this ""i feel unsafe"" thinking is coming from (ik me bhot zyada bol gaya but i just wanted to say it for a long time)",saimansays,1633501099,2021-10,"Empathizes with Muslims feeling unsafe, no hate speech.",0,0,0,0,0,0,0
ga9t2zj,"Saala saffron is the 1st color of our flag. Agar woh Hindu militancy ka symbol hai toh bencho hara, muslim militancy ka hai. F*ck Librandus 🖕🖕",chodi,1603806852,2020-10,"Profanity and political criticism, no personal attack or hate speech.",1,0,0,0,0,0,0
ga9tfhg,"Many of them are defending Islam, calling that all religions are bad  or  just typical whataboutism crying how ""Hindus do it too"". I saw a comment defending the criminal like ""he only did it because he was feeling oppressed."" But idk maybe its deleted now.",unitedstatesofindia,1603807046,2020-10,"Criticizes defenders of Islam, no hate speech.",0,0,0,0,0,0,0
ga9tzwx,Koi na. Isi Lund se ganesh ji Allah or mohammad ko pela tha. Tabhi wo gay the.,chodi,1603807359,2020-10,"Profanity and blasphemous mockery of religious figures, but not targeted at a person or group.",1,0,0,0,0,0,0
ga9ul6l,"Tere liye main jahan se takraunga

Sab kuchh kho ke tujhko hi paaunga

Chutiya ban ke mai phir katwaunga

Main randwa ban jaunga

Main randwa ban jaunga",unitedstatesofindia,1603807688,2020-10,"Song lyrics with profanity and self-deprecation, no hate speech.",1,0,0,0,0,0,0
ga9ulc1,"Courtesy - @decibel008



https://twitter.com/decibel008/status/1321083947049127936

1)https://sputniknews.com/india/202010271080887402-love-jihad-family-of-girl-shot-dead-in-indias-haryana-alleges-hindu-muslim-angle-behind-murder

2) https://www.ndtv.com/india-news/ballabgarh-faridabad-video-shows-haryana-womans-murder-outside-her-college-accused-arrested-2316362",chodi,1603807690,2020-10,"Credits a source, no content.",0,0,0,0,0,0,0
ga9uowh,"I'm in no way a supporter of the right wing but it's really no secret that a lot of people with Muslim lovers are left with no option but to to convert to Islam if they want to get married or in some cases, they face violence if they don't.

Not saying that this is the norm or happens with everyone or that inter-religious marriages don't exist. Only saying that this happens enough to be considered a thing.

Also gonna add that I don't condone the term ""love jihad"" because I do believe that the relationships are consensual but because it is considered haram to marry outside your religion in Islam, it leads to such situations.",unitedstatesofindia,1603807745,2020-10,"Discusses love jihad and conversion, no hate speech.",0,0,0,0,0,0,0
ga9v3j4,Chodes don't consider adivasi and muslim humans. I bet if you point their bigotry out they'll admit as much.,librandu,1603807965,2020-10,"Accuses others of bigotry, no hate speech.",0,0,0,0,0,0,0
ga9vqw0,"the hindu asks why he deserved to be shot.  
the muslim simply burns the entire city in retaliation.",chodi,1603808318,2020-10,"Describes retaliation, no hate speech.",0,0,0,0,0,0,0
ga9wr4c,What happened to yazidis was the absolute worst. Despite how much we know how Muslims act this ideology is allowed to spread like a disease.,chodi,1603808852,2020-10,"Condemns violence against Yazidis and criticizes Islam as an ideology, but does not target a specific person or group with hate speech.",0,0,0,0,0,0,0
ga9x1i1,Yeah dude 16% Muslims are causing overpopulation it's not like 80% population is Hindu.,chodi,1603809002,2020-10,"Criticizes overpopulation narrative, no hate speech.",0,0,0,0,0,0,0
ga9ya8x,"Meanwhile hes fighting ""islamophobia"" about france knowing france is not an ally",librandu,1603809640,2020-10,"Political commentary on France and Islamophobia, no hate speech.",0,0,0,0,0,0,0
ga9yg8o,"Soooooo... you gonna bring Yogi to power or skip the vote and let India become Islamstan? Hinduism is going nowhere, people go to astrologers and gurujis more than universities for doctorates. Its not the wrong in party- Congress was a great starter, even BJP was, ITS JUST the leader who must be strong. Ik this comment will be ignored 🙏",chodi,1603809723,2020-10,"Political commentary, no hate speech.",0,0,0,0,0,0,0
ga9z69y,"religion in itself is just a philosophy. Hinduism evolved from medicants in the forest and turned to the great war of Kurukshetra. It's just the addition to that philosophy which make it material. Yet, Islam is weak in the matter of women due to uncontrollable lust and extensive breeding to uphold their weak philosophies.",chodi,1603810090,2020-10,"Criticizes Islam's treatment of women, but no direct hate speech.",0,0,0,0,0,0,0
ga9z7jj,Now in news debate the Muslim leaders saying the dead girl was a slut. And guys are innocent. I mean wtf,unitedstatesofindia,1603810107,2020-10,"Expresses frustration at victim-blaming, no hate speech.",0,0,0,0,0,0,0
ga9zq3o,Touseef is from Mewat. His cousin is a MLA from Mewat. His grandfather and uncle have been MLAs from Mewat region before. Mewat is the only district in Haryana with Muslim majority and notorious for persecuting minority Hindus.,chodi,1603810366,2020-10,"Factual statement about a region, no hate speech.",0,0,0,0,0,0,0
ga9zyfc,"I was on r[hashtag]france subreddit after I saw one of the posts comment here about what they were saying about Indians and how they don’t care about the concern we’re showing them. 
Sad part is that they’re all brainwashed by the western media. They think we’re against Muslims just because they’re Muslims when in fact all we’re against is radicals. 
Well, I hope they never have to experience what india has been experiencing since forever. Godspeed",chodi,1603810482,2020-10,"Criticizes western media and radicals, no hate speech.",0,0,0,0,0,0,0
gaa04cq,Bas ek sawaal poocha tha tu to islam ko le aaya beech mein. Papa ka kata hua hai kya jo Muslims se itna pyaar hai😂😂,chodi,1603810566,2020-10,"Uses profanity and insults, but no identity-based hate.",1,1,0,0,0,0,0
gaa0bv4,"We gotta stop this exaggerated respect towards any religion. Inbefore someone calls me islamophobe, it's not bigotry to be afraid of violence against public",librandu,1603810671,2020-10,"Discusses fear of violence, no hate speech.",0,0,0,0,0,0,0
gaa0w8l,"lode ka nationalists party h, do chaar top politicians ko hata do to Congress se bhi ghatiya party h! atleast Congress muslims ke naam pe bote maangti h to unhe khush bhi rakhti h! unlike bjp!",chodi,1603810951,2020-10,"Uses profanity and insults political parties, no identity-based hate.",1,1,0,0,0,0,0
gaa2819,They would have lost their minds if the same was done to a Muslim girl by a bunch of Hindu guys. But we don't see that news at all. Also they are defending the culprits and defaming the girl who was murdered by them jihadis.,unitedstatesofindia,1603811614,2020-10,"Accuses Muslim men of crimes, but no direct hate speech.",0,0,0,0,0,0,0
gaa2cqy,"Fucking baseless claims. Sotey sotey man gadhandh kahaani banali ya itna pagal hai tu? Yele [timeline](https://en.m.wikipedia.org/wiki/Timeline_of_early_Islamic_history), [yele](https://courses.lumenlearning.com/boundless-worldhistory/chapter/muhammad-and-the-rise-of-islam/). Ab jo tune apni kahaani banali hai uska base dikha kahaan par hai.",chodi,1603811680,2020-10,"Uses profanity and insults, but no identity-based hate.",1,1,0,0,0,0,0
gaa2lqk,"I mean it doesn't fucking say anywhere that a muslim should go and have hundreds of children with someone so you can't blame Islam for it. Both sides have faults, neither one is perfect. If any was then I'd be following it.",chodi,1603811799,2020-10,"Discusses religion and marriage, no hate speech.",0,0,0,0,0,0,0
gaa2o2w,"My point was Hindu Marriage Act / Muslim personal laws and Special Marriage Act mein yahi difference hai, if two people from different religions want to get married toh they can do it under SMA. It defines marriage as a civil union so it doesn't consider the religion of people getting married.",unitedstatesofindia,1603811832,2020-10,"Legal discussion, no hate speech.",0,0,0,0,0,0,0
gaa2yqq, Man how foolish(and sometimes evil) are hindu womens ?these two are example of women getting handed power and missuing them on the other hand we see so many womens falling for Muslim guys letting go of thier tradition and culture and then getting killed.,chodi,1603811977,2020-10,"Criticizes Hindu women and Muslim men, but no direct hate speech.",0,0,0,0,0,0,0
gaa2z1i,Also please tell Hillary ji to give more rice to women than men so that we don't lose them to islam through love jihad,librandu,1603811982,2020-10,"Sarcastic comment, no hate speech.",0,0,0,0,0,0,0
gaa2zt1,"Hate it when people in this sub say mOdI hAs tO tAkE iT sLoW wE gOt rAm MaNdIr. It's just all political theatre, what good is your symbolic victory when your own people aren't safe? Macron acknowledged the attack and even encouraged mocking jihadis, will Cuckendra even tweet about this or ANY attack by a jihadi? Even Trump had the balls to say against BLM riots and muslims.",chodi,1603811992,2020-10,"Criticizes politicians and uses derogatory nickname, but no identity-based hate.",0,1,0,0,0,0,0
gaa33vp,"do you know what they say in the friday conventions? I was urged to attend one as i was suitable to be a muslim due to my physical qualities if you knoe what i mean, they talked about having more children sooooo",chodi,1603812048,2020-10,"Implies Muslims are encouraged to have many children, but no direct hate speech.",0,0,0,0,0,0,0
gaa39st,"Unfortunately BJP is the only option for us Hindus.. other political parties are waiting for their chance to come to power and rip us apart. Muslim appeasement will hit another level the moment Congress comes to power next time. At the very least, we will have our Ram Mandir after so many years of struggle.",chodi,1603812127,2020-10,"Political commentary, no hate speech.",0,0,0,0,0,0,0
gaa3i12,"Saaf saaf bolo Modi chutiya hai, no twisting with facts.
Yehi police political pressure me Muslims ki gaand chaati hai aur abhi khule aam goli chala rahi",chodi,1603812237,2020-10,"Profanity directed at police and political pressure, with communal slur against Muslims.",1,0,1,0,1,0,0
h817lyn,Baat toh bohot sahi boli tumne. Aaj hi account delete karungi. You are also haraam. I feel so so good that devi wants me to become a better muzlim everyday. Sab pata karke rakha haina?,unitedstatesofindia,1628322348,2021-08,"Self-directed and personal, with religious term 'haraam' used as insult.",0,0,0,0,0,0,0
h817ua4,"well mere ghar se 2 km pe mpsque hai but due to some reason uske speaker mere colony ke bahar lage hain, yaha to koi muslim bhi nahi rehta",saimansays,1628322552,2021-08,"Observation about mosque speaker placement, no hostility.",0,0,0,0,0,0,0
h818p4u,It was Muslims who were trending this.,indiandankmemes,1628323302,2021-08,"Neutral statement about trending topic, no hostility.",0,0,0,0,0,0,0
h8195gs,Havan me ponga pandit bulaoge to yahi hoga,indiandankmemes,1628323699,2021-08,"Mocking pandit, but no profanity or identity-based hate.",0,0,0,0,0,0,0
h8196rx,"Just because you want to stick to your romantic belief that 'Indian muslims are not like this', you'll make up vague statements and present them as facts? Smooth. Sounds like a case of ostrich sticking its head in the sand.",desimeta,1628323730,2021-08,"Criticism of argument style, no personal attack or hate.",0,0,0,0,0,0,0
h81a6q5,"""Inko kya hi pata chalea"" - pandit",indiandankmemes,1628324594,2021-08,"Quoting pandit, no hostility.",0,0,0,0,0,0,0
h81acnn,Merko bhi yhi lagta h kbhi kbar kuch pandit aisa hi krte honge,indiandankmemes,1628324740,2021-08,"Speculation about pandits, no hostility.",0,0,0,0,0,0,0
h81af31,Ola hu ubered in your mom's house to love jihad her😂😂😂 imagine being so weak and ugly that 80% majority have to resort to lynching because chintu women love mulla cock😂😂😂 keep crying on Reddit while Abdool fucks your mom and sister,indiandankmemes,1628324801,2021-08,"Profanity, sexual harassment, and communal slurs against Muslims.",1,1,1,0,1,0,1
h81ancs,"Everyone is a good person till they are not.
Ask those who kashmiri pandits were killed, raped and pushed put violently in Kashmir by their best friends,  neighbors and aquimtances just because the book said so.

Go further and Yazidi in Iraq , Parsis in Iran, and Hindus in Afghanistan/Pakistan will tell you the same story. They all were good people who came to loot , kill and find concubines for them.",dankinindia,1628325004,2021-08,"Historical narrative about violence against Kashmiri Pandits, no direct hate speech.",0,0,0,0,0,0,0
h81c7qq,"Argument for the sake of argument I guess.
Can you quote violence and extremism by Hindus, Jains and Budhists on people of other religion across rulers and centuries.

From Mohammad to today's Islamists, The story is full.of betrayal, Killing and looting friends and neighbors and stealing women of others to make them sex slaves and concubines and all this mandated by Aasmani Kitaab.",dankinindia,1628326389,2021-08,"Criticism of Islam as religion, but no direct hate speech against individuals.",0,0,0,0,0,0,0
h81ccy6,Bruh wtf did he just compare Muslims with Puncturewalas and Hindus with people running the market? At 8:21,librandu,1628326520,2021-08,"Questioning comparison, no hostility.",0,0,0,0,0,0,0
h81ci56,"I am sorry but my observation wasnt against your friend.
For all I know, Your friend maybe a wonderful soul like Dr. APJ Kalam. Who am I to judge a stranger anyways.

The way you posted your original comment somehow came across as "" my friend is a Muslim and is great, so all Muslims must be""
Which triggered my response.",dankinindia,1628326653,2021-08,"Clarification, no hostility.",0,0,0,0,0,0,0
h81dmxd,"Mixing up issues.
Women treated badly is a gender issue plaguing every civilization. It's not exclusive to us. 
The whole argument was about violence and religious bigotry by Muslims against every other religion in the world. If someone's religion sanctions it and demands of it followers to kill , rape or forcibly convert others, something must be wrong with it. Why blame the followers only. No other religion sanctions such barbaric thoughts and such injunctions have been confined to the dustbin of history and have no role to play in civilized world.

We aren't discussing vices within Hinduism atleast in thus thread so I will not get into the discussion about caste system.",dankinindia,1628327677,2021-08,"Discussion of religious texts, no direct hate speech.",0,0,0,0,0,0,0
h81dv7n,"But did you ever read anything related to Islam before making comments like ""the religion teaches them"" And stuff. If you read can you please tell me where they said it or it was written thanks",dankinindia,1628327889,2021-08,"Asking for sources, no hostility.",0,0,0,0,0,0,0
h81evrr,Plot twist : the reporter was muslim himself,indiandankmemes,1628328820,2021-08,"Observation, no hostility.",0,0,0,0,0,0,0
h81f883,"&gt;Islamists in Pakistan, the same guys who rape, murder and forcefully convert your people daily

Wo ni dikhta Inko. Wo chalta he. Bcuz moozlem and sikh brothers. Sanghi are problem.",sham_sharma_show,1628329135,2021-08,"Profanity and communal slur against Muslims, with sarcasm.",1,0,1,0,1,0,0
h81g23g,"Ancient history? Glorious Empires? Culture Surviving Islamic invasions and colonization both? Contribution to mankind throughout the history?

No , you will be known for shitting on streets",saimansays,1628329885,2021-08,"Insulting Indians, but no identity-based hate.",0,1,0,0,0,0,0
h81gbsv,"but well i don't understand why ? what is wrong with them to show a muslim  showing awareness towards covid , wearing masks and even testing for wuhan virus ?",sham_sharma_show,1628330132,2021-08,"Questioning media portrayal, no hostility.",0,0,0,0,0,0,0
h81gm0v,Handful of Muzlims plundered and killed so called viraat chindus for 100s of years they are superior to you in every way. Your rajas were real bulla ass lickers because if they didn't you would be dead,indiandankmemes,1628330383,2021-08,"Profanity and communal hate against Hindus, with sexual slur.",1,1,1,0,1,0,0
h81gma2,"Oh no.. that would allow muslims to come. No no no.. nope! Can't have that. Muslims defeated Hindu rulers. We need to keep muslims out or they will start another Mughal Raj and take away power from bhramins, the supreme overlords that Tanatan dharam has sent us.",unitedstatesofindia,1628330389,2021-08,"Anti-Muslim hate speech framing Muslims as invaders and a threat, with casteist undertones.",0,0,1,0,1,0,0
h81gpu6,"&gt;ponga pandit

Ponga kya hai?",indiandankmemes,1628330479,2021-08,"Rhetorical question mocking a Hindu priest, no profanity or identity-based hate.",0,0,0,0,0,0,0
h81guz6,"Muslims hate interfaith marriage.. guess who also hates interfaith marriage? RSS and their little incel monkeys like bajrang dal. 

Hmmm I wonder how they could be related? 🤔",unitedstatesofindia,1628330605,2021-08,"Criticism of RSS and Bajrang Dal, no profanity, no hate speech.",0,0,0,0,0,0,0
h81hqnt,"Pandit ji, thank you for
coming to this yagya.

&amp;nbsp;

[Quote Sauce](&lt;https://youtu.be/bJc_FB8yaYw/?t=00h00m36s&gt; ""A rick-roll for sure"")
***
^^I ^^am ^^a ^^man ^^of ^^focus, ^^commitment ^^and ^^sheer ^^fucking ^^will. ^^I ^^reply ^^to ^^Bhendi, ^^Timothy, ^^Saiman ^^or ^^Saibot ^^^[Know&amp;nbsp;more](https://redd.it/fvkvw9)",saimansays,1628331384,2021-08,"Contains profanity but in a self-referential quote, no target.",1,0,0,0,0,0,0
h81hz4b,In a madarsa somewhere in Islamabad,librandu,1628331588,2021-08,"Neutral statement about a location, no hate.",0,0,0,0,0,0,0
h81i4rs,"&gt;I've seen quite a few relationships end, 2 of my own, because the other person wouldn't convert to Islam. It is a requirement for your marriage to be islamically valid.

story time",librandu,1628331727,2021-08,"Discussion of personal experience with conversion, no hate.",0,0,0,0,0,0,0
h81idkg,"let them be a nation , these dumbfuck mallus don't even the moplah genocide of hindus where moplah was declared a part of the caliphate and most who didn't convert to Islam were slain then and there most being nairs , its a few decades at most till that repeats again",desimeta,1628331942,2021-08,"Hate speech against Muslims and Mallus, with profanity and historical accusations.",1,0,1,0,1,1,0
h81ijov,"Pakistani muslims were Indian invaders.. ahem, Indian muslim once.",desimeta,1628332089,2021-08,"Anti-Muslim statement calling them invaders, no profanity.",0,0,1,0,1,0,0
ijpk7s0,"Honestly, Captain Marvel was badly trolled. I clearly remember that. Ms. Marvel' constructive criticism was overshadowed by islamophobic hate on social media. 

Hollywood films are plenty trolled. Difference is that India gives too much importance to social media opinions. Hollywood doesn't and neither does the general population and audience who go and buy tickets.",bollyblindsngossip,1660134283,2022-08,"Discussion of media criticism, no hate.",0,0,0,0,0,0,0
ijpmzwc,"It is in Islam for raping a women of the country but not for raping women of defeated countries in battle those women are sold openly and they are free to do whatever they want with them

And remember even the women who belong to the country can be raped if didn’t wear hijab or don’t have any male companion with them when outside

And this is rape by outsider but there is no rules for rape in family a husband can demand sex with his wife day before delivery of child they are objects to there husband and husband can beat them and do whatever he wants with them and this is actually a Islamic law",sham_sharma_show,1660135684,2022-08,"Hate speech against Islam and Muslims, with profanity and sexual violence.",1,0,1,0,1,0,1
ijpo2io,"_""Maro mujhe maro""_ Some random Muslim Pakistani 


_""Allahu Akbar""_ Last words before blowing themselves up


Kaun jyada masochist hai",indiandankmemes,1660136195,2022-08,Mocking Muslims with profanity and religious slurs.,1,0,1,0,1,0,0
ijpols9,ME WITH 1 YEAR OF PHYSICS WALLAH WATCH TIME,indiandankmemes,1660136450,2022-08,"Neutral statement about watch time, no hate.",0,0,0,0,0,0,0
f04jvut,"Englund banega Dar-ul-Islam

Incellah Incellah.",bakchodi,1568389111,2019-09,Mocking Islam with profanity and religious slurs.,1,0,1,0,1,0,0
f04k4ed,"LOL you're right. Pak is going bankrupt. Their deficit is 12 billion and they only have 15 billion dollars in liquidity.   


both the world back and all the muslim rich nations do not want to provide Pakistan anymore loans and bailouts.   


Day Zero of complete economic collapse for Pakistan is expected to be September 2020. And then finally, Singh and POK will be so cheap, India can literally purchase it for pennies.",bakchodi,1568389263,2019-09,"Political commentary on Pakistan's economy, no hate speech.",0,0,0,0,0,0,0
f04kc5b,"Wait a second, as a Bangladeshi Hindu, wtf would you even want Bang back?! Why you you want to add 160 million muslims? I understand taking pak back. Because they are indeed as threat with nukes. But Bongs are damn near harmless. besides, they are economically being enslaved by India. Good Job modi.   


Anyway, in all honesty I choose the latter. Let things go as they are. pakistan has 1 year to survive until its economic collapse, IF they never get a bailout. So things will fall into place for India very soon. JAI HIND!",bakchodi,1568389402,2019-09,"Political commentary with mild anti-Muslim sentiment, but not hate speech.",0,0,0,0,0,0,0
f04l1m7,"&gt;look up who the founded of Ashokas empire

A Hindu monarch founded the Mauryan Empire.

&gt;Hindoo were high IQ and brave, much more than compared to Buddhist.

So they allowed Muslims to have even more rights in the constitution, even when they were backstabbed during partition?

&gt;You are just an Ambedkar follower, leave the religion of Buddhism alone, your IQ is too low to even comprehend it .

He larps as an Ambedkarite, he is an old comrade of ours.",bakchodi,1568389856,2019-09,"Discussion of history and religion, no hate speech.",0,0,0,0,0,0,0
f04m3t3,"&gt; Wait a second, as a Bangladeshi Hindu, wtf would you even want Bang back?! Why you you want to add 160 million muslims? 

Bongs are harmless, and that's the point; Muslim or otherwise. Getting Dhaka back would be extremely strategic for India. Pakistan is a baby, China is the big daddy. Getting Bang back would end Chinese influence in the region. If we get Bang back, we will have better routes to NE. With that, we can start to fight the Chinese in Burma.

Anyway, I'm not interested in India owning Bangladesh, all I care about is the transportation access. No taxes, no duties, no restrictions; commercial, military, or just civilian. Instead of us pressuring Bang, we should make Bangladesh our cuck. Give Bangladesh tons of money for unlimited access, so much money that Bang can't stop sucking our cock. We will make so much money and power by buying Bangladesh. IMO.",bakchodi,1568390526,2019-09,"Political commentary with sexualized language, but no hate speech.",1,0,0,0,0,0,0
f04omlt,How about putting up a memorial in Balakot where all those Islamic terrorists were annhilated?,bakchodi,1568392131,2019-09,"Political commentary, no hate speech.",0,0,0,0,0,0,0
f04rwzp,"Main communist to ghante se nahi ho. Lekin aap log bas label kar dete ho. Jo BJP ke baare me kharab bole wo liberal ya muslim ya communist or something else. 

Matlab aap log ko Modi ka koi criticism bardaasht nahi hota. Arey wo bhi insaan hai, galti us se bhi ho sakti hai.",bakchodi,1568394241,2019-09,"Political criticism, no hate speech.",0,0,0,0,0,0,0
h8xcqc3,Masha Allah Brother,bakchodi,1628958401,2021-08,"Religious greeting, no hate.",0,0,0,0,0,0,0
h8xdeuq,"Ek dusre se hate vo tab karte hai jab khali vo country islamic ho, lekin jab vo kisi non islamic country me baithe ho toh sab ikkathe hojate hai chahe mamulak azlaf ho ya Ashraf, kafir majority country me vo ek satha hojate hai",desimeta,1628958692,2021-08,"Comment discusses Muslim behavior in Islamic vs non-Islamic countries, implying disloyalty and hypocrisy, targeting Muslims as a group.",0,0,1,0,1,0,0
h8xdpmv,"I know thats why i stopped saying islam after first line. I feel like religion was meant to be a path/ a way to live a better life in which some of the principal were supposed to make people lives better. But now it has become is cage of some outdated rules which wasn't even that much important. If you read gita or kuran some of the stuff is really good in there and people were supposed to improve on that but instead what people focused on formality of following the rules about what to wear and what to eat and what to pray. 
I feel like religion was like common sense of society back in the day which might be right back in the days. For example it must be common sense back in the days to let women rest during periods. To help there body recover. It was good practice but it wasn't like restriction on women. But along the because of people like him who just follows rules without thinking made it restriction on women. So now women can't ever pray or do common things.",librandu,1628958819,2021-08,"Comment criticizes religion and its rules, but does not target any specific group with hate; it's a general critique.",0,0,0,0,0,0,0
h8xe0x2,Habibi ghosht khana ati humko wallah !,saimansays,1628958953,2021-08,"Comment is a casual statement about eating meat, no profanity or hate.",0,0,0,0,0,0,0
h8xeet9,"Awami basically congress of Bangladesh. Appeases minority hence like how congress is called Islamist here, it's called hindutvadi there.",librandu,1628959118,2021-08,"Comment compares political parties, no hate speech.",0,0,0,0,0,0,0
h8xfxa7,"In das capital chapter 69 verse 420 marxallah said ""do not insult pakistan by saying pkmkb for those who do it have no place in the bolshevik jannah""",librandu,1628959768,2021-08,"Comment is sarcastic, mocking religious texts, but not targeting a group with hate.",0,0,0,0,0,0,0
h8xgapl,"&gt;So we're basing the idea that this is a widespread phenomenon, on 11 cases?   
&gt;  
&gt;Eleven cases?

11 out of all 14 cases in a particular city.

&gt;However that percentage is meaningless without widespread statistics.

Funny thing is, all reported incidents of a man pretending to belong to another community to entrap women from that comminity, seem to involve Muslim men and non Muslim women.

If you do find anything of the sort, please do let me know. I can give you a couple dozen incidents of forced conversions involvolving Muslim men targeting non Muslim women.",unitedstatesofindia,1628959928,2021-08,"Comment discusses alleged incidents involving Muslim men and non-Muslim women, implying a pattern, targeting Muslims.",0,0,1,0,1,0,0
h8xglff,"I have said it before and I will say it again, Jai Shree Ram is the new Allahu Akbar. Run for your lives if you hear one",unitedstatesofindia,1628960057,2021-08,"Comment equates Jai Shree Ram with Allahu Akbar, implying danger, targeting Muslims.",0,0,1,0,1,0,0
h8xgsna,"&gt;Your own god raped 9 year old. And you're telling me that?

I dont have a god I am god your allah is my slave",librandu,1628960142,2021-08,"Comment contains profanity and insults towards Allah and Muslims, targeting religion.",1,1,1,0,1,0,0
h8xis2i,That too in a Muslim majority nation,librandu,1628960994,2021-08,"Comment is a short statement, no hate.",0,0,0,0,0,0,0
h8xj6ae,"I stay near to SSKM hospital ..in Shambhunath Pandit road..where I work after my pg too..that whole locality is majority of Punjabis and Marwadis.I have been staying here for 7 years or so..and its been always the same ..welcoming of other communities..in fact you see more shops here selling chole bhature than traditional Bengali food...so clearly its you who is deluded and have the wrong impression .

I dont think your ""visits"" are long enough to grasp the reality of diversity and the hospitality of one of the most densely populated cities in India.",desimeta,1628961167,2021-08,"Comment defends a locality, no hate.",0,0,0,0,0,0,0
h8xj6sn,[Islamic Terrorism](https://www.hindustantimes.com/india-news/jk-bjp-functionary-injured-nephew-killed-in-grenade-attack-in-rajouri-101628825570521.html),unitedstatesofindia,1628961173,2021-08,"Comment is a phrase, no context, but could be seen as targeting Muslims.",0,0,1,0,1,0,0
h8xklsi,"As long as it's in the geopolitical interest of USA, Saudi and Pakistan to keep Afghanistan unstable and sell arms to various players. And as long as Saudi keeps pumping petrodollars into wahabi and salafi ideology..there will be Taliban and isis in the middle East.

All that killing osama bin laden did was give everyone else a promotion and a shot at the top post.

Edit: there's a book called *Taliban: Militant Islam, Oil and Fundamentalism in Central Asia* which has explained how Taliban rose to power backed by American firepower, armed mujahideen and Soviet apathy.",unitedstatesofindia,1628961776,2021-08,"Comment discusses geopolitical issues, no hate.",0,0,0,0,0,0,0
h8xkxqu,"Maine ye toh nahi kaha ki dusri taraf extremism nahi hai? Bas dono ek dusre ka extremism point out kar rahe!! Tere ye tatti “Islamic Terrorism” wale comment ne mera point prove kardiya! Whereas we should have focused on mediation and other constructive approaches to counter the rising islamic extremism in India, we are just teaching our Hindu population to become as extremist as the people or ideology they are so hell bent on eradicating. Hindus are becoming extremist just to counter islamic extremism? How does that solve anything? India doesn’t belong to the people of one religion, we are an amalgamation of cultures and religions.
Khalistanis are extremists, Jihadis are extremists, kattar Hindutvawadis are extremists. Just pointing at each other won’t do shit, this in fighting amongst our own people will only hurt our nations interests and fulfil only some politicians agenda of “divide and conquer”. Sab vote bank ka khel hai! Kursi ke liye desh barbaad kara ja raha hai!",unitedstatesofindia,1628961918,2021-08,"Comment criticizes extremism in general, no hate speech.",0,0,0,0,0,0,0
i0pdf6p,Islamic invasions fucked india more than Britishers did,sham_sharma_show,1647313854,2022-03,"Comment contains profanity and blames Islamic invasions for harming India, targeting Muslims.",1,0,1,0,1,0,0
i0pe8n1,"&gt;Muslims are from India, many of them did leave for the homelands created for them. 

They did? Then why is India one of largest Muslim populated countries in the world?",librandu,1647314255,2022-03,"Comment questions Muslim population in India, no hate.",0,0,0,0,0,0,0
i0pga71,"It would have been even larger population of Muslims in India but since South Asia has two Muslim homelands, Pakistan and Bangladesh, it’s now split in these three sovereign countries. 
They were created to meet the demands of a pro-British religious party, Muslim League who claimed to speak for all the Muslims. That party still exists in Kerala, right?",librandu,1647315276,2022-03,"Comment discusses history, no hate.",0,0,0,0,0,0,0
i0pgsah,They were created to meet demands of RSS. I highly doubt Muslim league were pro Britishers since Muslims were the reason why colonies couldn't take control of South India.,librandu,1647315529,2022-03,"Comment discusses history, no hate.",0,0,0,0,0,0,0
i0pgsj9,"1. This mans is ranting about Reddit on Quora. Quora itself is epitome of stupidity and should be the last option to read and form opinions.     
     
2. His third point was literally just that some reddit admin is “anti-muslim” &gt;!which is actually based ;)!&lt; and a nationalist which explains that the dude is an murican leftist himself.     

3. And as we all know,     
\&gt; Leftist Detected.     
\&gt; Opinion Rejected.     

4. Case closed.",indiadiscussion,1647315532,2022-03,"Comment criticizes Reddit and Quora, no hate.",0,0,0,0,0,0,0
i0ph04k,So you accept Muslims are gadhar Or what?,librandu,1647315640,2022-03,"Comment uses a derogatory term for Muslims, targeting them.",0,0,1,0,1,0,0
i0phf5w,"#[Link to our Official Discord Server](https://discord.gg/NTpXGZVKTc)
To download the video you can use one of the following sites:

#[Download link #1](https://redditsave.com/info?url=https://www.reddit.com/r/IndianDankMemes/comments/tefwim/allah_hu_akbar/)

#[Download link #2](https://saveredd.it/?url=https://www.reddit.com/r/IndianDankMemes/comments/tefwim/allah_hu_akbar/) 

#[Download link #3](https://viddit.red/?url=https://www.reddit.com/r/IndianDankMemes/comments/tefwim/allah_hu_akbar/) 

#[Link to Trim the Video](https://reddloader.com/download-post/?url=https://www.reddit.com/r/IndianDankMemes/comments/tefwim/allah_hu_akbar/&amp;id=aafd4548)

*I am a bot, and this action was performed automatically. Please [contact the moderators of this subreddit](/message/compose/?to=/r/IndianDankMemes) if you have any questions or concerns.*",indiandankmemes,1647315855,2022-03,"Comment is a bot message, no hate.",0,0,0,0,0,0,0
i0phjvd,"Bruh. Ur cult literally wiped out many humans and still they go around with AK47 and locals killing Kafirs just because they compared ola with other gods.
u muslim only know how to play victim card. Ur ancestors will be proud",dankinindia,1647315924,2022-03,"Comment uses 'Kafirs' and 'muslim' to demean a religious group, with profanity and victim-blaming.",1,1,1,0,1,0,0
i0pii5p,"Kya? Abe mulle Munawar fukeri jaise nalla mulla Ram ke upor comedy kar ke jinda bhi hai aur fame bhi.
Kishan naam ka Gujarat bande ko goli mar diya jab usne SM pe Ola ko compare kiya Other Gods ke sath. 
Ek number ka katwa hai tu bc. Wah!!!",dankinindia,1647316426,2022-03,"Uses slurs 'mulle', 'katwa' and profanity to attack a Muslim individual and community.",1,1,1,0,1,0,0
i0pj5v1,"I highly encourage you to read on the partition of India. British controlled South India and had vassal states. They even built Chennai from scratch. 

You just insulted Pakistanis by saying their country was created through RSS’ demands. Muslim League supported the British during WW II in lieu of partition of India. RSS wasn’t even a major player then. RSS wanted all Muslims to be shipped to Baluchistan and NWFP or perhaps even to KSA.",librandu,1647316777,2022-03,"Historical discussion with criticism of Pakistan and RSS, no direct hate speech.",0,0,0,0,0,0,0
i0pjfsu,Lol. Entire Bollywood insults Hindu gods. But Atleast this guy has the guts to show reality of muslim terrosist spearding their cult by commiting genocide. Already so many people watched with Tax free declared by Govt.,dankinindia,1647316924,2022-03,"Accuses Muslims of terrorism and genocide, dehumanizing the community.",0,0,1,0,1,0,0
i0pjkw3,You yall librandus must be so pround that your illiterate moslem bros picked those guns. The pandit merely predicted that these moslem idiots will always play the violent card cuz they're in majority.,librandu,1647317000,2022-03,"Uses 'librandus' and 'moslem' to demean Muslims, implying violence is inherent.",0,0,1,0,1,0,0
i0pjox8,"Sure, they do not need my seal of approval to prove their legitimacy, however you couldve said the same thing about the colonial government as well. 


Lmao safe haven provided by bourgeois democracy? You've to be stupid to say that. Everyday hundreds of dalits get lynched and killed and many other minorities too in this country. You've to be extremely biased to only look at 1 pogrom from the 90s and think that that situation applies to the rest of the country. Also Hindus being a victim of communal violence in mainland India is just false. Perhaps dalit Hindus could count as victims but definitely not UC privileged Hindus. Also Jesus Christ man, what good are you going to get thinking that Hindus are oppressed and that the Muslims are invaders or smth when everyday your surplus is being stolen by the capitalists and you work for poverty wages stripped off from your welfare and rights? Just read Marx or smth man or just actually talk to minorities in this country.",librandu,1647317060,2022-03,"Political critique with mention of dalits and minorities, but no hate speech.",0,0,0,0,0,0,0
i0pjsw5,"Tum Randwo ka Randi rona shuru ho jata na fir. Muslims are not safe, free us. Pakistan zindabad bolte. And yes, bjp should be seriously burnt for the slack they did. Lekin",sham_sharma_show,1647317120,2022-03,"Uses 'Randi rona' and 'Randwo' to demean Muslims, with profanity and communal slur.",1,1,1,0,1,0,0
i0pjv4d,"Woh fake peaceful arthaat Kashmiri pandito ko bol rahi hai


Nahi toh asli peacefuls ko hum jaante hi hai",sham_sharma_show,1647317153,2022-03,"Sarcastic comment about Kashmiri pandits, no direct hate speech.",0,0,0,0,0,0,0
i0pjzdj,Pandit was for statehood of kashmir muslim Hindus included. Pandit was inclusive secular and democratic and loved kashmir. Don't try mental gymnastics with ur shit brain iq imbecile.,librandu,1647317217,2022-03,"Insults opponent's intelligence with 'shit brain iq imbecile', personal attack.",0,1,0,0,0,0,0
i0pkfns,"Haven't seen both of the movie but didn't Kedarnath promoted a movie where a Hindu girl is in love with a muslim who sacrifices his life to save the Hindu girl. 
Just recently a Hindu girl was stabbed to death by her muslim husband after finding out he already had 3 wife and children.
Reality is much more worst than the movies

https://twitter.com/hindustanidnp/status/1502584994157391876?s=20",dankinindia,1647317461,2022-03,"Discusses movie and real incident, no hate speech.",0,0,0,0,0,0,0
i0pkhmy," Pretty sure you know shit about the pandit yourself. If he lived to see the exodus, he would definitely condemn the act by the jihadis. After 75 years, Kashmir finally has hope and the vest part is that none of your liberandu rants are gonna stop that hahah fuck you! Modi for 2024!",librandu,1647317492,2022-03,"Uses profanity and 'jihadis' to attack Muslims, with political support.",1,1,1,0,1,0,0
i0pko5y,"aise chutiyape ki wajhase jo muslim india me rhete hai unka jeena haram go gya hai, harkate hi joote khane wali karte ho tum laude",dankinindia,1647317588,2022-03,"Uses profanity and blames Muslims for making life hard, communal slur.",1,1,1,0,1,0,0
i0pkygq,"Irony is this clown putting up a DP claiming support for ukraine, while trying to dehumanize the trauma faced by generations of Kashmiri pandits.",desimeta,1647317743,2022-03,"Criticizes a person's hypocrisy, no hate speech.",0,0,0,0,0,0,0
i0pnkbq,"It's been 2 years since they had a democracy and when they had a democracy they couldn't pick the leader they desire from liberals to Islamist. On top of that our beloved country is picking beloved leaders like Yogi Adityanath with thumping majority. It's like you want to sell your house but the neighbour put a court stay on it. 
When MMS was in power slowly but steadily people were integrating into India but now we are back to zero.
Regarding Punjab, my village lies there even at its peak of its insurgency it was never supported by all Sikhs rather just percentage of jatts. But it could accelerate again when they see India elect BJP again where minister son run down their own people.",librandu,1647319228,2022-03,"Political commentary on democracy and leaders, no hate speech.",0,0,0,0,0,0,0
i0pnmw1,"Abe katwe kya raha hai? Feminist, rapist men psedue kaha se aa geya me bol raha hu ""All terrorist are muslims"" simple. Isme itna kya ghuma raha hai. Sachai sunte hai gNd me darad",dankinindia,1647319270,2022-03,"Uses slur 'katwe' and profanity, asserts all terrorists are Muslims.",1,1,1,0,1,0,0
i0pnzlr,"Chutiya hona kharap nahi hai. Hinzda hona kharap hai. User naam represents a person's perspective their daily life. Like me being born in 95 with name Jay. And u having Yadav and telling this Movie is a lie. 
A 17 yr old Hindu boy beaten to death by muslim for celebrating Saraswati puja in muslim populated area is living in binary",dankinindia,1647319480,2022-03,"Uses profanity and 'Hinzda' (slur) to insult, with communal accusation.",1,1,1,0,1,0,0
i0pobcw,Wo log pakistan aur islam ko interchangeably use kerte hai bro,saimansays,1647319677,2022-03,"Observation about conflation of Pakistan and Islam, no hate speech.",0,0,0,0,0,0,0
h3nzkox,"Lol, sanghis hate Muslims don't you know? If you're willing to call Muslims sanghis instead of jihadis (  which I'm sure you won't because that's not very politically correct now isn't it) , why don't you call sanghis ""Hindu jihadis"", stupid mental gymnastics to dodge making any politically incorrect statements about pooslims.
We don't even need many names, just one name captures all of your seething pretty well I.e ""librandu""",indiandankmemes,1625133649,2021-07,"Uses 'sanghis' and 'librandu' to attack political opponents, but no religious hate.",0,0,0,0,0,0,0
h3nzmyq,"&gt;On the question of inter-religious marriage, most Hindus (67%), Muslims (80%), Sikhs (59%), and Jains (66%) felt it was ‘very important’ to stop the women in their community from marrying outside their religion (similar rates of opposition to men marrying outside religion). But considerably fewer Christians (37%) and Buddhists (46%) felt this way.

Love jihad and bhagwa love trap imaginations are very prevalent apparently",librandu,1625133704,2021-07,"Quotes survey data, no hate speech.",0,0,0,0,0,0,0
h3nzpby,"Hahaha you seems to be whatsapp graduate.In south India I have seen several time when a girl is married to its Maternal uncle(mama).
Custom culture and religion qre three different thing.
First go and learn about halala first.It is not about the sexual relationship.
After triple talak same women and man cannot marry again and for this a another legal marriage has to be done.
When I say legal marriage it means a man has to care his wife and vice versa. Marriage is not just for a night and having sexuaul relationship.

There is no verse anywhere which says Halala is applicable only for marriage Halala mean to make something Halal as per Islamic tradition.
Nowhere it is mentioned it has to be done with local maulvi/Brother-in-law.If people are doing it just to fulfill there desire to get married to same girl then it is not halal at all.
It seems yucky for you because you are unable to understand the meaning of Marriage.",indiandankmemes,1625133761,2021-07,"Explains halala concept, no hate speech.",0,0,0,0,0,0,0
h3nzsi4,"Sanghis are not just Anti Muslims, they are anti dalits, anti Women, anti development, anti science and Pro casteism, pro bhamanvaad and basically, the worms of the society. They don't hate muslims because they are into some religious shit, they hate them because they had ended what they think or perceive as Hindu Dominance on the land. It bafflese because Muslims came and won clean. Did wars and won all of them so.. what's the point. They converted people so what? Hindu leaders too converted Buddhists when they got the chance. Everyone does it. Uncle muddi ji is also trying to bring some change and he has the right because he got the power to do it. Problem for him though is, it's freakin too late now.",indiandankmemes,1625133837,2021-07,"Criticism of Sanghis with political and historical arguments, no personal abuse or identity-based hate.",0,0,0,0,0,0,0
h3nzszx,"Haha, what do you think, who was the most ra--ped in Mass rap-es by mughals, who filled the most harems of mughal Invaders? Who was killed for forceful conversion the most? If Muslims avenged your ancestors, why does castism exists among Muslims of India? Why didn't your ancestors convert to Islam if it was so beautiful ?
The thing is, you've been fed the same bullshit that our ancestors had a relationship similar to American whites and blacks, that you were ""denied education"" and shit. All of which is untrue, amplified by the British just like sati.",indiandankmemes,1625133849,2021-07,"Historical accusations against Muslims as a group, with demeaning language and conspiracy framing.",0,0,1,0,1,0,0
h3nzx50,"Abe chusli, Muslim Sanghi ka matlab smjh ni aa raha kya? I can interchange Taliban with Muslim Sangh too, or Sangh as Hindu Taliban. All same. You are just hindu talibanis who nourish on hate, nothing else.",indiandankmemes,1625133947,2021-07,"Insults and equating Muslims with Taliban, dehumanizing religious group.",1,1,1,0,1,0,0
h3o0286,"Heh, Muslims came and won clean, that's nice. Why don't you go on and justify slavery if you're at it then? Going by your logic, there was nothing wrong in the supposed ""discrimination"" that your ancestors faced by us right? They won over you clean and thus made you their slaves, and ohhh
So that's why you hate upper castes, because they wiped the floor with your ancestors and won clean so they had to serve them even when brahmins we're always a minority?
That's a great insight man, thanks this will be useful in an argument against a bheemta.
And nah, sanghis hate none of those people. You're so deluded 🤦",indiandankmemes,1625134066,2021-07,"Sarcastic historical argument, insults upper castes and bheemta, but no clear identity-based hate.",0,0,0,0,0,0,0
h3o065f,"wow if only all muzzies could be like that

only good muslims in our country till now:

Khan sir

APJ abdul kalam

this random girl with 110k subs",librandu,1625134161,2021-07,"Uses derogatory term 'muzzies' for Muslims, demeaning religious group.",0,0,1,0,1,0,0
h3o08f6,"Kek
What if I say I hate RSS? I am not a part of any organisation just my religion, would you still call me by the name of some organization ? Because that's exactly what you're doing, using ""Muslim sanghis"" instead jihadis even when they the Muslims ""sanghis"" aren't a part of any organisation. 
Why don't you use ""jihadi"" which is what they use for themselves straight up?",indiandankmemes,1625134215,2021-07,"Political argument about labels, no personal abuse or hate speech.",0,0,0,0,0,0,0
h3o0ak8,"Bro meme hai, itna serious kyun hogai, aur waise bhi jab Muslims pe meme bantey hain tab kahan rahtey ho?

Bro don't think because I am a muslim (actually I don't believe in god and stuff) so I will post only on Hindus, I just posted this cause a lot of memes were against Muslims so just wanted to balance it out. I am sure my next meme will be against Muslim or Christians and maybe others.",saimansays,1625134267,2021-07,"Discussion about memes, no hate speech.",0,0,0,0,0,0,0
h3o0f70,Are Bhai ye to abhi Ka scenario hai lekin jab Kashmiri pandit aur bhi kafi Sare galat kaam huye the to tumhari Congress Kaha thi. Aur ha jab Mumbai me atanki hamle hue aur log mare to tumhara remote controlled manmohan Singh Kaha tha. O ek modi hi hai jisne aatanki hhamlo Ka jawab diiya Nahi to Congress agar hoti to hamare Jawan sahit hote hi rahte aur log bhi. Samjhe secularism ke chamche,dankinindia,1625134376,2021-07,"Political criticism of Congress and praise of Modi, no hate speech.",0,0,0,0,0,0,0
h3o0gms,Sub started from Hindu memes to muslims memes to what you did now lol,saimansays,1625134409,2021-07,"Meta-commentary on subreddit content, no hate speech.",0,0,0,0,0,0,0
h3o0nj3,"&gt;&gt; 74% Muslims prefer Sharia courts

&gt;*radical* islamist chutiye hain


A transparent attempt at portraying a majority opinion as a radical one. Lol do you guys even try?",unitedstatesofindia,1625134568,2021-07,"Criticism of portrayal of Muslims, uses profanity but no personal attack.",1,0,0,0,0,0,0
h3o0oj5,"I came here for the memes, instead saw some nibbas fightin over hindu Muslim cultural bs.",indiandankmemes,1625134592,2021-07,"Frustration with religious arguments, no hate speech.",0,0,0,0,0,0,0
h3o0pjf,"As I said in the first line of comment, ""ek dusre"" (hindu Muslim ko or Muslim hindu ko) ko offend karne mai lage hai.... Maine kisi ka side nahi liya.. Infact jo Muslims pe post karre wo bhi bekar hai.... Na to ye meme hai na to wo... They are not even funny, bas ek dusre ko pareshan karre ho...

It's not a meme, memes are supposed to be funny and universal .... Ye ek dusre ko bura bhala bolne se jyada kuch nahi hai!!",saimansays,1625134616,2021-07,"Criticism of memes, no hate speech.",0,0,0,0,0,0,0
h3o0qtz,"my father prepared for UPSC, got to learn history became a socialist kinda guy, hated Modi with all his guts since 2023 campaign, stopped watching news he knew shit was sus.

dada and rest of my family support BJP, Nana was a liberal, even had muslim mates in the orthodox village of bihar, so mom doesn't hate but has her stereotypes. Rest all are chaddis",librandu,1625134646,2021-07,"Personal family political views, no hate speech.",0,0,0,0,0,0,0
h3o0rg8,Not every Muslim has 2-3 wives.,saimansays,1625134661,2021-07,"Neutral statement about Muslims, no hate speech.",0,0,0,0,0,0,0
h3o0rxb,"Muslims didn't make your papa mummy their slaves, or did they? They never created sects and separations to make lives hell for non hindus. Akbar had his court full of Hindus and so did Aurangjeb. Shivaji maharaj had 7 muslims in his court, his closest was also a muslim. There was no distinct dehumanizing separation between the two communities unlike Dalits and Bhamans. Some laws like Jijiya favored muslims but apart of that, what else? Don't try to even draw a parallel here. Dalits don't hate bhamans because they ruled the land. They hate them because they created clean separations inhuman enough to destroy an entire community for centuries after centuries. Did muslims made Hindus untouchables? I don't think so. Moreover, they ruled for enough time. If muslims rulers were actually serious, your papa would be a Yunis and you a Rajjak today. Serious kaun the jaante ho? The worst of them all, bhamani Dakshina Khors.",indiandankmemes,1625134673,2021-07,"Historical argument comparing treatment of Dalits and Muslims, no hate speech.",0,0,0,0,0,0,0
h3o15ih,"muslims be like: why should hindu gods have all the fun .
hum bhi 5 biwi rakhege...
ohhhh ""No offense"" guys",saimansays,1625134986,2021-07,"Mocking Muslims with stereotype about multiple wives, demeaning religious group.",0,0,1,0,1,0,0
h3o17um,"Are naam me kya hai, karam dekho, yahi kaha hai na Geeta me. Hindu Taliban ho ya Muslim Sangh, karam to ek hi dono ka, Nafrat failana aur Zeher k bij bona.",indiandankmemes,1625135042,2021-07,"Equating Hindu and Muslim groups, no hate speech.",0,0,0,0,0,0,0
h3o18sw,Muslims either marry their own sister or they Marry Hindu girls to convert them ( love jihad ),indiandankmemes,1625135063,2021-07,"Accusing Muslims of incest and love jihad, demeaning religious group.",0,0,1,0,1,0,0
h3o1dm7,"Nafrat failana is a religion doctrine of Muslims, you should call all muslims sanghis then? Ever heard of Muslim vs kaffir distinction?",indiandankmemes,1625135177,2021-07,"Political argument about Muslim doctrine, no hate speech.",0,0,0,0,0,0,0
h3o1hbp,"The title should be “Bjaypee goons enter into a temple and smashes a water cooler donated by SP MLA.”

But that would not suit Anuja Jaiswal and ToI’s Hindu-Muslim agenda.",librandu,1625135264,2021-07,"Criticism of media bias, no hate speech.",0,0,0,0,0,0,0
h3o1rl6,"Dude have you seen the previous comments? It definitely wasn't me who started the where Aboutery. It was one of your own who started blaming Muslims , so I retorted. 
Also yeah it took one of the oldest cultures 2000 years to realise that women should not the burnt alive ? Yeah great but still more 1000 years to eliminate caste system. 
Caste system is still practiced that's all I said. Even female infanticide is still practiced in rural hindu areas. 
But it's India where gender determination is still a crime. Even in Muslim countries, it's allowed so why it ain't allowed here in India? Think about it. 
And again jinke ghar shesshe hote hai woh doosro pe pathar nhi maarte 😂😂.. Take care.",indiandankmemes,1625135503,2021-07,"Comment discusses historical practices and criticizes Hindu society, but does not target an individual or group with abuse or hate speech.",0,0,0,0,0,0,0
h3o1wqc,"Oh. I didn't watch the movie either😅 but then genetically, incest is not suggested. The reason we check if the people getting married and their families aren't related. The problems can arise about six generations down from the couple too. Major problems will start by the third generation if they continue the trend, physical ones that is. Genes are a very important thing and how it will affect the generations further needs to be taken into consideration. Ik in India many Muslims are okay with marrying their second cousin to avoid major problems. And within Hindus its fine if you marry someone from your mum's side. Genes don't agree with it but let people do what they do I suppose 🤷🏻‍♀️",indiandankmemes,1625135623,2021-07,"Discussion about genetics and marriage practices, no abuse or hate speech.",0,0,0,0,0,0,0
h3o202r,"India was the richest before Islamic invasions wasn't it ?
But, why didn't Ashoka remove all discrimination when be had the power, he was a king right ?",indiandankmemes,1625135699,2021-07,"Rhetorical question about historical figures, no abuse or hate speech.",0,0,0,0,0,0,0
h3o2b9o,"😌 yeah, more piles of horseshit. 
India is socially better than pak because it's majority Hindu, Hindus were willing to change unlike ""Muslim sanghis"". 
But yeah, the numbers on GDP don't really matter to most poor people, their lives are in everyway better than 7 years ago because of better availability of basic amenities like better sanitation, gas connections, bank accounts for direct benefit transfers and many other things. If people really cared about the numbers on GDP they would have shunned BJP after demonetization, right ? Why did they win again in 2019m",indiandankmemes,1625135955,2021-07,"Political commentary with mild profanity, but no targeted abuse or hate speech.",1,0,0,0,0,0,0
h3o2k4d,Stopping a women go into regressive faith like Islam is one step towards empowerment.,unitedstatesofindia,1625136161,2021-07,"Statement against a religion, but not targeting an individual or group with abuse.",0,0,0,0,0,0,0
h3o3qt4,"Fuckin your own sister is cool bro ,no offense bro 
Hindu muslim bhai bhai👍🏿",saimansays,1625137108,2021-07,"Profanity and offensive sexual remark directed at a group, but not clearly targeting an individual.",1,0,0,0,0,0,0
h3o3yem,"Ofc modi and evil RSS did pulwama, there are no actual terrorists. 
26/11 ""RSS ki shagish"" thi jaise right? muslim Terrorists ko Hindu getup deke aur Hindu passports banwake unko bhejdena taki sab maare Jaye aur Hindu aatankwad ka propaganda faila sake, shri tukaram omle ji ko Naman hai ki unhone goli khake bhi zinda pakad liye nahi toh Tum besharam to hindu terror Hindu terror chillane ke liye ready hi the.
You won't give any sort of evidence for how mudi ji did pulwama but you will claim it like it's a fact.
And yes, about the reelection, your points about pappu Gandhi being an absolute clown is true, and who does not pay for image building 🤔 I believe it's called being a politician but ok. 
Also, do you like shekhar Gupta from thePrint?",indiandankmemes,1625137274,2021-07,"Political commentary with sarcasm, no targeted abuse or hate speech.",0,0,0,0,0,0,0
h3o4d1m,So you mean to say Muslims follow Hindu Gods more than Hindus themselves xd,saimansays,1625137587,2021-07,"Sarcastic rhetorical question, no abuse or hate speech.",0,0,0,0,0,0,0
h3o4kut,"Hmmm, is mass genocide or mass r--e any different than not being allowed to just study the Vedas ?
Muslims were far worse for dalits, you still haven't answered me, in any other part of the world you would see a massive revolution against the social structure that was oppressing a big group of people ( class mostly) like in France and etc, but you won't see that in indian history, it's almost as if dalits weren't as bad as you're being fed with. 
Tell me, do you believe lower castes weren't allowed to study ?",indiandankmemes,1625137751,2021-07,"Discussion of historical oppression, no targeted abuse or hate speech.",0,0,0,0,0,0,0
h3o4na0,"Oh no spiderman converted to Christianity 

I wonder how many spider rice bags he got to leave Islam",sham_sharma_show,1625137804,2021-07,"Sarcastic comment about conversion, no abuse or hate speech.",0,0,0,0,0,0,0
h3o4ns0,"My grandfather told me that he wanted to do other work but he wasn't allowed to do so. He once tried to sell vegetables, his field was ambushed and burnt by local upper caste and he was beaten blue with no remorse. He had Achoot inked on his arm, to tell everyone that this man is not allowed to do any other work tha cleaning gutters. He said he wanted to kill himself but had no courage to do so. He had to dealt with 'Disgusting stuff' because no one else wanted to do it but Someone had to do it, right? They made him do it for them. Khud nhi krna lekin jo kr raha hai ya jisse krwaya ja raha hai wo disgusting ho gya. Instead of helping such people out, tag them untouchables, that's the morality of this land. 
P.S No muslim was involved in all this.",indiandankmemes,1625137815,2021-07,"Personal story about caste discrimination, no abuse or hate speech.",0,0,0,0,0,0,0
h3o4yhm,"When you accidently call your crush ""behen""....but you are a Muslim. : )",saimansays,1625138040,2021-07,"Humorous comment, no abuse or hate speech.",0,0,0,0,0,0,0
h3o533s,"You don't find it alarming that the local police lied about her age to newspaper untill higer ups got involved? That a middle class family can't fight them unless a politician take up thier case?



Do you recognise that forced conversion/marriages by Muslims is a prevalent rot in muslim majority area?",librandu,1625138136,2021-07,"Discussion of social issues, no targeted abuse or hate speech.",0,0,0,0,0,0,0
h3o55ae,"Panditji, nice to see you!",unitedstatesofindia,1625138180,2021-07,"Greeting, no abuse or hate speech.",0,0,0,0,0,0,0
h3o57pq,"No, they were not but its history that after a point, muslim rulers had stopped interferring in the hindu society. They only cared about Muslims and that's why, so many dalits got converted during muslim rule. Not saying it made that much difference but something is always better than nothing. You well know most of the muslims in india today were all dalits before getting converted. There is a reason most of the muslim majority still does the same occupation that were once deemed low and associated with dalits only like Butcher ( Chamar -  Chamda Retna), Joote Kaathna etc. The worst of the worst still do the same Gutter job.",indiandankmemes,1625138230,2021-07,"Historical discussion about conversions, no targeted abuse or hate speech.",0,0,0,0,0,0,0
h3o5hj9,"Kisne failaya, kisne bnaya ye sab bekar ki baatein hai,  End me Kra kisne aur Bhugta kisne, wo maayne rakhta hai. Bhugta humne hai. Mujhe mat uljhao ye brits, muslims etc me. Maine krte hue jinko dekha hai wo na brits hain na Muslims hain na Sikh hain na Isaai hain. Sirf Hindu hain aur sabke sab Hindu hain.",indiandankmemes,1625138430,2021-07,"Political commentary, no abuse or hate speech.",0,0,0,0,0,0,0
h3o5o6j,"Nice, it's not due to the resilience of Hindus society that hindus survived but because Muslims were nice people 🧐 if you don't understand how that's a flawed logic, an example would be me saying huh there are still a good number of Jews living in Germany, that must mean Hitler wasn't as bad as people think.",indiandankmemes,1625138563,2021-07,"Analogy about historical events, no abuse or hate speech.",0,0,0,0,0,0,0
h3o5yaw,"It's the same as saying all men are rapists :/
But fine I'll take you emotions into consideration, you can leave if you want but my point stays, lower castes didn't live a bad life like you imagine ( well under Muslims they definitely did )
Who do you think made our beautiful temples, the beautiful moortis of Gods we worshipped ? It was all the fourth Varna",indiandankmemes,1625138766,2021-07,"Discussion of caste and history, no targeted abuse or hate speech.",0,0,0,0,0,0,0
h3o63g6,"Muslim rulers were not Concentrating or gassing hindus. Stop trying to draw an imaginary parallel. Subjugating, converting is vastly different than eradicating. No one would say Hitler was an evil if he was only into converting jews. Conversions are part of every rule. He was the first to be involved in freaking manslaughtering an entire community outta religious bigotry.",indiandankmemes,1625138868,2021-07,"Historical discussion, no abuse or hate speech.",0,0,0,0,0,0,0
h3o65cs,"&gt;You don't find it alarming that the local police lied about her age to newspaper untill higer ups got involved?

Not that much. It just tells me that they are incompetent . 

&gt;Do you recognise that forced conversion/marriages by Muslims is a prevalent rot in muslim majority area?

I do. That doesn't mean every goddamn interfaith marriage has to be forced. Think clearly.",librandu,1625138907,2021-07,"Discussion of social issues, no targeted abuse or hate speech.",0,0,0,0,0,0,0
h3o6dor,And I wonder why Muslims rulers couldn't gas them in 15th century :/,indiandankmemes,1625139069,2021-07,"Expresses a wish for historical violence against Muslims, dehumanizing them.",0,0,1,0,1,0,0
h3o6fmx,"not even kidding, mod removed a islamophobic comment in a hinduphobic thread

What clown fucking world!",unitedstatesofindia,1625139108,2021-07,"Frustration about moderation, uses profanity but no targeted abuse.",1,0,0,0,0,0,0
h3o6qbp,Why do muslims want their own courts when our judicial system has always upheld justice for them?? I don't understand,unitedstatesofindia,1625139315,2021-07,"Questions Muslim community's motives, but no explicit hate speech.",0,0,0,0,0,0,0
h3o6v9o,"meanwhile The Special Marriage Act, 1954 that muslims have to follow but Vishnu, Brahma didn't - *Am I a joke you?*",saimansays,1625139410,2021-07,"Criticizes Muslim community's legal privileges, no explicit hate.",0,0,0,0,0,0,0
h3o6w68,Bro In my neighborhood there's a fully educated Muslim family nd they have 4 kids......nd also they don't want to read in Indian education system they read in madrasa.....,saimansays,1625139426,2021-07,"Observational comment about a Muslim family, no hate.",0,0,0,0,0,0,0
h3o6x5f,"
&gt;Not that much. It just tells me that they are incompetent . 




They have a seperate sheet they have to produce in court with age, adress etc of the girl. They lied intentionally.

&gt;I do. That doesn't mean every goddamn interfaith marriage has to be forced. Think clearly.




Ofc if two people are concenting then no body has right over that, I'm specifically talking about forced marriages and muslims in muslim majority areas pulling that shit",librandu,1625139446,2021-07,"Criticizes forced marriages in Muslim communities, but not hate speech.",0,0,0,0,0,0,0
h3o7t5k,Muslims don't marry their sisters at all. It's haram.,indiandankmemes,1625140056,2021-07,"States a fact about Islamic law, no hate.",0,0,0,0,0,0,0
h3o7u6p,"Whoah man, I just posted that comment so that people know that now all Muslims are overmanupulative people. By saying that, aren't you being a little too hostile.",indiandankmemes,1625140075,2021-07,"Defends a previous comment, no hate.",0,0,0,0,0,0,0
h3o80ua,musanghi sub for musanghis to attack exmuslims,librandu,1625140197,2021-07,"Uses derogatory term 'musanghi' for a subreddit, but not hate speech.",0,0,0,0,0,0,0
h3o9b3z,"How are you bro. 
Congres not even genuinely secular.  They just want Muslims votes.  So they criticize Hindus and BJP more than necessary and depend henious practices like triple talaq, depends extremism.  
Congress is called out and lost its dalit voter base a lot.  Don't see anytime soon they winning a national elections.",indiandankmemes,1625141032,2021-07,"Political criticism of Congress, no hate speech.",0,0,0,0,0,0,0
h3oagrv,"Tujhe pata bhi nahi hain bhai, lekin thik hain joke hain . Waise yeh post mujhe aisa laga ki teri jal gayi muslim joke sunn ke (just saying), agar aisa hi hain toh  bhai jalo matt joke hain take it as a just joke.

:) hindu muslim bhai bhai",saimansays,1625141766,2021-07,"Says it's a joke, promotes Hindu-Muslim unity, no hate.",0,0,0,0,0,0,0
hdoc88n,Fun fact muslims are the only people who slaughter cows and humans alike bjp is protecting us oh almighty bjp save us from this muslims who wreak havoc on our fruitful nation .,indiandankmemes,1632193994,2021-09,"Dehumanizes Muslims by comparing them to cow slaughterers, hate speech.",0,0,1,0,1,0,0
hdocjyy,"And then she got really pissed off when somebody asked if she converted to Islam to marry him and if so, if she follows it.  She gave her usual stony reply of how it’s nobody’s business.  But I think they were actually asking her this as she went into parliament, and even if they didn’t, I think the general public is allowed to ask about things that relate to whether their legislators are taking advantage of laws.  

Affair with Dharmendra aside, I really cannot comprehend this lady in so many ways.",bollyblindsngossip,1632194165,2021-09,"Critical of a politician's personal life, but not hate speech.",0,0,0,0,0,0,0
hdodlvf,"It's not difficult to spot a woman in burkha traveling with  a non bearded man both of which are typical traits of a peaceful religion. 

Mind it your ""Keepers of Kulcha"" are Muslims here.",unitedstatesofindia,1632194728,2021-09,"Stereotypes Muslims as terrorists, hate speech.",0,0,1,0,1,0,0
hdodq4b,"stfu whats dank about this nothing but controversial lmfao in the name of memes pata nahi kya post kardiye, apni modi ji ki nafrat apne paas rakho yahan hagne ki zarrorat nahi..bada aya bolne wala muslims safe nahi bakh bhenchod",indiandankmemes,1632194793,2021-09,"Profanity and personal attack, but no identity-based hate.",1,1,0,0,0,0,0
hdodrm4,If you take terrorism it mostly kills Muslims(read the numbers) .  Problem is talking about terrorism is not bad for people as such but rather it helps them to correct.  We should ridicule as much as possible.  We are doing to save innocents.,dankinindia,1632194816,2021-09,"Discusses terrorism statistics, no hate speech.",0,0,0,0,0,0,0
hdoe1jl,"Unfunny, anti Muslim propaganda trying to disguise as ""meme""",indiandankmemes,1632194970,2021-09,"Calls post anti-Muslim propaganda, no hate speech.",0,0,0,0,0,0,0
hdof56o,"###[View link](https://redditsave.com/info?url=/r/dankinindia/comments/prsevl/not_a_hindu_muslim_meme/)


 --- 
 [**Info**](https://np.reddit.com/user/SaveVideo/comments/jv323v/info/)&amp;#32;|&amp;#32; [**Feedback**](https://np.reddit.com/message/compose/?to=Kryptonh&amp;subject=Feedback for savevideo)&amp;#32;|&amp;#32;[**Donate**](https://ko-fi.com/getvideo) &amp;#32;|&amp;#32; [**DMCA**](https://np.reddit.com/message/compose/?to=Kryptonh&amp;subject=Content removal request for savevideo&amp;message=https://np.reddit.com//r/dankinindia/comments/prsevl/not_a_hindu_muslim_meme/)",dankinindia,1632195577,2021-09,"Bot comment, no content.",0,0,0,0,0,0,0
hdofttl,"muslims rn ""bharat tere tukde honge..."" 

and then this mahashey be like kuch nahi ho raha hai",indiandankmemes,1632195958,2021-09,"Quotes separatist slogan, implies Muslims are traitors, hate speech.",0,0,1,0,1,0,0
hdogds0,"Also (and I know it's kinda shitty to say this), it's easy to say all this when you're a Muslim who has remote roots in India. He lives with his family in the UAE. Of course he has no qualms talking shit about Chintus/Chodes. He's not gonna suffer the consequences, whatever they may be.",librandu,1632196269,2021-09,"Uses derogatory terms 'Chintus/Chodes' for Hindus, hate speech.",0,0,1,0,1,0,0
hdogfyl,"Bro I am a muslim and this wasn't one of those memes it was an actual good meme....
It wasn't even anti muslim",indiandankmemes,1632196304,2021-09,"User defends a meme, stating it was not anti-Muslim. No profanity or hate speech.",0,0,0,0,0,0,0
hdoglza,Allah means one and only god. So yea talking bad abt allah in all certainity is deragatory.,indiandankmemes,1632196399,2021-09,States that speaking badly about Allah is derogatory. No profanity or hate speech.,0,0,0,0,0,0,0
hdoh2wk,"Saying sikhs, buddhists , jains, hindu as same religion is like saying christianity, judaism, and islam are the same religion, smh.",librandu,1632196670,2021-09,Argues that Dharmic religions are distinct. No profanity or hate speech.,0,0,0,0,0,0,0
hdoh5ce,"Muslims are not from India. There are 51 islamic countries in the world. They can help them. There zero jain, sikh and hindu country in the world. We need to help our people first. Minorities of india are very prosperous. Jains, parsis, jews are all rich.  Sullas are second majority not minority. They can help themselves.",indiandankmemes,1632196708,2021-09,"Claims Muslims are not from India and uses derogatory term 'Sullas' for Muslims, promoting exclusion.",0,0,1,0,1,0,0
hdohmjw,Ya and allah was an pedophile fucking an 8year old child and was also a milf lover as his 1st wife was a old lady,indiandankmemes,1632196987,2021-09,"Profanity and derogatory remarks about Allah, targeting Islam.",1,0,1,0,1,0,0
hdohy6b,kisine usko replyy mai ek or post kiya tha ek pork chops ke upar allahh,desimeta,1632197171,2021-09,"Mentions a post about pork chops and Allah, mocking Islam. No profanity.",0,0,1,0,1,0,0
hdoihzx,"ranjhana &gt; radhe bhaiya

pandit sach me chud gaya wo movie

sonam acted very well",unitedstatesofindia,1632197496,2021-09,"Profanity used in a movie review context, not directed at a person.",1,0,0,0,0,0,0
hdoilyd,"Islamic religious incels are leftists, around the world. As leftists always do minority appeasement",unitedstatesofindia,1632197561,2021-09,"Labels Islamic religious incels as leftists, political commentary. No profanity or hate speech.",0,0,0,0,0,0,0
hdoiq9t,"Dont equate Islamic religious incels with others, because they are all leftists, all around the world.",unitedstatesofindia,1632197634,2021-09,Repeats political commentary about Islamic religious incels. No profanity or hate speech.,0,0,0,0,0,0,0
hdois5r,"Because Hindu personal laws dont allow polygamy, easy divorce etc. So Hindu men cant love trap at all, only muslim men can. u/sanman  u/charavaka",unitedstatesofindia,1632197668,2021-09,"Claims Hindu men can't love trap, only Muslim men can, implying Muslim men are predatory. No profanity.",0,0,1,0,1,0,0
hdoivln,"&gt;btec brahminical orthodoxy without systemic advantages?

What does this statement even mean? Brahmins are bad **because** they have systematic advantages for generations. 

&gt;Jains have become very weird w all the bjp simping and posturing.

How can you generalize an entire religion like this? You get mad whenever chaddis generalize Sikhism/Islam and calls them Khalistanis/Terrorists, but it's fine to do the same with Jainism for some reason?",librandu,1632197724,2021-09,"Criticizes Brahminical orthodoxy and generalizes Jains, but no profanity or hate speech.",0,0,0,0,0,0,0
hdojn3t,So is feeling of insecurity among Indian muslims.,unitedstatesofindia,1632198187,2021-09,States insecurity among Indian Muslims. No profanity or hate speech.,0,0,0,0,0,0,0
hdojp6s,"No it's worse than that. The difference between dharmic religions is much greater. 

Islam, Christianity and Judaism literally worship the exact same Abrahamic God. Islam and Christianity even agree on Jesus being the prophet, and the Adam and Eve thing. Mohammad just came along and said he was the next prophet, while the Christians said that Jesus was the last prophet. So Mohammed made a new religion. 

Compare that to Dharmic religions. Buddhism and Jainism don't believe in a God at all. Sikhism believe in a monotheistic god called Waheguru. Hindus believe in their 330 million gods. So Dharmic religions are much more distinct.",librandu,1632198223,2021-09,Discusses differences between religions. No profanity or hate speech.,0,0,0,0,0,0,0
hdojq9q,"&gt;""Keepers of Kulcha"" are Muslims here.

*Put it back inside your chaddi*",unitedstatesofindia,1632198242,2021-09,"Uses 'chaddi' as a derogatory term for Hindus, mocking them. No profanity.",0,0,1,0,1,0,0
hdok6bq,"That Kashif was either from Mumbai or MP.
I heard that Anika Sood converted to islam under pressure from him &amp; his family.

Also, r/india is run by AAP social media campaigners who works in the same team as Dhruv Rathee.",desimeta,1632198522,2021-09,Accuses a person of converting under pressure and makes political claims. No profanity or hate speech.,0,0,0,0,0,0,0
hdok7sr,"###[View link](https://redditsave.com/r/dankinindia/comments/prsevl/not_a_hindu_muslim_meme/)


 --- 
 [**Info**](https://np.reddit.com/user/SaveVideo/comments/jv323v/info/)&amp;#32;|&amp;#32; [**Feedback**](https://np.reddit.com/message/compose/?to=Kryptonh&amp;subject=Feedback for savevideo)&amp;#32;|&amp;#32;[**Donate**](https://ko-fi.com/getvideo) &amp;#32;|&amp;#32; [**DMCA**](https://np.reddit.com/message/compose/?to=Kryptonh&amp;subject=Content removal request for savevideo&amp;message=https://np.reddit.com//r/dankinindia/comments/prsevl/not_a_hindu_muslim_meme/) &amp;#32;|&amp;#32; 
 [^(reddit video downloader)](https://redditsave.com)",dankinindia,1632198548,2021-09,Bot message with link. No profanity or hate speech.,0,0,0,0,0,0,0
hdoklin,"Hey /u/panditji_reloaded, thank you for posting in /r/unitedstatesofindia. Unfortunately, your post has been removed because we do not permit anyone to post more than **2** times in an hour. Please use the modmail if you have any queries regarding this.",unitedstatesofindia,1632198787,2021-09,Moderator message about post removal. No profanity or hate speech.,0,0,0,0,0,0,0
hdokqkl,"Bc dank ka propaganda bna diya hai sabne arey bc bhaago saare aagye kahaan se jio ke baad saare social media pe aana h iinko phiir hindu Muslim krte hain 
Muslim khatre mein h Hindu khatre mein hai arey jaao yaar Ram ke baare m padhaa nhi h but warcry bn gya Mohammed ke baare m padha nhi pr gazwa e hind krenge diimaag khraab.                      

Duniya ke duukh se bachne aata huu mein iis subreddit pr auur saare duukh yahi aagye jaao yaar road pe lado vahaan maro bc subreddit khaali karo",dankinindia,1632198875,2021-09,"Profanity used, but comment is a rant about social media and communal tensions, not targeting a specific person or group.",1,0,0,0,0,0,0
hdoktyk,"No. Calling out hypocrisy of people who say dar ka maahol hai muslim logon mein, and democracy khatre mein hain people",unitedstatesofindia,1632198933,2021-09,"Criticizes hypocrisy, no profanity or hate speech.",0,0,0,0,0,0,0
hdokxq0,"[""muslims"" ""Liberals"" ""hypocrisy""](https://media1.tenor.com/images/77599dd5a8bae0497e80104c45cd1c41/tenor.gif?itemid=3804693)",unitedstatesofindia,1632198997,2021-09,"Lists terms, no profanity or hate speech.",0,0,0,0,0,0,0
hdokyxn,Haa to bhai hai kuch hindu chutiye btt majority Muslim's k mind m ptani kya misconceptions h vaccine or corona ko leke ....,bakchodi,1632199018,2021-09,"Criticizes some Hindus and Muslims' misconceptions, no profanity or targeted abuse.",0,0,0,0,0,0,0
hdol35d,"That's a terrible attempt at making an islam joke, I'll do you one better. Why does no comedian make an islam joke? Because it always bombs.",indiandankmemes,1632199091,2021-09,"Joke about Islam, no profanity, no targeted abuse, no hate speech.",0,0,0,0,0,0,0
hdolbs7,"He probably wanted to say ""Hinduism is imaginery, so threats to it are also imaginery"".

People still don't realize how both RSS-BJP restructered themselves from their core with protestant values.

There is a competition going on in the background between 3 groups who will get biggest control in india by converting all Hindus -- protestant, Catholics, islamists. These 3 are main, rest there are hundreds smaller variants.

Protestant powers from abroad are guiding BJP-RSS is what I suspect.",indiadiscussion,1632199243,2021-09,"Political commentary on RSS-BJP and religious conversion, no profanity, no targeted abuse.",0,0,0,0,0,0,0
hdoldlx,Do u go randomly hating Muslims or Hindus?,dankinindia,1632199276,2021-09,"Questioning hate, no profanity, no targeted abuse.",0,0,0,0,0,0,0
hdombwm,There are muslim too who vote for BJP. Poor souls.,unitedstatesofindia,1632199882,2021-09,"Comment on Muslims voting for BJP, no profanity, no targeted abuse.",0,0,0,0,0,0,0
hdomlcl,Toh aise bolna.... Log itne mar gaye phir bhi isme Hindu Muslim laate ho na ... Laanat ho tumpe.,bakchodi,1632200051,2021-09,"Expresses frustration, no profanity, no targeted abuse.",0,0,0,0,0,0,0
g3zzun2,"Funniest thing was loads of mayos saying they thought Hinduism was tolerant and now their views have changed in the comment section of that atheist and chintus scrambling to say stuff like "" we iz tolerant sir we're not like mullahs sir we have long philosophy sir please sir""",librandu,1599234846,2020-09,"Mocking atheists and Hindus, no profanity, no targeted abuse.",0,0,0,0,0,0,0
g400n74,"No one gave rape threats .

And now you be tolerant of those pictures. The other guy is now showing how you guys are intolerant when same is done to his mom. Be tolerant of fake porn of his mom.

Just like you ask muslim and hindus or Cristians may be to be tolerant of the fake porn of Gods",librandu,1599235112,2020-09,"Discussion of intolerance and fake porn, no profanity, no targeted abuse.",0,0,0,0,0,0,0
g402oil,Kanagana calls bwood islam dominated industry .,bollyblindsngossip,1599235818,2020-09,"Comment on Kangana's statement, no profanity, no targeted abuse.",0,0,0,0,0,0,0
g4032dr,Suppression because of islamic influence.,chodi,1599235964,2020-09,"Comment on suppression, no profanity, no targeted abuse.",0,0,0,0,0,0,0
g403al0,"There are many people who share the opinion. For some, bollywood is the evil that brings western customs to India and for some, it is the paradise of muslims, who aren't good people. Also, Hindus who became successful are sell outs to either or both of these groups.

Edit: I said that this is the opinion of some people. I don't share this opinion.",bollyblindsngossip,1599236046,2020-09,"Reports others' opinions, no profanity, no targeted abuse.",0,0,0,0,0,0,0
g4040pw,Issue is ye log government mein ghus jaate hain. Ek ghusne ke baad 10 aur le aata hai. J&amp;K ka bhi yahi haal hua tha demography wise - they gave strategic land to them and made it harder for others to buy land. Uske baad panditon ke saath kaand hua.,chodi,1599236299,2020-09,"Political commentary on J&K, no profanity, no targeted abuse.",0,0,0,0,0,0,0
g404qf8,Are you implying that all Muslims are not good people...,bollyblindsngossip,1599236568,2020-09,"Questioning implication, no profanity, no targeted abuse.",0,0,0,0,0,0,0
g405jfa,"Now this is ridiculous !! What has Islam got to do with this ? 
Btw, which movie did she make on Chattrapati Shivaji Maharaj ?",bollyblindsngossip,1599236836,2020-09,"Questioning relevance of Islam, no profanity, no targeted abuse.",0,0,0,0,0,0,0
g406843,"Same here bhai, mujhe bhi ek chutiya mila tha aage ka sunoge to dimag fatt jayega

Bolta hai insaan ka image nikalna haraam hai kyu ke jab wo marega tab allah usko bolega ke ab iss image me jaan daal ke bata. Maine bola ke jab tere allah ko pata hai ke tu nahi daal sakta toh wo aisa bolega hi kyu?

To bolta hai pata nahi par aisa hi hai.",chodi,1599237059,2020-09,"Personal anecdote with profanity, no targeted abuse.",1,0,0,0,0,0,0
g406jd9,"Sudarshan TV is a rabid extreme right wing so called news channel that has recently been in news for doing an ""exposé"" on the infiltration of Muslims in government jobs.",bollyblindsngossip,1599237160,2020-09,"Criticism of news channel, no profanity, no targeted abuse.",0,0,0,0,0,0,0
g406u6j,"suna bro.
AK-47 mang rahe hai bkl rohingya muslims.",chodi,1599237256,2020-09,"Profanity used, no targeted abuse.",1,0,0,0,0,0,0
g407au1,What crap is she smoking.. isn't there already an old film on Rani Lakshmibai? Her Islamophobic self is showing now.,bollyblindsngossip,1599237417,2020-09,"Criticism of Islamophobia, no profanity, no targeted abuse.",0,0,0,0,0,0,0
g408ku4,"Whatever I have seen of her, she is a great Hindu. Very learned about Hinduism &amp; Bharat. Supports Hindu Ideology &amp; Akhand Bharat, very vocal about saving Hinduism from fake Secularism &amp; construed Liberal constructs. She has been very vocal about the Ram Mandir issue - also about Kashi / Mathura. She staunchly demolished Pak propaganda of Muslim unity by bringing their roots to Hindusim back in the discussions. My view is built on youtube viewing of the various news channel debates. I am not a Social Media person and don't follow her on any other SM platform.",chodi,1599237837,2020-09,"Positive description of a person, no profanity, no targeted abuse.",0,0,0,0,0,0,0
g408n5b,"that's because islamic jokes ke peeche dus islamophobic uncles aa jate hain, wo joke ko ""islam ki kadwi sach""  bolke whatsapp me fwd karne wale",saimansays,1599237858,2020-09,"Comment on islamic jokes, no profanity, no targeted abuse.",0,0,0,0,0,0,0
g4093uv,"Correct. And then they come out saying my driver is a muslim, my publicist is muslim blah blah.. then stop generalising people on the basis of their religion, you idiot.",bollyblindsngossip,1599238006,2020-09,"Criticism of generalizing people based on religion, with a personal insult 'you idiot' directed at the addressee.",0,1,0,0,0,0,0
g409j0u,"Islam dominated industry? 😂😂😂
Such a joke!",bollyblindsngossip,1599238164,2020-09,"Mocking the idea of an Islam-dominated industry, but no specific target or identity-based slur.",0,0,0,0,0,0,0
g40c3gv,I know  that most Muslim friends that I have also hate Pakistan.,chodi,1599239103,2020-09,"Neutral statement about Muslim friends hating Pakistan, no hostility.",0,0,0,0,0,0,0
g40dg3b,She badly wants to get fucked by a Katmulla,chodi,1599239549,2020-09,"Explicit sexual profanity and derogatory term 'Katmulla' targeting a Muslim person, combining vulgarity and communal hate.",1,1,1,0,1,0,0
g40e8c4,"The tweet above:

&gt;An Atheist (Ex-Muslim) from Canada desecrated Quran and the entire reply section is filled with bhakts &amp; Indian RW praising him. OpIndia even write article on him.  Yesterday He posted something wrong about Hindu Gods. and Now the same Bhakts are abusing him.   
📷",librandu,1599239814,2020-09,"Discussion of online reactions, uses 'bhakts' as political label, no direct hate speech.",0,0,0,0,0,0,0
fcw2zoi,"Fucking babies are still obsessed with Mughals. By their logic, if Muslims should be persecuted because of Mughal crimes, then all upper-caste people should suffer due to thousands of years of Dalit oppression.",librandu,1578015954,2020-01,"Criticizes obsession with Mughals, draws parallel to caste oppression, no direct hate speech.",0,0,0,0,0,0,0
fcw4pzg,"Prepare your anus, said the infidels. And we obliged, because Allah wanted me to.",chodi,1578017100,2020-01,"Graphic sexual reference and religious mockery, targeting Muslims as a group.",1,1,1,0,1,0,0
fcwalkf,I will take Kangress any day from now on. I am fed up with BJP's Hindu-Muslim bullshit,chodi,1578020969,2020-01,"Political preference, no hate speech.",0,0,0,0,0,0,0
fcwao90,hmm about Allah oh akber thou peeps say that before blowing yourselves up,chodi,1578021018,2020-01,"Mocking Islamic phrase, implies violence, targeting Muslims.",0,1,1,0,1,0,0
gy2lkxd,one of the very few muslims i respect,chodi,1620974219,2021-05,"Positive statement about a Muslim, no hate.",0,0,0,0,0,0,0
gy2lti2," Well , also i should add the government of the US supports the state of Israel because it can be used as a proxy state to fight wars in the middle east . Israel is the largest recipient of US foreign aid , also subsidized weaponry. 

It allows the US the carry out its foreign policy goals in that particular region,  without directly putting boots on the ground. 

Indian chaddis support it because of the anti-Muslim sentiment that has swept across the country after modi taking power. Geopolitically india hopes to form ties with other right wing fascist governments,  so that it can hopefully carry out similar genocidal acts within its own borders.",librandu,1620974421,2021-05,"Political commentary, uses 'chaddis' as political label, no direct hate speech.",0,0,0,0,0,0,0
gy2mnu4,It's just a statement man. To the victor belongs the spoils. Muslims have had a tendency to bull doze their interests over everybody else. Unfortunately for them Israel refuses to be bullied.,bakchodi,1620975126,2021-05,"General statement about Muslims, no direct attack.",0,0,0,0,0,0,0
gy2mrpb,I read somewhere that Kajol had lost her baby while filming K3G that song Yeh Ladki Hai Allah and Ajay had screamed at her on set.,bollyblindsngossip,1620975218,2021-05,"Neutral gossip, no hate.",0,0,0,0,0,0,0
gy2n0ke,"Bhai bbc ko kyu pooch raha hai, article dekh kisne likha hai. Jab tak in logo ka support hai tab tak aage dosh dene se kya hoga. Muslims have ummah that transcends nationalities. Idhar hindu hi jaichand bana hua hai to kya ghanta karega bbc ko gali deke",chodi,1620975433,2021-05,"Criticism of Muslims and Hindus, uses 'jaichand' metaphor, but no direct hate speech.",0,0,0,0,0,0,0
gy2nbs2,"Don't you know Islam is the religion of peace? How can you post this fake news? I'm sure the school building must have collapsed or something.

BTW I found an excellent fake news website you may want to avoid : https://thereligionofpeace.com/pages/site/ramadan-bombathon.aspx",chodi,1620975704,2021-05,"Sarcastic mockery of Islam, but no direct slur.",0,0,0,0,0,0,0
gy2ndme,"&gt; Ps: stay away from Islam invented beverages like coffee as well😘

Beyond ignorance. 

How can a religion invent coffee  ? Are you on hash  ?",chodi,1620975749,2021-05,"Mocking ignorance, no hate speech.",0,0,0,0,0,0,0
gy2nh7a,"Other transgressions of Khan GS, 1. Criticized security provided to Kangana 2. Joined Congress Party 3. Said Kashmiri Pandits left their homes on their own.",chodi,1620975834,2021-05,"List of political criticisms, no hate speech.",0,0,0,0,0,0,0
gy2nuqb,I obviously meant Muslim dude. And nope good old Mary Jane 😌,chodi,1620976151,2021-05,"Clarification, no hate.",0,0,0,0,0,0,0
gy2nxhj,Islamist or pappu?,chodi,1620976218,2021-05,"Question, no hate.",0,0,0,0,0,0,0
gy2o0sv,"Downvote me to hell but i have a genuine question?
Why did hindus stay back in pakistan in 1947? If they had come to india atleast we would have had a stronger narrative and no population hostage theory today. Today in chodi only i saw a post of people celebrating Eid in amritsar. I mean how are muslims present on the indian side of a border town with pakistan?",chodi,1620976301,2021-05,"Questioning presence of Muslims in border town, no direct hate speech.",0,0,0,0,0,0,0
gy2o8tp,Killer &amp; Raping non-believers is accepted By Islam ( and its original religion),chodi,1620976495,2021-05,"Accusation against Islam as a religion, no specific target.",0,0,1,0,1,0,0
gy2oi60,How to get Muslim votes in easy steps 101,unitedstatesofindia,1620976720,2021-05,"Sarcastic comment about Muslim votes, no direct attack.",0,0,0,0,0,0,0
gy2oktz,"As an atheist I can confirm, majority of the atheists are much more against Islam than hinduism. This is because unlike some fucktards here who just hurl abuses in hindi and chant slokas in the same sentences, most hindus don't shove their religion In your face. This is not true for the abrahamic religions. To prove a point against religion, atheists are always happy to mention the abrahamic religions first because its the most obvious.",chodi,1620976786,2021-05,"Criticism of Abrahamic religions, includes profanity but no personal target.",1,0,0,0,0,0,0
gy2okw6,"&gt;Really searched hard to find unemployment didn't you😂

Not really. It was well know that Kerala is below UP 

https://unemploymentinindia.cmie.com/

&gt;I've done business in UAE

So you are an atheist who likes working in an Islamic state  ?",chodi,1620976788,2021-05,"Sarcastic question about atheist working in Islamic state, no direct attack.",0,0,0,0,0,0,0
gy2oncn,"&gt;As an atheist I can confirm, majority of the atheists are much more against Islam than hinduis

So where are the Quran burning ceremonies  ? 

There is Manu smiriti dahan in India. Where is Quran burning  ?",chodi,1620976844,2021-05,"Comparison of Quran burning to Manu Smriti burning, no direct attack.",0,0,0,0,0,0,0
gy2osrt,Islamists.,chodi,1620976972,2021-05,"Labeling a group as Islamists, no direct attack.",0,0,0,0,0,0,0
gy2pctu,"&gt;Yup unemployment is a problem but the quality of life and general peace remains good. 

Peace as in  ? 


&gt;And Dude you are joking right? I mean.... UAE is literally one of the biggest business hubs of the world😂😂😂😂😂 that's the difference between you and me bro. Beforea doctor tries to save your life you'd probably try and make sure he isn't circumsized😘

That is what people said. 

Keralites go to work in Islamic states. However criticise other states about communalism. 

The UAE criminalizes apostasy.",chodi,1620977462,2021-05,"Criticism of Kerala and Islamic states, no direct personal attack.",0,0,0,0,0,0,0
gy2pdry,Allah tum jaise kafiro ki gaad marega nhi marega toh hum mulle ki tumhari gaand me sariya ghusa denge so sad sanghis,librandu,1620977486,2021-05,"Threat and abuse directed at kafirs and sanghis, includes profanity.",1,1,1,0,1,0,0
gy2pjjf,"It's funny how everything that starts as ""Islam forbids"" cannot be believed.",chodi,1620977631,2021-05,"Sarcastic comment about Islam, no direct attack.",0,0,0,0,0,0,0
gy2pqgh,Inshallah bahot khoob,librandu,1620977800,2021-05,"Religious phrase, no attack.",0,0,0,0,0,0,0
gy2pwa5,Bro I absolutely hate the outdated practices of Islam and strongly believe that it is the most violent religion in the world. I drink. It doesn't mean I won't do business in Gujarat. I eat beef. Doesn't mean I wont do business in Maharashtra.,chodi,1620977948,2021-05,"Criticism of Islam as violent, no direct attack.",0,0,0,0,0,0,0
gy2q5e0,Forbidden? Bruh you can find a bunch of Muslim youth anywhere in India which would make fun of hindu gods and especially goddesses in a really bad way and then hurl abuses towards them and record it and post it on shit like tik tok. Oh and they don't stop there. You have hundreds of temples and idols getting desecrated every year by these same communalists. Fucking liars and hypocrites,chodi,1620978183,2021-05,"Accusation against Muslim youth, includes profanity and communal framing.",1,0,1,0,1,0,0
gy2q6dw,"CM is just one person. And BTW, there is a very big percent of Muslims and Christians in kerala. That requires leaders with religious tolerance to lead. Fanatics who go after everyone cause rise in fascist ideology. This is the reason why in spite of 3 major religions existing in such a small state in comparable numbers, its still the state with the least number of communal violences. Bias and hate will never get us anywhere.",chodi,1620978207,2021-05,"Discussion of religious tolerance in Kerala, no attack.",0,0,0,0,0,0,0
gy2ql1t,"There are no riots in the state since the government is friendly with Islamists. 

See, in Kerala, the Education was a member of a now banned organization. 

In other states people will not allow this. This is the reason why... 

Moreover, Kerala sends a lot of terrorists to Afghanistan as compared to UP.",chodi,1620978576,2021-05,"Accusation against Kerala government and Muslims, no direct attack.",0,0,1,0,1,0,0
gy2qnk9,Happy EID and may the Islamo-Communist axis grow more stronger each day.,librandu,1620978636,2021-05,"Sarcastic wish for Islamo-Communist axis, no direct attack.",0,0,0,0,0,0,0
gy2qwg3,Genocidal Beasts get protection from supposed 'rise in Islamic terrorism' but people who like each other can't because muh social fabric,librandu,1620978856,2021-05,"Accusation against Muslims as genocidal, no direct attack.",0,0,1,0,1,0,0
gy2qx8y,NOooOo😱 you are the hypocrite Islam😍 is best and our prophet (pubg) is kind and loving😇 we will never make fun of others😤 and actually we are a minority in this world😭,chodi,1620978876,2021-05,"Mockery of Muslim defense, no direct attack.",0,0,0,0,0,0,0
gy2rec8,Dude up is literally one of the most corrupt states here. And yes I totally agree that there are some radical islamists here. But a wise government would take into consideration millions of innocent people who belong to that faith instead of playing monopoly with lives,chodi,1620979306,2021-05,"Discussion of radical Islamists and government, no direct attack.",0,0,0,0,0,0,0
gy2rezc,B̶a̶l̶a̶n̶c̶e̶d̶ Islamic a̶n̶d̶ m̶o̶d̶e̶r̶n̶ education.,librandu,1620979323,2021-05,"Sarcastic comment on Islamic education, no direct attack.",0,0,0,0,0,0,0
gy2rh0v,**IsLaMoPhObiA**,chodi,1620979375,2021-05,"Sarcastic use of Islamophobia, no direct attack.",0,0,0,0,0,0,0
gy2sn2f,"You see, the difference between injustice on muslims in china and hindu in Pakistan is very different. 

I agree that hindus are being mistreated in Pakistan but they are very few in numbers and it dosent enter systemic discrimination. For analog, men face misandrism but it's dosent enter the systemic inequality as women compared to men face a lot more.
 Same with muslims in china, they are literally being put into concentration camp and are killed, raped ect. It's literally a genocide  it's happening in masses.

 But hindus in muslims aren't 'targeted' on a mass basis . Injustice do happen against them and we should raise our voice against that but a lot of hindus  have been living there peacefully. My own cousin married a Pakistani women. They have been both living in Pakistan for 10 years now!",chodi,1620980452,2021-05,"Discussion comparing systemic discrimination, no personal attack or hate speech.",0,0,0,0,0,0,0
gy2t3vs,"This mentality will be the cause of doom of Dharma. No wonder, in 21st century, it is largely concentrated in Indian subcontinent, whereas Islamic preachers and evangelists are going in every part of the world to convert innocents to their cult.",chodi,1620980890,2021-05,"Criticism of Islam as a religion, no direct attack on individuals or groups.",0,0,0,0,0,0,0
gy2t7th,"Best part

https://twitter.com/samjawed65/status/1392503372733894660

His old tweet asking doctors in Agra to not attend to Muslim Patients",librandu,1620980994,2021-05,"Criticism of a specific person's actions, no hate speech.",0,0,0,0,0,0,0
gy2t893,Also why was the Muslim father so obsessed with what a hindu man (Kapoor sahab) will think of his son??,librandu,1620981005,2021-05,"Questioning a specific person's behavior, no hate speech.",0,0,0,0,0,0,0
gy2tpdv,"You really can't bring up population as stat. Come on. There are Muslims all over the world. Like you said, Palestine is one",saimansays,1620981459,2021-05,"Discussion about population statistics, no hate speech.",0,0,0,0,0,0,0
gy2tt9k,Actually it does. What do you mean by recorded evidence from psychologist in context of Islamization of Kashmir in times of Aurangzeb? Do provide sources also if you can.,unitedstatesofindia,1620981563,2021-05,"Request for sources, no hate speech.",0,0,0,0,0,0,0
gy2u5lm,"This asshole is smart. He abuses the shit out of Pakistan, talks good about Indian economics, military, and even talks neutrally about BJP. But in many of his videos, he has:  
1. Completely denied love jihad  
2. Denied muslim role in any riots  
3. subtly pushes the ""hindutva fascism"" angle.",desimeta,1620981890,2021-05,"Profanity used to insult a specific person, but no identity-based hate.",1,1,0,0,0,0,0
gy2u5mh,"Because of the language we speak. And it's an advantage for them and disadvantage for us. Our ""hInDi"" is filled with words that is 70% Urdu...and they speak 90% Urdu. 

Nothing to be proud of, Hindi we speak today is a diluted version of what we call today as Shuddh Hindi which used to speak after Muslims came here. Again that shuddh Hindi is heavy toned down version of Sanskrit.

Some words used by songs are...*Ishq, mohabbat, suroor, meharbaan, pyaar, kashish, sanam, iltajaa, rabb, khudaa, bewafa, ashiqui, mehboob* and so on.

These words are being used by almost all  bollywood songs, which people think is connecting Bharat and ""ISI occupied western Bharat"".  ( ͡° ͜ʖ ͡°)",chodi,1620981891,2021-05,"Discussion about language and culture, no hate speech.",0,0,0,0,0,0,0
gy2u8vy,"or maybe don't.   
I saw this sub last time. It's plainly hideous.  But do you know what else it is? It opens numerous eyes. For people  who think that there are no bad apples in muslim community, this sub is the rotting basket.  Moreover, just screenshotting a picture from xvideos and putting Om sticker on white girl, a crescent moon on the black dude doesn't give them power.   
Just please follow the post I'm going to make soon and you'll know.",desimeta,1620981979,2021-05,"Criticism of a community, but no direct hate speech.",0,0,0,0,0,0,0
gy2ucq1,"Let me be honest with you, dharmik discussions won't appeal to youngsters, it doesn't seem cool enough. most of youngsters between age of 18 to 25 are busy either in their education or career, blood is young and seeks action try to capitalize on that red pilled them regarding the history and reality of India and Islam.",chodi,1620982085,2021-05,"Discussion about strategy, no hate speech.",0,0,0,0,0,0,0
gy2unas,"But Israel is OG katwa, pig hating, beef eating, idolatry hating, proto halal enforcing country",librandu,1620982364,2021-05,"Uses derogatory term 'katwa' for Israel, but Israel is a country, not a person or group.",0,0,0,0,0,0,0
gy2upuj,"You should see even older pics: https://scontent.fdel27-1.fna.fbcdn.net/v/t1.18169-9/1528635_187888071415002_814801164_n.jpg?_nc_cat=111&amp;ccb=1-3&amp;_nc_sid=6e5ad9&amp;_nc_ohc=qlIqhIpJkw4AX97UjM0&amp;_nc_ht=scontent.fdel27-1.fna&amp;oh=c72606af11c43a0dc1671501436c7e72&amp;oe=60C35D85

This was pre-oil Islamic world, this is where they will go back to if the world switches to solar/electric cars completely.

And yes, powerful people wear shoes inside, put up chairs and chill.",chodi,1620982430,2021-05,"Discussion about historical context, no hate speech.",0,0,0,0,0,0,0
gy2v114,"Looks like my generation have problems with every little thing they can think of,I will/am wishing my muslim brothers/sisters thier Festival and other of my friends from different cultures and religion.People like you are the reason why we hate each other for nonsenusal things.Agar aapke paas kuch akkal ho to phir ""it is just a joke bro"" ka reply karne ki phursat mat rakho,bhala ho aapka )))",saimansays,1620982731,2021-05,"Promotes harmony, no hate speech.",0,0,0,0,0,0,0
gy2v60f,"Mashallah
#💦🐑💦🐑💦🐑💦🐑",chodi,1620982859,2021-05,"Emojis, no hate speech.",0,0,0,0,0,0,0
gy2vf8l,"Just one, only one asteroid 100km wide can reset our country. 
MARXALLAH! 

 DO IT!

 DO IT!",librandu,1620983104,2021-05,"Expresses desire for destruction, but no specific target or hate speech.",0,0,0,0,0,0,0
gy2vlxl,"Who are most of the leftists? Muslims? Nope it is the pseudo Hindus. Who doesn't care and even support the genocide of hindus? It is these same leftist pseudo hindus. So the problem is not Islam or Muslims. The problem is the indifference of Hindus towards their religion. Hindu parents didn't teach their children about Dharma Shastras, Chanting and disciplined lifestyle. As a result, we got a population of degenerates who will believe anything which their communist leftist masters say. So again we come back to the word- ""Preaching"". Its necessary and everyone has to take part in it.",chodi,1620983276,2021-05,"Criticism of a political group, no hate speech.",0,0,0,0,0,0,0
gy2vtkz,"Can you even explain what you mean by recorded evidence from psychologist in context of Islamization of Kashmir in times of Aurangzeb? 

I mean any claim that is not backed by sources and, in context of historical claims, historical sources is propaganda. Can you argue why it is not?",unitedstatesofindia,1620983477,2021-05,"Request for sources, no hate speech.",0,0,0,0,0,0,0
gy2vzdv,kyun aim closet muslim hai,sham_sharma_show,1620983634,2021-05,"Questioning someone's religious identity, but no hate speech.",0,0,0,0,0,0,0
gy2w38l,"All just excuses, really. At the end of the day, Islam is a cartoonish cult masquerading as a religion, like rules that boys make up for summertime games. Quite a hellish cartoon though.",chodi,1620983736,2021-05,"Criticism of Islam as a religion, no direct attack on individuals or groups.",0,0,0,0,0,0,0
gy2wa25,"**#FREE PALESTINE**





From the Muslims, and then give Palestine to Israel.",chodi,1620983923,2021-05,"Political statement, no hate speech.",0,0,0,0,0,0,0
dcp1173,"The ""radical"" in ""radical islam"" is not a qualifier, it's a descriptor. Islam *is* radical Islam, like vindaloo *is* hot vindaloo.",bakchodi,1484957579,2017-01,"Criticizes Islam as a religion, no profanity, no personal target.",0,0,1,0,1,0,0
dcp2fwm,What is anti-muslim shit on r/india ?,bakchodi,1484959509,2017-01,"Asks about anti-Muslim content, no direct attack.",0,0,0,0,0,0,0
gggi3b5,"Shuruwat mein laga ki trafficking karta hai sunni Muslims ki lmfao. I thought ye toh saala bhaut progressive religion hai, openly accept kar rahe hai that they export sunnis.",chodi,1608456486,2020-12,"Mocking Muslims with profanity, dehumanizing.",1,1,1,0,1,0,0
gggihlr,Islam is the superior religion,librandu,1608456929,2020-12,"Claims Islam is superior, no attack.",0,0,0,0,0,0,0
gggj544,"Demo was a small wrong. GST is a huge success. Media gagging is opposition parties state govts responsible. Delhi riots completely the fault of Islamists who started. Mob lynching is a wrong, but incidents are not high in number.

Bigger wrongs are high taxation leading to economic slowdown, unnecessarily high infra investment, favouring jio in spectrum auctions and e-commerce, etc",unitedstatesofindia,1608457655,2020-12,"Political commentary, blames Islamists for riots, no direct hate.",0,0,0,0,0,0,0
gggke5u,"
&gt; I criticised islam( yes islam on  r/LGBT ) and lgbt muslims and they perma banned me

Shameful 😒. They should read the Quran 😂",librandu,1608459034,2020-12,"Criticizes Islam and LGBT Muslims, mocking, no profanity.",0,0,1,0,1,0,0
gggkzpv,"Ab to dogs bhi ayenge aur modi bhakts bhi. Par Khalsa sweets ka khalas sweets ban jaega.

Log thok mein call karke galiya de rahe honge. Har bhasha mein. Har prant se.",chodi,1608459706,2020-12,"Mentions dogs and Modi bhakt, no clear target, no profanity.",0,0,0,0,0,0,0
gggl59a,"Also we, as a country, had fcukall luck on our side!

The two great leaders, Savarkar and Tilak didn't get their full time as leaders else we would have been free 15-20 years earlier.

Tilak was kept in Mandalay where his energy, immunity and willpower went down. Then one single outing in cold air killed him with Pneumonia.

Savarkar, a true pundit and progressive thinker (read his thoughts on caste system, he was crazy ahead of times), he never got the national leader status he deserved.

Fcuked was us then, fcuked is us now with the libgandus.

The least we can do is keep Hinduism alive and thriving!",chodi,1608459880,2020-12,"Political commentary with profanity, no personal attack.",1,0,0,0,0,0,0
gggl6un,"It is anti muslim. Muslims decided to torture, rape and kill non believers for not following their god. This act is trying to give them a second chance of good life in India..that would be against Allah's wishes",chodi,1608459931,2020-12,"Accuses Muslims of violence, dehumanizing, no profanity.",0,0,1,0,1,0,0
ggglxk4,[here](https://np.reddit.com/r/lgbt/comments/k612v0/this_is_often_a_predicament_for_lgbt_muslims_here/gekacdr?utm_medium=android_app&amp;utm_source=share),librandu,1608460778,2020-12,"Single word, no content.",0,0,0,0,0,0,0
gggm6qq,"How many Muslims has BJP killed anyway? I keep seeing people bring up beef lynchings like they are some pandemic but AFAIK, there have been like only 2-3 cases since 2014 where it has happened. Almost all the other cases have been where cattle owners have killed the cattle smugglers.",desimeta,1608461066,2020-12,"Defends BJP, dismisses lynching, no hate.",0,0,0,0,0,0,0
gggmf2c,"[Check this out](https://www.khalsaaid.org/news/farmers-protest-2020) , they don't even need donations lol.   


You are underestimating the spirit of Sikh people and undermining the perseverance of the Indian farmer my guy.",unitedstatesofindia,1608461329,2020-12,"Supportive of Sikhs and farmers, no hate.",0,0,0,0,0,0,0
gggmxqa,Muslim Chapri is the top tier Chapri. Every other Chapri respects them and wants to be like them.,chodi,1608461909,2020-12,"Calls Muslims 'Chapri', a derogatory term, dehumanizing.",0,0,1,0,1,0,0
gggn69l,I counter them by comparing some ~5 casualties to 81 million Hindus killed by Islamic rulers.,desimeta,1608462170,2020-12,"Historical comparison, no direct attack.",0,0,0,0,0,0,0
gggodqm,This is only further humiliation. They broke the mosque threw a 5 acre insult on face of Muslims. Now a bunch of Sarkari Muslim are building a mosque that looks more like a art gallery. Why do we even built a mosque on that place when it’s not even supposed to look like a mosque?,librandu,1608463302,2020-12,"Criticizes mosque construction, no profanity, no direct attack.",0,0,0,0,0,0,0
gggpccx,Imagine our national language being something that 99% of our country can't speak in. JesusAllahBhagwan se daro.,librandu,1608463927,2020-12,"Criticizes national language, no hate.",0,0,0,0,0,0,0
gggqlzm,The family exports sunni muslims?,chodi,1608464620,2020-12,"Question about family, no hate.",0,0,0,0,0,0,0
gggs94x,"&gt;Economic disparities always existed, but unlike the Muslim rulers, the money was usually spent on public services rather than mausoleum and minars

Cite source.",indiadiscussion,1608465519,2020-12,"Criticizes Muslim rulers historically, no direct attack.",0,0,0,0,0,0,0
gggsnh8,"What do you mean middle ground?

 IMO there is no middle ground, all this while Hindus as been offering middle ground in the name of secular nation. It's quite clear how that middle ground has been used against us.

And please don't be an muslim apologist thinking they will be tolerant of our religion. 

That being said, there a sub by name IndiaSpeaks that is supposed to what you are asking for.",chodi,1608465740,2020-12,"Anti-Muslim rhetoric, calls for no middle ground, no profanity.",0,0,1,0,1,0,0
gggv4xr,Caa is still not against indian Muslims! It is against Muslims from other countries,chodi,1608467214,2020-12,"Political commentary on CAA, no hate.",0,0,0,0,0,0,0
gggw71a,"Mudi ji is playing 3D chess. He just passes the bill and waits till protests happen which is obvious. Then he again waits till the real faces/opposition parties/commies from the protest gets highlighted and the left narrative gets exposed. Then he appears in public and his appearance at this stage makes the left narrative feel weak and fake. Also by this stage many librandus get converted to virat after seeing the real faces and intentions of commies/islamists/etc.

Also his not coming in public immediately gives a signal to the opposition party that he doesn't give a fuck to them and their propaganda.",chodi,1608467799,2020-12,"Political commentary praising Modi, uses profanity 'fuck' directed at opposition, no personal attack.",1,0,0,0,0,0,0
ik7aukz,"See.. hence proved ..you support nathuram godse . The killer of father of nation.

Also Godse and his followers have killed millions of Muslims Christian’s Dalits 

Over 50 churches were destroyed and burned by Hindus in 1980s
1 million Muslims in 2002 
30000 Muslims in 2020
In 1984 over 2 millions Sikhs were massacred by Hindus 

Who are all directly or indirectly followers of indias first terrorists Nathu Ram Godse .",unitedstatesofindia,1660441802,2022-08,"Accuses user of supporting Godse, makes historical claims about violence against minorities, no direct personal attack.",0,0,1,1,1,0,0
ik7g4ln,Jamia milia islamia,sham_sharma_show,1660444369,2022-08,"Names an educational institution, no offensive content.",0,0,0,0,0,0,0
ik7g8ds,"Nhi ye jamia milia islamia college k students hai.

Jamia milia islamia k founder ne hi Pakistan ka sapna dia tha.",sham_sharma_show,1660444423,2022-08,"Criticizes Jamia Millia Islamia and its founder, no profanity or hate speech.",0,0,0,0,0,0,0
ik7gtci,Gaumutra sab nahi peete. Jaise ki tum sab katwate ho.,indiandankmemes,1660444718,2022-08,"Uses 'katwate' (circumcised) as a slur against Muslims, communal hate.",0,0,1,0,1,0,0
ik7gwir,"\#Even I mock the ruling party !!!

LIBRANDUS are different ...... people who hate their culture and being world citizens (in a dream ), supporting Islamists , calling the wast PAPA and hating India , colonial mindset, etc ....... are the symptoms of being a LIBBBU",sham_sharma_show,1660444763,2022-08,"Political commentary using 'libtard' and 'libbu' as insults, no personal attack.",0,0,0,0,0,0,0
ik7jfe1,Gandhi supported the death of Hindus by Muslims. Not many consider him the father of a nation since he said Hindus must lie down and die smilingly at the hands of muslims for a new India to emerge. These are Gandhi's words not mine and you can find this in his books that are publicly aware. Not here to support Godse or any other killer or genocidal leader. Your logic of placing one man who killed one man to vs a genocidal king like Taimur who killed millions of Hindus is incorrect. Saif's grand father was not in support of Hindus in India and does seem like his grandson is continuing his work. Good luck,unitedstatesofindia,1660446075,2022-08,"Historical discussion about Gandhi and Godse, no profanity or hate speech.",0,0,0,0,0,0,0
ik7jmjg,wait i thought shias were forward muslims,librandu,1660446179,2022-08,"Question about Shia Muslims, no offensive content.",0,0,0,0,0,0,0
ik7k810,"british guys are so cringe lol. afaik a woke gujjew of britain like really woke dated the bangladeshi girl in harry potter seires .their bong muslim father lost shit lol

source: [https://en.wikipedia.org/wiki/Afshan\_Azad](https://en.wikipedia.org/wiki/Afshan_Azad) 

check below relationship",librandu,1660446496,2022-08,"Mocking British and Bangladeshi people, uses 'gujjew' and 'bong' as regional slurs.",0,0,1,0,0,1,0
ik7krvc,"No one is trying to defame muslims these days, the government of America is trying it's best to integrate muslims in the society, muslims themselves are doing all the work in the opposite direction.",librandu,1660446790,2022-08,"General statement about Muslims, no profanity or hate speech.",0,0,0,0,0,0,0
ik7l24z,Islam Logic -Jo Islam dharam ko nhi manta woh kafeer hai.Usko zimda rehna ka koi hak nhi.(Written in Quran where there is a lot more written about peace and harmony).,indiandankmemes,1660446948,2022-08,"Criticizes Islam using 'kafeer' and quotes Quran, no profanity or hate speech.",0,0,0,0,0,0,0
ik7lfqq,Hen bro meh hindu kese hogya accha apko jo sochna socho meh hindu muslim cristian sikh meh belive nahi rakhta,bakchodi,1660447152,2022-08,"Personal statement about religious belief, no offensive content.",0,0,0,0,0,0,0
ik7lht0,Should we kill all the Muslims ?,indiandankmemes,1660447183,2022-08,"Rhetorical question suggesting violence against Muslims, hate speech.",0,0,1,0,1,0,0
ik7ljka,Tune khud hi comment kiya tha ki main Indian muslim hu,bakchodi,1660447209,2022-08,"Quoting user's previous comment, no offensive content.",0,0,0,0,0,0,0
f6h6san,"Exactly, anyone who does that irrespective of gender should be avoided like pork in islam",bakchodi,1572838389,2019-11,"Compares avoiding someone to avoiding pork in Islam, no profanity or hate speech.",0,0,0,0,0,0,0
hl9kjaf,"So if sikhs don't feel comfortable with India why the hell should they be part of such a country? Anyways,  it's a precious day for us, it's our Gurpurab today and coward Modi repealed these black laws, with that being said, with Waheguru ji's kirpa we did Fateh over the Delhi morcha (just like all the other Fatehs in Khalsa Empire). Shri Waheguru ji ka Khalsa, Sri waheguru jinki fateh!",chodi,1637336435,2021-11,"Sikh religious and political commentary, no offensive content.",0,0,0,0,0,0,0
hl9kzva,He didn't say allah hu akbar,saimansays,1637336618,2021-11,"Observation about a phrase, no offensive content.",0,0,0,0,0,0,0
hl9mllc,"Abe ja chitiye, bohot dekhe tere jaise, 84 me sare sardar nai ko dhoondte reh gye baal katwane ke liye",chodi,1637337255,2021-11,"Insults user with 'chitiye' and references 1984 anti-Sikh riots, personal attack and communal hate.",1,1,1,0,0,0,0
hl9muwm,"That's the only thing that will save the country.

No BJP = Islamic communist corrupt scum at the center. That's 200 times worse than Yogi.",chodi,1637337360,2021-11,"Political commentary calling opposition 'Islamic communist corrupt scum', no profanity or hate speech.",0,0,0,0,0,0,0
hl9nqrw,Allah is enough,saimansays,1637337711,2021-11,"Religious statement, no offensive content.",0,0,0,0,0,0,0
hl9oj1f,"Dhyaan rahe, muh pe nahi maarna, allah ne bola hai ki aisa maaro ki woh badsoorat na ho. Ye hai halaal tareeka aurat ko maarne ka.

Yaad rakhna mere muslim doston agar jannat mein 72 virgins chahiye toh",indiandankmemes,1637338028,2021-11,"Promotes violence against women with religious justification, targeting Muslim women.",0,1,1,0,1,0,1
hl9p4r6,"You're the exception and even you know that. For majority of the muslims, that's blasphemy",dankinindia,1637338269,2021-11,"Generalizes about Muslims, implying most are blasphemous, but not directly attacking an individual.",0,0,1,0,1,0,0
hl9prni,Learn from Muslims?,chodi,1637338525,2021-11,"Rhetorical question, no explicit hate.",0,0,0,0,0,0,0
hl9q8cb,"sigh, so tired of your BS bruh, i could go out rn and ask 100 muslims in my area what they think of Hindus and at the very least, very least 90 of them would say that they have no problem at all but ofc that video wont get a thousand upvotes coz it wont be showing Islam as a hateful religion",dankinindia,1637338707,2021-11,"Criticizes media portrayal, not attacking Muslims directly.",0,0,0,0,0,0,0
hl9r2z6,"Terrorist allah
Mohammad rapist pig",dankinindia,1637339046,2021-11,"Directly labels Muslims as terrorists and rapists, using profanity.",1,1,1,0,1,0,0
hl9s8r2,"Allah terrorist
Mohammad rapist pig",dankinindia,1637339508,2021-11,"Same as 364, direct hate speech against Muslims.",1,1,1,0,1,0,0
hl9szpo,islamophobic comments coming in 3 2-,indiandankmemes,1637339807,2021-11,"Meta-commentary, no hate.",0,0,0,0,0,0,0
hl9teb7,Increase reservation to 1000% for opressed castes and muslims alhamidulillah that day will be the best day for india,librandu,1637339967,2021-11,"Political statement, no hate.",0,0,0,0,0,0,0
hl9tsmf,"May marxallah have mercy on this chaddi, because the librandus here won't.",librandu,1637340124,2021-11,"Uses derogatory terms for Hindus and liberals, but not hate speech.",0,0,0,0,0,0,0
hl9uazn,"Ola hu uber
Sorry,
Allah hu burger 🍔",dankinindia,1637340322,2021-11,"Mocks Islamic phrase, but not hate speech.",0,0,0,0,0,0,0
hl9ulq1,"Jann se mar do ess bache ko. Muje essa bolta tho do chate lagata eske. But , in the end of the day we all were right , ALL muslims are terrorist and deserve to die.",dankinindia,1637340441,2021-11,Calls for killing a child and generalizes all Muslims as terrorists deserving death.,0,1,1,0,1,0,0
gda42s5,"I feel like her account is being used for all the islamic propaganda since she went to ""god"" for all the healing after her bad breakup. She also posted against france and she posts everything islamic now, it does seem like she is being used as a pawn by islamic clerics, especially after this marriage I dont have any delusions",bollyblindsngossip,1606090925,2020-11,"Speculates about an individual's motives, no hate speech.",0,0,0,0,0,0,0
gda763f,"They are free to remove it.

Doing something for the sake of your family doesn't remove your free will.

The problem is not in the law but in the execution of it

You could say they are coerced into it.

A law against hijab etc, first of all spits in the face of freedom of religion, and then muslims will be targeted by Hindus",librandu,1606092310,2020-11,"Discusses law and religion, no hate.",0,0,0,0,0,0,0
g7sxgh1,"Islamists- there is no other god but alla

Also islamists - Ramallah",chodi,1601915931,2020-10,"Mocks Islamic beliefs, but not hate speech.",0,0,0,0,0,0,0
g7sycrp,"Chutiye hai kya? 5000 years older, Fayda kya hai? Kuch nahi, sirf caste discrimination aur oppression. Vaise mein muslim nahi hu, Yeh bhi agree karta hu ki kisi bhi mainstream religion perfect nahi hai, sab bekar hai tere hinduism ke tarah. Kuch logical baat toh kar lo, fir se maa baap waale gaali leke mat aah jaana neeche",saimansays,1601916315,2020-10,"Criticizes Hinduism and caste system, but not hate speech.",1,0,0,0,0,0,0
g7syujw,"&gt;Soon I had to think twice before saying anything controversial to Muslims not because I don't want to hurt their feelings but because I'm scared that they would lynch me for it.

Proof, if ever needed, that most chodes interact more with the muzzies/christians living in their heads than the ones out in the real world. 

Also, you're about to be banned from the freeze peach sub in 3....2.....",librandu,1601916526,2020-10,"Uses derogatory terms for Muslims and Hindus, but not direct hate speech.",0,0,0,0,0,0,0
g7sz38v,How dare that anti national speak negative things about India to foreigners? He must be a commie islamist khangressi. But seriously though what's your problem with that comment? You care more about what foreigners think about India than addressing our problems?,indiadiscussion,1601916632,2020-10,"Political commentary, no hate.",0,0,0,0,0,0,0
g7sz6ym,Exactly . There is nothing more for me to add because its perfect .being a hindu muslim in a urban circle is almost as having diff castes no one cares until you go and start telling and boasting about something .,chodi,1601916679,2020-10,"Neutral observation, no hate.",0,0,0,0,0,0,0
g7t1poh,"Well um thakurs are indeed big time rapists they along with muslims commit most rapes in up, as per the news.",indiadiscussion,1601917774,2020-10,"Generalizes about Thakurs and Muslims, but not hate speech.",0,0,0,0,0,0,0
g7t2c8e,"No, it's *Allah-Naughty*",chodi,1601918047,2020-10,"Pun on Allah, no hate.",0,0,0,0,0,0,0
g7t34c2,"
&gt;Arabs didn't even know India existed.

Are you kidding? Even the sumerians had trade links with ivc. Everyone in the world knew india existed. Parsis, one of the first to be destroyed, fleed to India. Because they knew it existed and that they would be accepted there.

I know you want to feel proud of islam, but I'm really sorry to inform you that the Qur'an has many such problematic verses that call for violence and annihilation of non believers. Now you can interpret them to internal fight, but some of it is too graphic to ignore.

Also, your ancestors at one point were most likely either converted at the threat of death or one of your great grandmothers was raped. That's how islam has propogated through the world. Very little was voluntary. It's ok if you want to keep your Identity separate from religion or even embrace atheism and be proud of your culture.

PS the source of the quote is in the pic itself.",chodi,1601918390,2020-10,"Criticism of Islam and its propagation, includes negative claims about the religion and its history, but no direct personal attack or hate speech against an individual.",0,0,0,0,0,0,0
g7t3xay,These are atheists on the sam way Sam Harris is an atheist. That is to say they hate Islam and think that constitutes being an atheist,librandu,1601918737,2020-10,"Comment about atheists who hate Islam, no direct attack or hate speech.",0,0,0,0,0,0,0
g7t5on1,"Yeesh. This guy is nuts. 

*""Everyone who doesn't agree with me is librandu/leftist/islamist"".*

Fucking dogmatic.",librandu,1601919587,2020-10,"Criticism of a person's views, uses profanity 'Fucking' but not directed at a specific person in a harassing way.",1,0,0,0,0,0,0
g7t6uqp,"Nobody outside of india will determine as muslims or such or thenm we are indians. Have seen the video few times mostly dont look muslims but migrants tourists from up, bihar etc",indiadiscussion,1601920169,2020-10,"Speculation about people's origins, no hate speech.",0,0,0,0,0,0,0
g7t6ztk,Yea. Muhammad and the muslims attacked the pagans of the land and reclaimed it. That or are you talking about something else?,chodi,1601920239,2020-10,"Historical discussion about Muslims and pagans, no hate speech.",0,0,0,0,0,0,0
g7t7yb6,"It was literally Muslims from the subcontinent spreading this in a coordinated matter on reddit and twitter:

https://archive.is/wip/5AvjB",indiadiscussion,1601920718,2020-10,"Accusation of coordinated spreading, no hate speech.",0,0,0,0,0,0,0
g7t8ki4,"Chal nai de raa gaali tujhe mere pyaare atheist. Par logic ki baat he kar lete hai.


 meditation kaa naam sunna hai??
Yaa shampoo kaa??
Yaa yoga kaa??
Yaa firr world longest poem 'mahabharat' kaa to suna hoga??
Aayurveda kaa??
Abe tu wo chhod chutiye kabhi satwik bhojan he search kar lena. Pata chal jayega kya diya hai hinduism ne.

Par tujhe jaise lund ko sirf caste caste dikhegi to me kya karu.. muslim hota to firr bhi thik tha.. matlab tu to alag level kaa gand mara hai be?? Matlab hindu ho kar hindu ko gaumutra drinker bol raa hai.. lol

Firr bolte ho maa-baap ko gaali mat do. Bc bolna maa se jaa kar ki 'cool banane ke chakkar me hinduism ko gaali de raa tha, ek user ne gaand marr di'",saimansays,1601921026,2020-10,"Hinglish personal attack with profanity and insults directed at an individual, includes caste reference but primarily personal abuse.",1,1,0,0,0,0,0
euhqiw2,Inshallah boy played well,bakchodi,1563832231,2019-07,"Positive comment about a player, no hate speech.",0,0,0,0,0,0,0
euhrg1k,"I actually feel bad for his children that they have a father as hateful as him,when some Muslims on that sub talked about NDA actually trying to help Muslims then he started spewing shit like oh no Modi is planning to kill all Muslims their in the academy like srsly sabko apni tarah samjha hai?",indiadiscussion,1563832731,2019-07,"Criticism of a person's hateful views, no direct attack or hate speech.",0,0,0,0,0,0,0
euhxrei,mASHalLah BiRAdar,bakchodi,1563836273,2019-07,"Sarcastic comment, no hate speech.",0,0,0,0,0,0,0
h36fvz0,"I think it was satire on how Muslims justify Muhammad having sex with a 9 year old, but if it's not, that's absolutely disgusting",desimeta,1624766807,2021-06,"Discussion of a controversial topic, no hate speech.",0,0,0,0,0,0,0
h36fx0q,"Agar Wo Muslims Ke Regarding hota to tum usko humor ki tarah nahi lete, secularism ghusa dete.",desimeta,1624766827,2021-06,"Criticism of hypocrisy, no hate speech.",0,0,0,0,0,0,0
h36g5p8,Wallah habibi tuntun hum tumhari gand faad deti,unitedstatesofindia,1624766987,2021-06,"Hinglish threat with profanity and sexual violence, directed at a person, includes religious reference but primarily personal abuse.",1,1,0,0,0,0,0
h36grdy,Must be talking about girl from islamic family ...well thats true 😅🙏,saimansays,1624767387,2021-06,"Stereotypical comment about a girl from an Islamic family, but not hateful.",0,0,0,0,0,0,0
h36gtqh,"Muslims get discriminated in housing,work,schools etc and stuff like interfaith marriage,LGBT rights is what they choose to focus on smh.",librandu,1624767430,2021-06,"Discussion of discrimination, no hate speech.",0,0,0,0,0,0,0
h36gvlu,Muslims have their foreskin cut after birth,chodi,1624767464,2021-06,"Factual statement about a religious practice, no hate speech.",0,0,0,0,0,0,0
h36gxg8,"It's Mashallah not Inshallah, brozzer",chodi,1624767499,2021-06,"Correction of a term, no hate speech.",0,0,0,0,0,0,0
h36hf0c,Gay atheist vs avg religious Chad ( excluding Muslims and xians),indiandankmemes,1624767826,2021-06,"Comparison of groups, no hate speech.",0,0,0,0,0,0,0
h36hxz1,"The Fucking Idea that just because I am a Brahmin I will hate or discriminate between people is absolute bullcrap actually.

And a Symptom of staying too much on reddit

The OP this collosal Idiot here literally said being vegetarian means doing untochallbilty.

Not to mention there are many sikh vegetarian and Jains are also Veg  so it makes absolutely zero sense. 

But the sheer fact that this dude thinks all Brahmins are Discriminative animals and you supporting him shows how idiotic you guys actually are.

Nobody in my family or any of other Brahmin families i know do that. 

And neither does it have backing in our scriptures.

I also have muslim friends and a tribal person was one of my good friends. Before I moved out.",indiandankmemes,1624768191,2021-06,"Defense of Brahmins, criticizes OP, no hate speech.",0,0,0,0,0,0,0
h36i1zb,Muslims were responsible for that.,saimansays,1624768270,2021-06,"Accusation against Muslims, but no direct hate speech.",0,0,0,0,0,0,0
h36ieij,"Hey, Ambedkar criticized Islam equally, perhaps even more. It's his turds who are the real shit",chodi,1624768509,2021-06,"Profanity used to insult followers of Ambedkar, not a protected group.",1,1,0,0,0,0,0
h36j20f,"Hmara ladaka tyara dykh ky endians ki phat jay ge
Jf-17 inshallah",sham_sharma_show,1624768965,2021-06,"Nationalist boast with religious phrase, no target.",0,0,0,0,0,0,0
h36j7ph,"They didn't abuse him for joining RSS school. He was a child so definitely it was not his decision. They trolled him because he praised RSS organization. There is a difference. Every religious fanatics organization have done some kind of social work. Just for your information, even ISIS does some social work in Muslim, Arab countries, that doesn't make them a good organization suddenly.",bollyblindsngossip,1624769077,2021-06,"Political commentary comparing organizations, no hate.",0,0,0,0,0,0,0
h36j8oc,"No, Muslims do anything and everything for religion. Politics comes later",indiandankmemes,1624769097,2021-06,"Generalization about Muslims, but not demeaning or hostile.",0,0,0,0,0,0,0
h36jdx2,"Dude u r the same kinda guy who would have said love jihad or muslim outnumbering hindus in future is a myth  but in reality u know its true.
Same goes for these kites.",chodi,1624769201,2021-06,"Accusation of conspiracy, but no slur or dehumanization.",0,0,0,0,0,0,0
h36jx93,"1) Love jihad is true.

2) It is not enough to make Muslims outnumber Hindus. Hindus are officially 79%, unofficially 74%(reducing Christian converts, Communists), Muslims are 16% and are expanding at 1% per decade. Even if you assume linear growth, it would be another 200-300 years(exactly 280 years) before Muslims overtake Hindus in absolute numbers.",chodi,1624769576,2021-06,"Demographic argument, no hate speech.",0,0,0,0,0,0,0
h36k0h6,"this would be so funny asf, imagine this guy saying in front of krishna islam good brother hindu bad brother",chodi,1624769642,2021-06,"Hypothetical mockery, no direct target.",0,0,0,0,0,0,0
h36k6l9,"Let's go through this, 
1. Women not allowed in kitchen during periods although doesn't happen a lot ( I live in a village ), but it should since it's unhygienic
2. Caste discrimination is bad, it's illegal and everyone agrees. But it's nowhere near as bad as Muslims
3. Don't use minorities Everytime if you only mean Muslims btw, BJP is the biggest party in the world, ofc not all of their people think the same way, some are just smart 
4. Again, cow smuggling accusations are all true and thus these ""minorities"" deserve what they get
5. You're being stupid, if Islam IS bad, it's not bigoted to say it's bad.
Thank you",indiandankmemes,1624769765,2021-06,"Strong opinions on religion and caste, but no slurs or dehumanization.",0,0,0,0,0,0,0
h36l1uo,"appeasement hi hai bhaiya, bhot koshish krli modi ne vote lene ki krte krte hindu vote hi kho dega. muslim logo ko pasand bhi modi agr har muslim ko voh macbook pro bhi gift krde.

Mai toh sochta hoon modi muslim ke liye kr hi kyu rha hai jab koi muslim vote dega bhi nahi.

lw woke ko dhinchak pooja jaisi fame chahiye apne aap ko alag chutiya dikhne me bhot acchi feeling aati hogi unko",chodi,1624770394,2021-06,"Profanity used to insult woke people, not a protected group.",1,1,0,0,0,0,0
h36ll3j,"Exactly yahi chutiyapa 


“If you have ever lived in Kolkata, you will know that Durga Puja has never been a religious festival. It is a festival that most people in the state, including Muslims and migrants from other states, celebrate with equal fervour. It is also not limited to the worship of a deity. Pujo means many things to many people in Bengal - a time for devotion, a time to let one's hair down, a time to buy new clothes and parade them in overcrowded pandals. It also, invariably, is a time to gorge. Food is an essential part of Bengal's rubric and quite a bit of its culinary culture is based and derived from fish and meat.”

https://www.news18.com/news/buzz/psa-for-all-durga-puja-is-not-navaratri-and-please-dont-ask-a-bengali-to-not-eat-fish-1909797.html",chodi,1624770796,2021-06,"Discussion of festival, no hate.",0,0,0,0,0,0,0
h36lrp7,Allah hu akbar!,saimansays,1624770932,2021-06,"Religious phrase, no target.",0,0,0,0,0,0,0
h36m46c,"What they don't know is that Ravish Kumar has already accepted Islam and doing his bit by practicing ""Journalism Jihad"".",chodi,1624771195,2021-06,"Accusation of conspiracy, no slur.",0,0,0,0,0,0,0
h36mjz4,"&gt;Ya shout Islamophobia everytime this is raised

I was being sarcastic.",unitedstatesofindia,1624771530,2021-06,"Meta-commentary, no hate.",0,0,0,0,0,0,0
h36n7tn,"Can anybody understanding Bangla, or having read Bahuroopi in Bangla confirm that the ""PIR"" in KK Menon's segment was indeed a muslim in original story, or was it added as an afterthought?

&amp;#x200B;

they almost justified mob-lynching in that one!",chodi,1624772039,2021-06,"Question about representation, no hate.",0,0,0,0,0,0,0
h36nff4,"&gt; Hey, Ambedkar criticized Islam equally, perhaps even more. It's his turds who are the real shit

Lol coping ki hadh. His criticism on islam spans just one book",librandu,1624772202,2021-06,"Profanity used to insult, but no identity basis.",1,1,0,0,0,0,0
h36nhv9,"I just want to point out that clothing attire before Islamic invasions were **very** different.

People were mostly topless, look at temple carvings for gods sake.

So even just 1000 years ago, clothing was so different and surely the type of pranks would be different. How the hell can you look at Mahabharat era events with eyes of 21sr century?

Presentism at its best.",desimeta,1624772256,2021-06,"Historical discussion, no hate.",0,0,0,0,0,0,0
h36o03r,"Reddit is the most toxic of them all. 90% users are absolute reatards living in thier own bubble. Whenever I see any popular political opinion on reddit, I automatically assume that's it's just opposite in real World. Because according.to reddit users, Bernie Sanders is president, mudi is fascist, communism is the key, Islam is peaceful. Etc etc",chodi,1624772653,2021-06,"Insults reddit users, no identity basis.",0,1,0,0,0,0,0
h36o6jk,Not all Muslims,saimansays,1624772796,2021-06,Neutral statement.,0,0,0,0,0,0,0
h36oesd,"Communal disharmony is more of a credit to the media than to bjp, the left media is incredibly active in reporting any crime against Muslims as communal violence, while simply neglecting the other side. Again, yes bjp and rss values have a role to play. Also if you look at the statistics (which even i am not sure are trustable or not) communal violence has decreased. BJP itself seldom talks about religion, beef bans first started in congress reign, we have always had communal disharmony its nothing new.
Also at this point i would like to know your age, because i have noticed that the youth generally is motivated by the events they see now (when they have started to understand stuff), but older people usually have a clearer picture of things, because it is relative in the end.",dankinindia,1624772976,2021-06,"Political commentary, no hate.",0,0,0,0,0,0,0
h36ojo4,"Islam Christianity and Communist has done more genocide than Hitler. 

And btw Hitler also breath and Eat should we ban those too ohh Communist already banned food for their citizens.",chodi,1624773084,2021-06,"Criticism of ideologies, no hate speech.",0,0,0,0,0,0,0
h36ol3i,"Agreed, but I’m always afraid in the fight to resist the growth of Abrahamic religions like Islam, we might end up turning Hinduism into something similar and rigid, Hinduism is by all means the very opposite of abrahamic religions. Acknowledging the reality is one thing, tackling it is something else. As far as future actions are concerned, Hinduism cannot survive without  us standing together regardless of region or class. (And maybe a law which restricts the number of children one can have cuz you know why)",chodi,1624773115,2021-06,"Discussion of religious differences and concerns about Islam, but no direct attack on individuals or groups.",0,0,0,0,0,0,0
h36oyn4,"Sounds more like a muslim country would rule.
And you didn't even try to defend the points I made for/of second class citizens because you know that's true.
No one wants to be binded by religion so badly as you guys do.
The majority of us do not care what religion you belong to because we don't have a preconceived notions like you",chodi,1624773419,2021-06,"Criticism of Muslim community with negative generalizations, but not explicitly hateful.",0,0,0,0,0,0,0
h36pz87,Hindus and Jews share a connection in the sense that they both know what islamic persecution is. But that doesn't make Judaism any less abhahamic of a religion.,chodi,1624774249,2021-06,"Commentary on religious persecution, no hate speech.",0,0,0,0,0,0,0
h36qjp6,"First things first, the last line is an obvious satire about how Muslims justify pedophilia, so people in comment sections (both here and where this was originally posted) need to chill tf. The person who replied needs to put that /s in the end.",desimeta,1624774722,2021-06,"Mention of satire about Muslims, but not endorsing hate speech.",0,0,0,0,0,0,0
h36qka9,"Why are these people being islamophobic? It's their religious culture, you can't bring law or morality between their beliefs.",chodi,1624774735,2021-06,"Accusation of islamophobia, but not hate speech itself.",0,0,0,0,0,0,0
h36qnvb,"I mean in the modern times,

Hindus dont kill atheists for being atheist

Same for Christians, Buddhists or jews.


But islam on the hand...idk.",chodi,1624774815,2021-06,"Comparison of religions, implying Islam is violent, but not direct hate speech.",0,0,0,0,0,0,0
ibn3ml7,pedo allah ☕,dankinindia,1654714401,2022-06,"Derogatory term for Allah, mocking Islam.",0,0,1,0,1,0,0
ibn49wd,Randi ke chode bhosdike karta reh online hindu muslim memes post. Koi bhagwan kaam nahi ayega garibi ayegi jab.,dankinindia,1654714676,2022-06,"Abusive language directed at a person, with religious context.",1,1,0,0,0,0,0
ibn5070,allah betichod tha aur gay tha aur terriorist bhi. Baas yeh kuch facts sunke gende phatt gayi 🅱ullon ki,dankinindia,1654714989,2022-06,"Hate speech against Islam and Muslims, with profanity.",1,1,1,0,1,0,0
ibn5hk5,But you're willing to acknowledge islamophobia and not literally any other phobia. What makes muslims so special?,indiadiscussion,1654715195,2022-06,"Question about islamophobia, not hate speech.",0,0,0,0,0,0,0
ibn6cwa,"Yes, they are a belief too, some people belief what islam says about god, some people belief what hinduism says about god, no one is wrong, but comparing these with actual history that happens with a human on earth doesn't makes sense because we know that prophet is real human and it doesn't matter if we believe or don't believe in his ideology, but he exists.... So when we talk about him, we are talking about some human who actually existed means history.... But when we are talking about god and his words, then we are looking at something said by a human, not confirmed existing in the real world means mythology (people say that's it's there history but currently we can't say anything).... We can assume different beliefs, but we cannot assume a human different that actually existed.... Just like accepting that ved vyas existed and knowing his personal life doesn't mean we gotta believe that what happened in bhagwat geeta is fact too..... It depends on people, but isn't a necessity.....",dankinindia,1654715580,2022-06,"Discussion of religious beliefs, no hate speech.",0,0,0,0,0,0,0
ibn794a,Allah Exists in my mind and heart,saimansays,1654715970,2022-06,"Personal belief statement, no hate speech.",0,0,0,0,0,0,0
ibn7r8s,"Spend some more time, read up on current affairs and you'd know why. These are for Islamists who love their global brotherhood more than our country.",indiadiscussion,1654716183,2022-06,"Criticism of Islamists, not all Muslims, no hate speech.",0,0,0,0,0,0,0
ibn81x1,so exactly the others can do right? like allah is false for non muslims then,bakchodi,1654716312,2022-06,"Question about religious beliefs, no hate speech.",0,0,0,0,0,0,0
ibnam3k,"If this is true, it all makes sense i heard one udta hua #farman after ram killed raavana the sister of raavan went to that kabba which is the black dabba made a shivling there and did tapasya for the revenge for raavans killing and apparantly that's the real truth of birth of Islam (technically a race just to end hindu idiology)",sham_sharma_show,1654717424,2022-06,"Conspiracy theory about Islam, derogatory.",0,0,1,0,1,0,0
ibnblsd,"Ha, normal bande leave nahi kar skte. Plus uska family bhi badnaam hoga. Kuchh leave krte hai islam. Just see r/exmuslim (don't see it too much, you will come to hate it).",indiadiscussion,1654717851,2022-06,"Discussion about leaving Islam, no hate speech.",0,0,0,0,0,0,0
ibnch54,"a group of extremists and terrorists.
Its not like all muslims are terrorists. hell not even 1% of muslims are terrorists",indiandankmemes,1654718222,2022-06,"Clarification that not all Muslims are terrorists, no hate speech.",0,0,0,0,0,0,0
ibnchdt,Dikkat muslim log nahi hai dikkat yeh Miya aur Maulana joh bichare logo ko mashab ke naam pe bhadkate hai,dankinindia,1654718225,2022-06,"Criticism of specific Muslim figures, not all Muslims, no hate speech.",0,0,0,0,0,0,0
ibncnub,"Meanwhile 🅱️allah: Virgin, Non-Virgin, Young, Teenager, Adult, Old, Alive, Dead, Healthy, Paralyzed doesn't matter, just grab her and rape her and make her shout ola hi uber.",bakchodi,1654718301,2022-06,"Explicit sexual violence against Muslim women, hate speech.",1,1,1,0,1,0,1
ibncpol,Wallahabibi u offended me ... no Japani tel from now,dankinindia,1654718323,2022-06,"Sarcastic comment, no hate speech.",0,0,0,0,0,0,0
ibncwlq,Aur us bomb blasts mein muslims bhi marenge. But unhe kya farak padta hai. Hum ek humare 11 wali factory hai. Production chalta rahega,dankinindia,1654718406,2022-06,"Comment mentions Muslims dying in bomb blasts, but frames it as a consequence of terrorism, not targeting a group. No profanity, no personal abuse, no identity-based hate.",0,0,0,0,0,0,0
ibndumw,"Thanks for exposing Bollywood here. What you've said is only true for films. In reality, Hindus are leading in education and Muslims are busy dreaming about 72 hoors, jihad and learning the art of puncture repair.",sham_sharma_show,1654718814,2022-06,"Stereotypes Muslims as dreaming of 72 hoors, jihad, and puncture repair, demeaning the community. No profanity, but identity-based hate.",0,0,1,0,1,0,0
ibndzmt,Deen-e-murtad ya ex-muslim Sahil ke channel pe milega. Video nahi pata.,bakchodi,1654718874,2022-06,"Mentions ex-Muslim channel, no hate speech.",0,0,0,0,0,0,0
ibne0gi,Deen-e-murtad ya ex-muslim Sahil ke channel pe milega. Video nahi pata,bakchodi,1654718884,2022-06,"Same as 442, no hate speech.",0,0,0,0,0,0,0
ibne6nj,I believe in equality and humanity then my religion as a Muslim I did grew up worshiping and pray to God but i realise that I was been selfless and foolish like been mad about people saying bad stuff about my religion and all so I just thought where is my anger coming from why other r so mad when someone says bad about there religion and from then I adopted the idol of selflessness and equality I feel bad when people try shame on other religion it creats a toxic environment I just wanna live in a place where I have smile ans laugh with the people I know and love me not by the religion they follow as I do,sham_sharma_show,1654718958,2022-06,"Personal reflection on religion, promotes equality, no hate.",0,0,0,0,0,0,0
guaopo6,Islamophobia at its peak,chodi,1618260089,2021-04,"Accusation of Islamophobia, no hate speech.",0,0,0,0,0,0,0
guaoutz,I wish more people said this. The way many including close relatives of mine believed and spread fake news about Muslims at that time was not funny. Felt like running out of home. And now they are all quiet. Offering a shake of the head at max.,librandu,1618260155,2021-04,"Criticizes fake news about Muslims, no hate.",0,0,0,0,0,0,0
guars1x,"Exactly 😌 jab katwana hi zindagi hai, toh baki cheeze judi hui achhi lagti hai 😭😭",unitedstatesofindia,1618261484,2021-04,"Uses 'katwana' (slur for Muslim) in a joking context, demeaning. No profanity, but identity-based hate.",0,0,1,0,1,0,0
guascbu,"Again... Hindu boy is culprit here...

Who got threatened? Muslim women... By Muslim Parents... from land of terrorists called Pakistan...

Meri taraf se maaro saale Hindu londe ko... Jo iss tarah ki cross breeding main vishvas karta ho...",sham_sharma_show,1618261743,2021-04,"Calls Pakistan 'land of terrorists', uses profanity 'saale' and 'maaro' (beat) directed at Hindu boy, but also demeans Muslims. Mixed. Profanity present, personal abuse, and communal hate.",1,1,1,0,1,0,0
g11h7nw,"Burnh guy offered me gold if I do some lafda.

Maine islamophobic comment dala, logon ki thodi jal gayi.

I got gold, that's all.",unitedstatesofindia,1597098018,2020-08,"Admits to posting Islamophobic comment for gold, but the comment itself is meta, no hate speech.",0,0,0,0,0,0,0
g11qs3q,"kyaa Khoob aadmi thaa, **Allah** maGhfirat kare. 

Amen.


N",librandu,1597103024,2020-08,"Prayer for deceased, no hate.",0,0,0,0,0,0,0
g9rke91,Sweetie some of us make the choice to lick the feet of our Muslim masters. Don't invalidate us (:,librandu,1603466051,2020-10,"Sarcastic comment about licking feet of Muslim masters, demeaning Muslims. No profanity, but identity-based hate.",0,0,1,0,1,0,0
g9rmeq6,A minor where? Do you think our rights privileges and protections extend outside of our grip? The cops he’s going up to and the people who are trying to help him are Muslim you hairy dingleberry flustered furry cunt. So open your eyes before you open your mouth 😏,chodi,1603467072,2020-10,"Insults a person with profanity 'cunt', also mentions Muslims. Personal abuse and profanity, but no clear identity-based hate.",1,1,0,0,0,0,0
g9rmtpy,"Also too add on to your point.There are bad and neutral Hindu Kings like Sambhaji,who massacred the city of Burhanpur and mistreated Muslims.He is completely undeserving of any glorification.Shivaji Yes,he is a great king;Sambhaji,no.That being said,he should not be vilified either.Same applies to Aurangzeb,Tipu,Khilji and so on(especially Tipu and Khiji,who is definitely neutral since both men are heroes for Muslims and villains for Hindus).",librandu,1603467284,2020-10,"Historical discussion about kings, no hate speech.",0,0,0,0,0,0,0
g9rno9g,"I am not justifying any bigotry here, I am also under the impression there could Bengali Muslims? Bengali Christians even May be? And stop calling them chinkis! Ffs dude, stop with this racist tirade, while hiding behind a screen. 

You are no Shaktimaan, u coward!",chodi,1603467715,2020-10,"Calls out racism, uses 'chinkis' (slur) in quote, but condemns it. No hate speech.",0,0,0,0,0,0,0
g9rqwkg,"it's not about a poster, showing him as a muslim is what triggered outrage which i think is valid! it's not about movie! you just can't show a hindu fighter as muslim!

what if next producer or director decides to show bhagat Singh or subhash chandra bose as muslim?",chodi,1603469325,2020-10,"Political commentary on movie casting, no hate speech.",0,0,0,0,0,0,0
g9rsn5m,"&gt; ""It's also possible that while this guy was murdering a guy, his own father was being murdered in another room."" See how ridiculous.   that sounds? Unless you know that this was during a communal   riot you are just defending these fellows.

Exactly. So why don't you confirm the facts first. No difference between you and the libtards, just different agendas.

&gt;A lot of things are possible including you being among these skull caps breaking that van. Doesn't mean that hypothesis has any meaningful weight.

Lol aa gaya genius. It's just as possible that you were in the next street beating up muslims when this was happening, which is probably why you shared only this video. 

&gt;Oh fuck off. They are wrecking a religious pandal and we are ones ""hating

No problem with hating, just don't do it selectively and then go on to bash the left wing about the same thing.",chodi,1603470177,2020-10,"Political debate with profanity 'fuck off', but no personal abuse or identity-based hate.",1,0,0,0,0,0,0
g9rte6h,As far as I know only Sikh's are allowed to have a beard. And as it is written in the article other muslim cops didn't face any suspension since they didn't have a beard,unitedstatesofindia,1603470548,2020-10,"Factual discussion about beards, no hate.",0,0,0,0,0,0,0
g9rtx9b,Concept of jizya is way overblown.. women monks children elderly are all exempt from it.. minorities don’t have to do military service and a fair ruler could set it at the same percentage as zakat which is obligatory tax for muslims..,librandu,1603470809,2020-10,"Discussion of jizya, no hate.",0,0,0,0,0,0,0
g9ru38e,Iran would have middle power with GDP per capita of 20-30k nominal if not for the Mullah Raj.Iranian Mullah leaders are delusional people who believe there are choose ones to fulfill some of ancient Shia prophecy.,librandu,1603470893,2020-10,"Criticizes Iranian leadership, no hate speech.",0,0,0,0,0,0,0
hshdrxl,BOLO PANDIT GIYAN MAHARAJ KI JAIII,dankinindia,1642079684,2022-01,"Religious chant, no profanity or target.",0,0,0,0,0,0,0
hshfqqm,"I am Muslim   
and   
**VANDE MATRAM**   
**BHARAT MATA KI  JAY**",indiandankmemes,1642080700,2022-01,"Religious chant, no profanity or target.",0,0,0,0,0,0,0
hshg2du,"Sanguis distributing free rations to muzlims are anti national. Kasab was hindu, RSS did 9/11 and kumbh mela was super spreader but Tablighi jamat was not. also there's an *indian* variant of covid but the virus itself should not be called Chinese.",desimeta,1642080862,2022-01,"Political commentary with conspiracy framing, no profanity or direct target.",0,0,0,0,0,0,0
hshg473,So now he is sister fucker. Are you a muslim?,indiandankmemes,1642080887,2022-01,Profanity and personal insult directed at a specific person.,1,1,0,0,0,0,0
hshh90m,"Sbke liye dangerous hai india
Kisi ki aukat nhi inhe haat lagane ki vrna bahr ke muslim desh se deal kon krega 
India dangerous hai fir bhi muslims india mein double ho gye but doosri jagah muslim.majority mein minority adhi se bhi kam
Sense nhi bnta",indiandankmemes,1642081450,2022-01,"Anti-Muslim rhetoric with conspiracy framing, no profanity.",0,0,1,0,1,0,0
hshhsle,"You liberals think that hindus are mad for worrying about muslims becoming majority, which can technically happen, because 35 percent population is all it takes to do a genocide. But at the same time say BS like"" Supreme leader tumhare pe ayenge"" , bhai 5 din r*and*a chord fir ye bol, nhi bol payega. Your rights are constitutionally protected by article 32. Aur daro to congress se, ye Papu ki dadi hi thi jisne emergency lgai thi. Polity padhi hai thodi si?",indiandankmemes,1642081713,2022-01,"Political commentary with profanity and sexual slur, no direct target.",1,0,0,0,0,0,0
hshi9nl,"So is this the Indian version of ""I'm not racist because my friend is black""? And who made you the authority that defines good Muslims anyway?",chodi,1642081938,2022-01,"Sarcastic political commentary, no profanity or target.",0,0,0,0,0,0,0
hshin5f,"So, Muslims do not respect Kaffirs unless they dress like Muslims? Got it.

This video makes me even more ""Islamophobe"".",chodi,1642082118,2022-01,"Anti-Muslim sentiment with religious slur, no profanity.",0,0,1,0,1,0,0
hshj7tq,"Kya matlb hai ki frog bhi hare hote hai, hume to bs muslim hi hare dikhte hai.",indiandankmemes,1642082392,2022-01,"Anti-Muslim sentiment with color metaphor, no profanity.",0,0,1,0,1,0,0
hshjlx3,Fun fact: there both fiction (offend mat hona muche kisi ne bola kisi pandit ne lords ki sary story banayi thi uska naam had nahi he),saimansays,1642082579,2022-01,"Religious commentary, no profanity or target.",0,0,0,0,0,0,0
hshk5x2,"He is a hero of our nation

&gt;Biju Patnaik flew many sorties on his Dakota DC-3 from Delhi Safdarjung Airport on 27 October 1947, after the first Dakota DC-3 (Reg. No: VP 905) flown by Wg. Cdr. KL Bhatia landed in Srinagar Airport early morning. He brought 17 soldiers of 1-Sikh regiment commanded by Lt. Col. Dewan Ranjit Rai. He flew low on the airstrip twice to ensure that no raiders were around. Instructions from Prime Minister Nehru's office were clear: If the airport was taken over by the enemy, he was not to land. Taking a full circle the DC-3 flew ground level. Anxious eyeballs peered from inside the aircraft – only to find the airstrip empty. Nary a soul was in sight. The raiders were busy distributing the spoils of war amongst them in Baramulla",chodi,1642082839,2022-01,"Historical narrative, no profanity or target.",0,0,0,0,0,0,0
hshkgb5,"&gt;So is this the Indian version of ""I'm not racist because my friend is black""?

No, for that I'd have to have a Muslim friend. But, I don't🙃




&gt;And who made you the authority that defines good Muslims anyway?


The same guy who gave someone the right to say kuffar will go hell🌚",chodi,1642082976,2022-01,"Sarcastic political commentary, no profanity or target.",0,0,0,0,0,0,0
hshliqv,I doubt Inc barely getting 30+ seats + owaisi is also creating polarisation among Muslims in west UP,unitedstatesofindia,1642083470,2022-01,"Political commentary, no profanity or target.",0,0,0,0,0,0,0
hshm0p6,"""Musalmano se nafrat hai to usse jahir krne ke liye hara (green) kr diya gaya""

waah waah koi Rubbish ko logic ka course karao, aacha hai mere gharwale NDTV nhi dekte, nhi toh unko lagta ki mera cousin bhai skillessness ke wajah se unemployed nhi hai, balki isme mudiji ki galti hai",indiandankmemes,1642083690,2022-01,"Political commentary with sarcasm, no profanity or target.",0,0,0,0,0,0,0
hshmqm9,"&gt; One good thing about Nepali is we don’t take religion that seriously in general. I hope it remains the same. Please let us don’t be like india or some muslim country where religion decides everything.

Very based if true. Any resident Nepalese here that can confirm ? Don't present falsehood for reddit points, preferably.",librandu,1642084009,2022-01,"Political commentary, no profanity or target.",0,0,0,0,0,0,0
hshmxev,"&gt; No, for that I'd have to have a Muslim friend. But, I don't🙃

Well the fact that this statement is in stark contrast to your initial claim of ""having always loved Muslims"" is clearly lost on you.
&gt; The same guy who gave someone the right to say kuffar will go hell🌚

Good god, will you people ever move on from this lame retort? It really isn't the gotcha that you think it is. Same middle school energy is replying ""tera baap"" when someone asks ""tu hai kaun"".",chodi,1642084094,2022-01,"Political commentary, no profanity or target.",0,0,0,0,0,0,0
hshn0pz,Who cares? Muslim people are jokes.,sham_sharma_show,1642084136,2022-01,"Anti-Muslim slur, no profanity.",0,0,1,0,1,0,0
hshn9d3,that frog meme template was used to show shit like muslims in Indian concentration camps and all,librandu,1642084243,2022-01,"Political commentary, no profanity or target.",0,0,0,0,0,0,0
