id,body,subreddit,created_utc,year_month,analysis,profanity_vulgarity,targeted_abuse_harassment,discriminatory_hate_speech,caste,communal_religious,regional_xenophobic,misogyny_gender
i3jkgg7,"Yo, are those Hanuman's balls creeping out of his lungi or whatever? LMAO",librandu,1649193685,2022-04,"Mocking religious iconography with crude humor, no direct target.",0,0,1,0,1,0,0
i3jkytq,"A brahmin who still identity with brahminism is casteist.A community oscracized from eons cannot be blamed for apathy against entire race of oppressor. Ambedkar was referring to brahmins not as born into certain family but people who still have allegiance to their caste(who refer themselves as brahmin and still wear janeu). I have still not found a single non casteist colleague in my circle..Till there are majority of privileged brahmins openly supporting casteism, People born into brahmin families who are rare breed of anti-brahminical thoughts will have to endure suspicion.",librandu,1649193887,2022-04,"Discussion of caste dynamics, critical of brahmins but not hate speech.",0,0,0,0,0,0,0
i3jl0x2,"OP has he ever talked fondly about her? You can ask him to delete those pictures. You're allowed to ask that of a spouse. You are not controlling or insecure to make that request. Marriage is a big decision and he needs to be faithful. Then watch closely what he says, if he stalls and makes lame excuses about the memories being important, you should worry.

I am someone who was cheated on with an ex and has got therapy for it. Years old relationships can still cause issues. So I come from a place of understanding of what you fear. Please dm me if you want any info, woman to woman.",arrangedmarriage,1649193910,2022-04,"Supportive advice, no offensive content.",0,0,0,0,0,0,0
i3jl2bu,Shahid Bhagat singh was an atheist,indiandankmemes,1649193925,2022-04,"Factual statement about historical figure, no offense.",0,0,0,0,0,0,0
i3jmccf,Matlab Mai abhi tak purana stock kha raha tha,indiandankmemes,1649194434,2022-04,"Humorous comment about old stock, no offense.",0,0,0,0,0,0,0
i3jmcup,"This. Elli Avram was told that her forehead is very big and she needs to get it fixed. Fixed? It's her face! Seeing Disha and Manushi go through this pressure makes me wonder what actually this industry wants, what are the beauty standards? Manushi seems under nourished and in a lot of stress, her hairline telling the story. The age where cinema should lay the foundation stone of changing the perception of the country, we are going backwards with skin lightening, thin nose, etc etc. Then they will pretend to be ""woke"".",bollyblindsngossip,1649194440,2022-04,"Criticism of beauty standards, no personal attack.",0,0,0,0,0,0,0
i3jmv96,"I don’t think liquor or beach wear is legal in Saudi 


Maybe you meant UAE and yes I’d agree that UAE is now far more liberal than india or east European countries like Poland or Hungary",librandu,1649194643,2022-04,"Comparison of countries, no offense.",0,0,0,0,0,0,0
i3jq5ic,Ever played nuke simulator with location as islamabad?,indiandankmemes,1649195972,2022-04,"Threatening violence against a city, no identity target.",0,1,0,0,0,0,0
i3jrcs8,"What do you feel is a well rounded individual? 

If your son/daughter was marrying someone, what qualities would you want them to have?

To me a well rounded individual can have a decent career life, along with being social, friendly, who can communicate well, be self reflective and also can be independent and willing to work as a team. Someone who has developed a personality beyond career, school and exterior motives.",arrangedmarriage,1649196511,2022-04,"Asking about qualities, neutral.",0,0,0,0,0,0,0
i3jrxza,"Lol get a life. Idiot. Height can be changed? Just like skin color height is also genetic.

Just because heightism isn't as stigmatized as racism doesn't mean it's any better for short men. 

People can have whatever preferences. You can't dictate terms of preferences to men. 

You discriminating men shorter than you is equivalent to men treating dark skinned women. 

You can't hold yourself to a different standard. 

Go get married to a 5'0 guy baldie. He probably faces the same issues as a dark skinned woman.",arrangedmarriage,1649196772,2022-04,"Personal attack on height and baldness, no identity basis.",0,1,0,0,0,0,0
i3jryov,What the hell is this silent slideshow video,bollyblindsngossip,1649196781,2022-04,"Frustration with video, no offense.",0,0,0,0,0,0,0
i3jsz60,What in the actual fuck?!,sham_sharma_show,1649197216,2022-04,"Exclamation of surprise, no target.",1,0,0,0,0,0,0
i3juloj,"Wtf is she up to. Why can’t she behave her age and maintain some class. It’s okay to be silly and funny, but when it’s repetitive it looks stupid and people think you are a clown",bollyblindsngossip,1649197911,2022-04,"Criticism of behavior, no profanity, no identity.",0,0,0,0,0,0,0
i3jumz3,Bhai tu abhi bhi crack kar sagta mains aaram se,dankinindia,1649197927,2022-04,"Encouragement, no offense.",0,0,0,0,0,0,0
hhutk84,"[https://en.wikipedia.org/wiki/Hinduism\_and\_LGBT\_topics](https://en.wikipedia.org/wiki/Hinduism_and_LGBT_topics)you do know hinduism dont you? the thing that makes hinduism scientific religion is the fact that it is like a github repo, ... more like a linux distro tbh, you are free to just take some specific parts of the religion, believe it, and disregard the rest, a hindu that is an atheist is still a hindu, hindu that rejects vedas is still a hindu, please dont bring your abrahamic bullshit of ""this is the core of the religion, you cant change it"", hinduism went through change, it never resisted it, it accepted it and thats why its still alive,  


  
did you know that rigid caste system was not a part of hinduism? but then there was a change, and it became a part of hinduism, and we accepted it, why not this? is it because you have mixed hinduism with abrahamic religions? you are just like those muslims who kill gay men",chodi,1635079625,2021-10,"Criticism of Abrahamic religions, includes offensive comparison.",0,0,1,0,1,0,0
hhutmq6,"Truly, I've been one of the people to ask ""what do moderate Muslims have to say about this"" in the past, and that is more about making Muslims question the unacceptable parts of their religion than to make them feel guilty about being a Muslim.",librandu,1635079667,2021-10,"Discussion about Muslims, no hate speech.",0,0,0,0,0,0,0
hhutpop,"Party me daan kon deta ha bhai

Daan ka dhamda to mandiro ki daan petiyo me chalta ha na. Agar kisi non-pandit ki party me aap financial support bhi dete ho to vo unka refund hoga daan nhi.",dankinindia,1635079715,2021-10,"Comment about donations, no offense.",0,0,0,0,0,0,0
hhuttsy,So we gonna give reservation to a dalit with bmw or a brahmin who is sanitation worker.,librandu,1635079784,2021-10,"Question about reservation, no offense.",0,0,0,0,0,0,0
hhuttwd,"Did you not listen what she said in the last? When he said he is recording. She said, ""Aurat hu koo farak nahi padhta hai"".",chodi,1635079786,2021-10,"Quoting someone, no offense.",0,0,0,0,0,0,0
hhutw67,Kota students be like: Look what they need just to mimic a fraction of our power,chodi,1635079823,2021-10,"Humorous comparison, no offense.",0,0,0,0,0,0,0
hhutyph,What I see is Nehru enjoying life after a hard won Independence movement. Based Chacha,librandu,1635079863,2021-10,"Positive/neutral comment about Nehru, no profanity or hate.",0,0,0,0,0,0,0
hhuu053,"Shinchan ki bhi drawing waali video hai kya ? Idk I never saw it, coz I always watched Doraemon on Disney Channel, main woh Hungama zyada nhi dekhta tha, bas Beyblade aur woh Pokemon XYZ tha shayad till 2015-16, bass utna dekha Hungama, tabse aaj takk Hungama toh chhodo, koi aur purana channel nhi dekha 😢",indiandankmemes,1635079886,2021-10,"Nostalgic comment about cartoons, no profanity or hate.",0,0,0,0,0,0,0
hhuu0fg,Yaha kal kya ho kisne janaaaaa,dankinindia,1635079891,2021-10,"Vague rhetorical question, no target or hate.",0,0,0,0,0,0,0
hhuu1a6,bhai ye aesi maa beti hai jo apni beti ka divorce khud karvaegi aur fir club mai lekar jaegi,indiandankmemes,1635079904,2021-10,"Stereotypical comment about a mother-daughter duo, no profanity, but implies promiscuity and poor parenting, targeting women.",0,0,1,0,0,0,1
hhuu1qm,What would an Indian Karen be called,indiandankmemes,1635079912,2021-10,"Asks a question about a term, no hate.",0,0,0,0,0,0,0
hhuu3e4,"Yaha kal kyaa ho, kisne jaana

Edit: I can't get why people are downvoting me",dankinindia,1635079939,2021-10,"Repeats vague question and complains about downvotes, no hate.",0,0,0,0,0,0,0
hhuu3wr,"Delhi and Mumbai are getting worst hit by Western culture...saara whi ka chudap hai.

Women empowerment ke chakar mai kuch ""intellectual"" ladies tapad ghumaate firti hai",indiandankmemes,1635079947,2021-10,"Criticizes Western culture and women's empowerment, uses profanity 'chudap' and demeans women, targeting gender.",1,0,1,0,0,0,1
hhuu7dd,"What happened? any problem?

&amp;nbsp;

[Quote Sauce](&lt;https://youtu.be/NA5SgWnCOZ0/?t=00h12m32s&gt; ""A rick-roll for sure"")
***
^^I ^^am ^^not ^^Timothy. ^^I ^^reply ^^to ^^Bhendi, ^^Timothy, ^^Saiman ^^or ^^Saibot ^^^[Know&amp;nbsp;more](https://redd.it/fvkvw9)",saimansays,1635080004,2021-10,"Meta comment about bot replies, no hate.",0,0,0,0,0,0,0
hhuucl9,"Whats wrong with Bhojpuri songs, if you are going to call them vulgar and I will show you similar hindi songs which went on to win National Awards.",indiandankmemes,1635080092,2021-10,"Defends Bhojpuri songs, no hate.",0,0,0,0,0,0,0
hhuuear,"I meant you don't need to thank me, I just stood up for what I thought was right",chodi,1635080120,2021-10,"Clarifying statement, no hate.",0,0,0,0,0,0,0
hhuufqj,Sigma Muslim,dankinindia,1635080144,2021-10,"Short phrase 'Sigma Muslim' could be positive or neutral, no clear hate.",0,0,0,0,0,0,0
hhuugq3,"Agenda bhai, now Randtv ll say we don't want to communalize , but jese hi victim Buslim or Dalit ho to phir communal news dikhana sahi hey, kyuki Hinduo ko bura dikhana main task hey.",chodi,1635080161,2021-10,"Accuses media of bias against Hindus, uses 'Randtv' (slur for subreddit) and communal framing, but no direct hate speech against a group.",0,0,0,0,0,0,0
hhuuiea,"It's not Jesus Christ, it's ""Ya Allah""",dankinindia,1635080188,2021-10,"Corrects a religious reference, no hate.",0,0,0,0,0,0,0
hhuuj3w,"It was so unnecessary to cast her in this. Literally affected the ad in zero ways. 
I didnt bring any emotional depth to the ad either by casting a real life father &amp; daughter duo. What was the point?

They could have easily cast an unknown face alongside AB, given someone new a chance. But nooooo, they chose to take a super privileged person who has no acting ambitions, nor experience.",bollyblindsngossip,1635080199,2021-10,"Criticizes casting choice, no profanity or hate.",0,0,0,0,0,0,0
hhuunfp, I wasn't disagreeing with you.. That's what i was saying from the start.. Hinduism is pro LGBTQ it's the followers who doesn't understand it.. and u were blabbering the same thing letting urself get trolled,chodi,1635080270,2021-10,"Discussion about Hinduism and LGBTQ, no hate.",0,0,0,0,0,0,0
hhuupnl,"Apparently the only the regressive about this is this comment section. 

I was very confused by this post as I didn’t know what they did wrong. But ig it is justified to be toxic af to someone being a lesbian on this sub.",chodi,1635080307,2021-10,"Defends a lesbian, criticizes toxicity, no hate.",0,0,0,0,0,0,0
hhuurnv,"Motherfucker tum saale hinduwaadi log Sanghi chutiye 
Rss ke pille",indiandankmemes,1635080340,2021-10,"Profanity and insults directed at Hindu nationalists, but not based on religion as a whole, targets political group.",1,1,0,0,0,0,0
hhuurxq,Bhai mai bas worldcup hi dekhta hoon ab too usme bhi guilt de rha hai.,chodi,1635080344,2021-10,"Personal guilt about watching world cup, no hate.",0,0,0,0,0,0,0
hhuuv2a,"&gt;WW2 had a catalyzing effect but even before the war began - there was a lot of pressure on Britain to end the empire, especially in India. And the civil disobedience movement had a lot to do with it, because there were people in Britain who were on the side of Indian freedom.

Well yes Before WW2 and Bhagat Singh Congress was asking for Dominion status for a Reason as they knew Britain wouldn't give them Full Independence",librandu,1635080394,2021-10,"Historical discussion, no hate.",0,0,0,0,0,0,0
hhuuxym,Kuch din to gujariye Gujarat mai.,chodi,1635080441,2021-10,"Suggests spending time in Gujarat, no hate.",0,0,0,0,0,0,0
hhuuzmo,Mai vo bhi khelta hu,indiandankmemes,1635080468,2021-10,Benign statement about playing something.,0,0,0,0,0,0,0
hhuv3j2,"Don't tell me they are fighting over who is gonna fill the tank first, cause it's incredibly dumb. Idk what's the background but I would have gotten out of there asap cause I can't waste my time over bullshit like this. My time is much more valuable.",indiandankmemes,1635080531,2021-10,"Expresses frustration about a trivial argument, no target.",0,0,0,0,0,0,0
hhuv3m8,Why hate on Srk?- Didnt he also pull anti-India propaganda? Muslims are unsafe in India or some shit? Not to mention his ISI Kashmiri-terror promoting friends,desimeta,1635080533,2021-10,"Accuses SRK of anti-India propaganda and associates him with terrorism, targeting his religion.",0,1,1,0,1,0,0
hhuvd36,I like that everyone was with the correct side here and instead of telling the guy to chill they are telling the gal to chill ..... Coz the guy was innocent here ...at least what I can interpret from the footage,indiandankmemes,1635080683,2021-10,"Commentary on a situation, no abuse.",0,0,0,0,0,0,0
hhuvdjx,"Bhai mera loda sarane laga gia h aur apne ne dard mai bhi hilaya, sochne lga hoo kuchh bra admi banunga shayad",indiandankmemes,1635080691,2021-10,"Self-deprecating humor with profanity, not directed at others.",1,0,0,0,0,0,0
hhuvegb,You relate Ranbir to anything she does omg what kind of obsession is that? Let it gooooo,bollyblindsngossip,1635080705,2021-10,"Criticism of obsession, no abuse.",0,0,0,0,0,0,0
hhuvi6n,"That was meant for reservation in electorates. Every 10 years the parliament extends the time limit of the act. People who blabber on that reservation was meant for 10 years only, do they know that the reservation they’re talking about is reservation in lok sabha and vidhan sabha seats? Do you even care to read about it or just get the info from whatsapp?",indiandankmemes,1635080767,2021-10,"Discussion about reservation policy, no hate.",0,0,0,0,0,0,0
hhuvizm,What do you think capitalism is?,unitedstatesofindia,1635080780,2021-10,"Question about capitalism, neutral.",0,0,0,0,0,0,0
hhuvm09,Bhai de diya bhai🥲. Jiss comment pe reply kiya tha maine galti se ussi ko de diya. Original wale pe dena tha😭😭😭😭😭,chodi,1635080829,2021-10,"Apology for giving award to wrong comment, no abuse.",0,0,0,0,0,0,0
hhuvm62,"&gt; i dont think the ad has done anything wrong.

Even I'm not saying that. I'm just saying that those folks play a politics of convenience, ridiculing Hindus, their customs entire year and taking Islamists under their ""umbrella of persecuted"", but then using the same Hindu festivals to run their narrative which is hypocritical of them.",chodi,1635080831,2021-10,"Criticism of hypocrisy, no hate speech.",0,0,0,0,0,0,0
hhuvnmm,"What's with Bollywood's recent fetish with Biopics?
It's very formulaic, just like some years back when producers decided to go with rural locations!!",bollyblindsngossip,1635080855,2021-10,"Comment on Bollywood trend, no abuse.",0,0,0,0,0,0,0
hhuvp99,"#DO NOT PARTICIPATE IN THE LINKED THREAD.

Do not vote or comment in the linked thread whatsoever, otherwise we **will BAN you** from the subreddit.


*I am a bot, and this action was performed automatically. Please [contact the moderators of this subreddit](/message/compose/?to=/r/librandu) if you have any questions or concerns.*",librandu,1635080882,2021-10,"Automated moderation message, no abuse.",0,0,0,0,0,0,0
hhuvs9l, Looks like she's  going to singhu border to protest with the farmers...,bollyblindsngossip,1635080931,2021-10,"Speculation about protest, no abuse.",0,0,0,0,0,0,0
hhuw6mx,I think people got the misconception from another movie titled [Shaheed Uddham Singh: Alais Ram Mohammad Singh Azad](https://m.imdb.com/title/tt0237727/),librandu,1635081162,2021-10,"Clarification about movie, no abuse.",0,0,0,0,0,0,0
hhuw8o9,"I know children who believe that all Punjabis are huge  muscular dudes who wear a turban with kada in their hands drinking lassi 24/7, of course this will change as they grow up but the stereotype will remain imprinted in their subconscious, same with movies like these",chodi,1635081193,2021-10,"Discussion of stereotypes, no hate.",0,0,0,0,0,0,0
hhuw9gs,Mashallah brotha,librandu,1635081205,2021-10,"Religious greeting, no abuse.",0,0,0,0,0,0,0
hhuwbe3,"Umm no. 


It is  a clear fact that One true God Kabir is stronger than Allah and Ram combined. 


Convert to Kabirism now.",librandu,1635081235,2021-10,"Religious claim, no hate.",0,0,0,0,0,0,0
hhuwe7c,exactly what i thought!!,bollyblindsngossip,1635081280,2021-10,"Agreement, no abuse.",0,0,0,0,0,0,0
hhuwehh,"This discussion will lead to no outcome bro.... I jst want them to get better... abh tum ye ""what about"" ka sochoge toh kaise chalega bro?",indiandankmemes,1635081284,2021-10,"Discussion about outcome, no abuse.",0,0,0,0,0,0,0
hhuwmrp,"She was 45 during the time the film in question had released; and trust me her facial features and bone structure, both were stellar during her youth. It is common for women who look like her too appear, what people would call masculine, as they age. The sharp features that she possessed are much sought after in modeling agencies and the likes. So let’s give her credit for aging naturally and not having plastered her face with steroids and chemicals to frantically preserve her nubility and swoon factor as the women today in her shoes would have",bollyblindsngossip,1635081415,2021-10,"Defends actress's appearance, no abuse.",0,0,0,0,0,0,0
hhuwn9j,"I love Katrina however when she isn’t in a song how do expect them to have her in a song, edit her just randomly in? And regarding the posters, she isn’t portraying an important character like the other ones. I’m sorry but this is the truth. It was her personal choice to be in a movie playing some cops wife. Correct me if I’m wrong but from what I’ve understood in the trailer, she’s just Akshays wife/love interest. And I assume she’ll probably be in two songs, one with Akshay (a romantic song) and another where it’s just her dancing. Altogether maybe 30 to 40 minutes of screen time.",bollyblindsngossip,1635081423,2021-10,"Neutral discussion about a celebrity's role in a film, no profanity or abuse.",0,0,0,0,0,0,0
hhuwnea,Bhai mai hota to chaate ka jabab chate se deta,indiandankmemes,1635081425,2021-10,"Hypothetical statement about responding to a slap, no profanity or target.",0,0,0,0,0,0,0
hhuwpa8,Tab tak nahi bachogey. Sabki maiya chodengey. Tumhari toh chud chud kar marr gayi.,indiandankmemes,1635081454,2021-10,"Profanity and threats directed at a group, but no identity dimension.",1,1,0,0,0,0,0
hhuwt9e,He is a bot Aap ko lagta hai Pura din mai Computer ke samne baith k 150 jitna sabd dhundhta hu aur Unke Upar Message likh ta hu ?,chodi,1635081516,2021-10,"Defensive response, no profanity or abuse.",0,0,0,0,0,0,0
hhuwtis,"This is not about whataboutism, but I am just  tired of people treating Bhojpuri as a joke rather than a language.",indiandankmemes,1635081519,2021-10,"Criticism of how a language is treated, no personal attack or hate.",0,0,0,0,0,0,0
hhuwwz2,Bhrata main prasansa kar raha tha bot ki.,chodi,1635081576,2021-10,"Clarification of intent, no profanity or abuse.",0,0,0,0,0,0,0
hhuwxdh,"He was seen as a muscly, family-friendly dreamboat IIRC.

A lot of his 90s reputation came from films like Maine Pyaar Kiya, HAHK, and notably the film with the O O Jaane Jaana song lol. He and Sanjay Dutt played a big role in promoting a gym culture among the youth.

Definitely known for romance/comedy, even though he did star in action films.

He enjoyed a relatively good reputation (this was before hit-and-run case, Aishwarya Rai drama etc.). 

A huge star, but I distinctly remember that he and Aamir Khan were viewed as second to SRK in terms of stardom.",bollyblindsngossip,1635081582,2021-10,"Neutral discussion about a celebrity's career, no profanity or abuse.",0,0,0,0,0,0,0
hhuxg0d,Literally the first witness of the case has changed his statement and yahaa bhi SRK bashing lolol,bollyblindsngossip,1635081868,2021-10,"Comment on a case and fan behavior, no profanity or abuse.",0,0,0,0,0,0,0
hhuxklm,"Bhai humare school (APS) mai aaye the kuch special force vale, kya next level hote hai bhai, humlogo ne toh unhe dur se dekha tha, everyone was simping at them even the teachers",indiandankmemes,1635081942,2021-10,"Positive description of special forces, no profanity or abuse.",0,0,0,0,0,0,0
hhuxnp0,She deserves so much better for what? Can't act. Can't emote. Can't deliver dialogues. But yes she deserves so much more.,bollyblindsngossip,1635081989,2021-10,"Criticism of an actress's abilities, no profanity or identity attack.",0,0,0,0,0,0,0
hhuxqqj,"Isse pehle log sawaal poochke comments mein dange Macha de main bata deta hu ki iss game ka naam smash karts hai . Playstore pe nahi milega iss Link pe
www.crazygames.com/game/smash-karts milega ek baar khelo bohaut maza aata hai",indiandankmemes,1635082036,2021-10,"Informative comment about a game, no profanity or abuse.",0,0,0,0,0,0,0
hhuxxuv,Mai bhi aaj se shuru karunga ;),indiandankmemes,1635082147,2021-10,"Simple statement of intent, no profanity or abuse.",0,0,0,0,0,0,0
hhuxyz3,What are they? Teenagers? Max cringe man.,bollyblindsngossip,1635082164,2021-10,"Expression of dislike, no profanity or personal attack.",0,0,0,0,0,0,0
hhuy044,kashmiri brahmin afaik,librandu,1635082182,2021-10,"Factual statement about someone's background, no profanity or abuse.",0,0,0,0,0,0,0
hhuyb60,"Raat ko jab sawaal sataye ki main kaun hoon - paperweight


~Sumaira Shaikh",unitedstatesofindia,1635082347,2021-10,"Poetic quote, no profanity or abuse.",0,0,0,0,0,0,0
hhuycx1,It is what it is,indiandankmemes,1635082373,2021-10,"Neutral phrase, no profanity or abuse.",0,0,0,0,0,0,0
hhuyktu,Lol xd main kaise maan lu?,saimansays,1635082490,2021-10,"Skeptical question, no profanity or abuse.",0,0,0,0,0,0,0
hhuyn4o,Ye BKL dusron ko bhakt bolenge bc...,desimeta,1635082524,2021-10,"Profanity used in a political argument, but no identity-based hate.",1,0,0,0,0,0,0
hhuyryq,What is this saving aryan khan meme can someone explain?,indiandankmemes,1635082595,2021-10,"Question about a meme, no profanity or abuse.",0,0,0,0,0,0,0
hhuyuto,"This was the very first anime I saw. I saw it when I was merely 3 years old. Faded memories of this opening were still embedded in my mind. I love how the main characters do not pop out in the opening, which may be a metaphorical representation of them being common just like the viewer and everybody else. The only time when they do pop out is when they approach their homes, thus accurately proving the title - 'Atashinchi, meaning 'Our Family'.",saimansays,1635082638,2021-10,"Nostalgic description of an anime, no profanity or abuse.",0,0,0,0,0,0,0
hhuz1h6,Plot twist: The guy is using the same thing...whatever that was,indiandankmemes,1635082735,2021-10,"Neutral commentary, no profanity or target.",0,0,0,0,0,0,0
hhuz3bu,I think he is just trying to keep his career alive by just taking whatever he's getting.. I can't stand him either,bollyblindsngossip,1635082760,2021-10,"Negative opinion about a public figure's career, no personal attack.",0,0,0,0,0,0,0
hhuz4zj,Mashallah I see god in fudgy brownies,librandu,1635082785,2021-10,"Religious expression, no hostility.",0,0,0,0,0,0,0
hhuzjff,"&gt;What’s the use of 70 percent population then?

OBC's which are majority just feels home since they are also the new UCs",librandu,1635082990,2021-10,"Political commentary on caste categories, no personal attack.",0,0,0,0,0,0,0
hhuzjys,Ashiq hu main dil ka mujhe jeena mat sikha...,dankinindia,1635082998,2021-10,"Song lyric, no profanity or target.",0,0,0,0,0,0,0
hhuzqki,What is this racist crap.,indiandankmemes,1635083091,2021-10,"Criticism of content as racist, no specific target.",0,0,0,0,0,0,0
hhuzuzg,Kya matlb Mai depression Mai hu?,saimansays,1635083153,2021-10,"Question about depression, no profanity or target.",0,0,0,0,0,0,0
hhv025r,"Lolz. Loved what u did with Yogi ji. If this is your first one, we have great expectations from u bhrata. Cool work",chodi,1635083254,2021-10,"Positive feedback, no profanity or target.",0,0,0,0,0,0,0
hhv02fk,Arre ali tere liye specially bachaya hai maine tension kyun leta hai khale normie hai kya,saimansays,1635083258,2021-10,"Teasing a friend, no profanity or identity attack.",0,0,0,0,0,0,0
hhv044a,Average WhatsApp graduate.,indiandankmemes,1635083282,2021-10,"Mild insult, no profanity or identity basis.",0,0,0,0,0,0,0
hhv05jh,Bloody addict ? Such hate ? Why ? What did Aaryan do to you ?,bollyblindsngossip,1635083302,2021-10,"Questioning hate, no profanity or target.",0,0,0,0,0,0,0
hhv08qp,"Just like religion has no place in the state's affairs, the state has no business dictating what someone follows and doesn't",librandu,1635083347,2021-10,"Political statement, no profanity or target.",0,0,0,0,0,0,0
hhv0a6c,I wonder what Mandira Bedi is up to.,unitedstatesofindia,1635083366,2021-10,"Neutral question, no profanity or target.",0,0,0,0,0,0,0
hhv0ari,"90% of hate crimes happened in india happens against muslims , so im that Indian hindus are not that much different from Bangladeshi Muslims 
https://www.google.com/amp/s/amp.scroll.in/article/901206/new-hate-crime-tracker-in-india-finds-victims-are-predominantly-muslims-perpetrators-hindus
link also given you cam read up on it",dankinindia,1635083374,2021-10,"Discussion of hate crime statistics, no endorsement.",0,0,0,0,0,0,0
hhv0cht,What's up with her eyebrows in that picture? Why is her left eyebrow (our right) so up and stretched?,bollyblindsngossip,1635083398,2021-10,"Comment on appearance, no profanity or identity attack.",0,0,0,0,0,0,0
hhv0goz,Maine to wahin pehle dekhi thi,indiandankmemes,1635083458,2021-10,"Neutral statement, no profanity or target.",0,0,0,0,0,0,0
hhv0kf2,Can you tell us what should we see in the eyebrows ?,bollyblindsngossip,1635083512,2021-10,"Neutral question, no profanity or target.",0,0,0,0,0,0,0
hhv0lpd,Uttarpradesh mai fena bolte hai,saimansays,1635083531,2021-10,"Regional language note, no profanity or target.",0,0,0,0,0,0,0
hhv0n5t,"Yes. I actually forgot about the Pegasus. Damn, that shit was just as fucked. No privacy, no free speech and no criticism. What a wonderful fucking world.",librandu,1635083551,2021-10,"Profanity used in political commentary, no personal target.",1,0,0,0,0,0,0
hhv0o7e,Oh okay so what do u call a homosexual person in Hindu terms?. Are u getting offended because i used english words??,chodi,1635083565,2021-10,"Question about terminology, no profanity or target.",0,0,0,0,0,0,0
hhv0ppk,We need one with subtitles. What was that 4’2” __ bitch.,dankinindia,1635083586,2021-10,"Profanity directed at a person, no identity basis.",1,1,0,0,0,0,0
hhv0qfm,Koi fariyaad tere dil main,dankinindia,1635083596,2021-10,"Lyrics, no offensive content.",0,0,0,0,0,0,0
hhv0tlx,"Kyu aya phir yaha gand marane , bihar se nikal gaya phir bhi tu bihari hi hai. Ud mat jayda",indiandankmemes,1635083642,2021-10,Profanity and regional slur directed at a person.,1,1,1,0,0,1,0
hhv0vkb,Duniya hi badald du mai to pyaara sa chamatkaar hu,dankinindia,1635083669,2021-10,"Positive self-expression, no offensive content.",0,0,0,0,0,0,0
hhv0vwl,Cry more cry more that  what you can do,indiandankmemes,1635083674,2021-10,"Dismissive taunt, no profanity or identity basis.",0,0,0,0,0,0,0
hhv0wib,"Teri aukat kya he 70 percent abadi he sc st ki . Saale tab ayemge toh sare ayenge.  Tab tumhari maa tumhe bachane ke liye apni gaand khol kar bethegi . 
Abe chal saale rajput rajput karte rahate ho tumhari wajah se hi pure desh mein 1300 saal bahari kingdoms me raj kara he . Sala darte ho tum log kahi hame hatiyar mil gaye toh gaamd mein chura tha ghop de . Isliye ye education se dur rakha . Tumne kich nahi kara . Tum ksrte bhi kya tumhari niyat hi nahi thi . Tumne sirf logo ko mara he , unke sosan kara he . Kuch na kar paye tum . Yaha angreez or turks akar tumhari gaand mein danda daal diya . Hame toh ladane bhi nahi diya .",indiandankmemes,1635083682,2021-10,"Profanity, caste slur, and communal hate directed at a group.",1,1,1,1,1,0,0
hhv0wu4,Aashiq hu mai dil ka mujhe jeena mat sikha...,dankinindia,1635083687,2021-10,"Lyrics, no offensive content.",0,0,0,0,0,0,0
hhv0xvm,Muh mai lund mujhe chodna mat sikha,dankinindia,1635083702,2021-10,"Profanity, self-directed, no target.",1,0,0,0,0,0,0
hhv11we,"Martina sounds like a brainwashed hindu, allowing the good muslim their right to hate as mandated by Islam.",desimeta,1635083759,2021-10,Accusation of brainwashing and religious hate.,0,1,1,0,1,0,0
hhv11wv,"Have you heard of a sort of little known but niche star, somewhat an acquired taste but still ..... called.... 

Kangana Ranaut ?",bollyblindsngossip,1635083759,2021-10,"Sarcastic reference to a public figure, no offensive content.",0,0,0,0,0,0,0
hhv12vb,"Murgi be like ""what are you doing? Mai pehle tha""",indiandankmemes,1635083773,2021-10,"Humorous comment, no offensive content.",0,0,0,0,0,0,0
hhv1556,"Jesus the downvotes on your comment. It's like you said something insane. I feel like it should be common sense that shit involving children shouldn't really be some joke. To what extent are you willing to go just to get some internet points and to be ""dank""?",indiandankmemes,1635083805,2021-10,"Discussion about inappropriate jokes, no offensive content.",0,0,0,0,0,0,0
hhv15yv,"May be because it could be reduced to some extent if you do the stuff I just wrote out. May be, to raise awareness among others. May be to just rant and vent it out. May be because the number of people that actually want to lick dicks of big companies eithout realizing what they're doing to us surprises me everytime.",librandu,1635083817,2021-10,"Profanity directed at companies, no personal target.",1,0,0,0,0,0,0
hhv177x,then i guess you are not that different from Bangladeshi muslims,dankinindia,1635083834,2021-10,"Comparison to a religious group, potentially offensive.",0,0,1,0,1,0,0
hhv197o,What's  problem  with you,indiandankmemes,1635083861,2021-10,"Neutral question, no offensive content.",0,0,0,0,0,0,0
hhv19wi,Nah bro still only he would've gotten arrested. We have seen already in many cases like that lucknow one that only women have the right to slap somebody in the name of self defence and if a man does the same he will get accused of so many things. We can't even get out of our houses now. what if a woman comes and starts slapping us ?  what can we do ? NOTHING. sad truth,chodi,1635083871,2021-10,"Discussion of gender bias, no offensive content.",0,0,0,0,0,0,0
hhv1elu,"No I am hindu, who will be reason of wipe out of muslim and history will remember me, not you",dankinindia,1635083937,2021-10,Threat of genocide against a religious group.,0,1,1,0,1,0,0
hhv1ewp,You know what. That's so much accurate meme,chodi,1635083942,2021-10,"Positive comment, no offensive content.",0,0,0,0,0,0,0
hhv1haa,Tere sath kiya maine jeera soda,dankinindia,1635083975,2021-10,"Lyrics, no offensive content.",0,0,0,0,0,0,0
hhv1kkg,Yes we are getting S400 in November and US just want to be on same page with us on China expansion for sure Bcoz the gravity is shifting from middle East to indo Pacific region for US and we would surely doesn't want to burn hands with US in their fight with China (bcoz we have our own in Tibet sector) but what we should cope for is something similar alliance with Russia on lines of QUAD,indiandankmemes,1635084021,2021-10,"Political discussion, no offensive content.",0,0,0,0,0,0,0
hhv1p6p,I never said ki usse hate nhi mili...bss ye bola hai carry ko uss se jyada milti hai...kyunki he is more mainstream than saiman...tum khud honestly socho ki tumne kiske khilaaf jyada hate comments dekhi hai? Btw saiman ko carry ke fanbase mein se 1-2 million log hi jaante hai (underrated hai bechara) carry ko 2nd gen creators ki aidience ke ilava bhi bahut hate milti hai...kyunki india mein bahut log hai jinnhe lgta hai ki gaali dena paap hai,saimansays,1635084084,2021-10,"Discussion about hate comments towards public figures, no profanity or personal attack.",0,0,0,0,0,0,0
hhv1ug9,https://www.filemail.com/d/bifwznszmocchkf,indiandankmemes,1635084158,2021-10,"Empty comment, no content.",0,0,0,0,0,0,0
hhv1vgw,Bro mai phirse coc khelna shuru kiya after nearly 2 years of not playing and it feels so great,indiandankmemes,1635084172,2021-10,"Positive statement about playing a game, no issues.",0,0,0,0,0,0,0
hhv220a,Jaise matke mai paani bharta thoda thoda,dankinindia,1635084260,2021-10,"Metaphorical phrase, no target or profanity.",0,0,0,0,0,0,0
hhv2cgl,"Periyar was so anti Hindu. He in fact loved Islam. No wonder he married his own ""adopted"" daughter.. Wanted to destroy Tamil Nadu.",chodi,1635084399,2021-10,"Criticism of a historical figure with religious and personal attacks, but no explicit profanity. Targets a specific person, not a group.",0,1,0,0,0,0,0
hhv2e47,"Bas meri chhoti behen thodi badi ho gyi and remote gaya 😢😢😢

Ab woh roz Little Singham dekhti hai 🤮🤢",indiandankmemes,1635084421,2021-10,"Expression of dislike for a children's show, no profanity or personal attack.",0,0,0,0,0,0,0
hhv2el1,I don't think it's a real case whatever the festival of whatever religion everyone gets holiday atleast in public sector not sure about private sector.,dankinindia,1635084428,2021-10,"Discussion about holidays, no issues.",0,0,0,0,0,0,0
hhv2irz,Mai kisi ka sapna hu jo aaj bann chuka hu sach,dankinindia,1635084484,2021-10,"Poetic statement, no issues.",0,0,0,0,0,0,0
hhv2koe,"Murica: we have the 7th Fleet! What do YOU have?


India: we have Field Marshall Sam Manekshaw.


Murica: oh shit......",indiandankmemes,1635084511,2021-10,"Patriotic joke, no profanity or hate.",0,0,0,0,0,0,0
hhv2m01,What is his IG @,indiandankmemes,1635084528,2021-10,"Asking for Instagram handle, no issues.",0,0,0,0,0,0,0
hhv2n78,"You didnt answers the main question ""how does reserving seat solves discrimination?""",indiandankmemes,1635084546,2021-10,"Question about reservation, no hate.",0,0,0,0,0,0,0
hhv2nq7,"Can confirm. I am one the OBCs who used to think no one is above us, not even bamans until the time I went to tier 1 city in a savarna dominated institute. We are just given the lollipop of caste dominance, real dominance is of baman and banias. Every one of my college professors was either a baman or a bania or a punjabi. Why do these obc not see this? They have zero representation in higher institutions, in higher courts, in every position of power, they have zero representation. Why are they still not speaking against it? I still don’t understand.",librandu,1635084554,2021-10,"Personal experience and criticism of caste dynamics, but no explicit hate speech or profanity. Discusses systemic issues.",0,0,0,0,0,0,0
hhv2prv,"ok i think this has a reason , this was the exact point i made when me and my mom were taking abt there being ppl who changed genders in mahabharat . she didnt seem to understand even tho i kept trying to explain it , i think most older ppl dont really get that the lgbtq and stuff was actually a part of the epics they are so proud of . its a shame but no one really knows this and thus the need for western ideology . i mean its the same with feminism,  it WAS  a movement made to empower women distorted into what we have now",chodi,1635084581,2021-10,"Discussion about LGBTQ in epics, no hate.",0,0,0,0,0,0,0
hhv2x6y,Mai kisi ka sapna hoon joh aaj ban chuka hoon sach,dankinindia,1635084684,2021-10,"Poetic statement, no issues.",0,0,0,0,0,0,0
hhv33mv,Can Ananya not genuinely be into Aryan? Is it impossible to have a crush on a guy you've known ever since you started understanding what crushes *are*? Why must everyone assume ulterior motives.,bollyblindsngossip,1635084770,2021-10,"Defending a celebrity, no hate.",0,0,0,0,0,0,0
hhv34sy,"A brother’s feeling is what I,",dankinindia,1635084785,2021-10,"Incomplete sentence, no issues.",0,0,0,0,0,0,0
hhv35ox,Not just political - religious as well. Rana Ayub made it all about SRK's religion and linked it to 'dara hua musalman' brand Modiphobia. And have you seen the official sub - top post is about how a muslim guy has to hide his identity in India. There is no reason given and is as nonsensical as it gets yet it received 60+ awards.,desimeta,1635084797,2021-10,"Criticism of media and subreddit, no profanity or personal attack.",0,0,0,0,0,0,0
hhv39wp,Bhai sc/st gand maar lenge...mai bhi Same karna chahta hu waise,indiandankmemes,1635084853,2021-10,"Profanity used in a general statement about SC/ST, not targeted at a specific person. Could be seen as derogatory towards a group.",1,0,1,1,0,0,0
hhv3i9d,Ab ye mera sapna hai ki sabke sapne sach mai karu,dankinindia,1635084965,2021-10,"Positive statement, no issues.",0,0,0,0,0,0,0
hhv3j9z,Main bhi Sochu kya kya karvaake baithe hai aunty,unitedstatesofindia,1635084978,2021-10,"Expression of frustration, no profanity or target.",0,0,0,0,0,0,0
hhv3qu5,Yah how would you even go about making such an assumption?,chodi,1635085080,2021-10,"Neutral question, no profanity or target.",0,0,0,0,0,0,0
hhv3qyl,"Are Bahenji...App ki sub baat thik hai....agree...

BUT...What we are saying is what if he is right?",bollyblindsngossip,1635085082,2021-10,"Respectful disagreement, no profanity or attack.",0,0,0,0,0,0,0
hhv3tkh,"okay even if we do not take the hate crime as a source , there are other hundreds of cases of cow vigilantism in india where they kill innocent muslims for transporting cows , even international media houses like vox has reported on it
https://www.vox.com/2019/7/24/20708435/cow-violence-india-muslims",dankinindia,1635085117,2021-10,"Discussion of cow vigilantism cases, no hate speech.",0,0,0,0,0,0,0
hhv3wc8,And how did you arrive to the conclusion that I'm worshipping Srk? I don't even watch shitty bollywood movies. I'm just sayin 6 gm hash isn't that big of a deal. It's worth like 300 rupees over here in Himachal.  Instead of doing all this pr drama and blackmailing BS why don't go after the real king pins. Indian drug market is worth in billions and none of us have any idea who the real players are.,desimeta,1635085154,2021-10,"Defensive comment with mild profanity, no target.",1,0,0,0,0,0,0
hhv3wm6,"Bhosdike Terrorism has no religion.


You freaking bhakt",indiandankmemes,1635085158,2021-10,"Profanity and political insult, no identity attack.",1,1,0,0,0,0,0
hhv41d5,"Bhai start calling it grooming jihad

It has better currency worldwide and it accurately describes what's going on

Love jihad is confusing and libchandu asre twisting it around sayin g sanghis are twisting a normal love marriage to make it communal


When will we ever learn the importance of using right terminology

Don't dilute your own cause start calling it what it is grooming jihad",chodi,1635085224,2021-10,"Promotes conspiracy theory about grooming jihad, communal framing.",0,0,1,0,1,0,0
hhv46aj,"I mean Ananya can genuinely be into Aryan but I also think she can be genuinely into Aryan for what he offers rather than Aryan himself lmao

There was a thread in the past about Ananya's behaviour and it was pretty appalling lmao She had complete user vibes and this was from people who attended school with her",bollyblindsngossip,1635085290,2021-10,"Speculation about celebrity, no profanity or attack.",0,0,0,0,0,0,0
hhv46ap,Saala Yeh saare bhsdwaale ipl mai hi sher banenge,indiandankmemes,1635085290,2021-10,"Profanity and insult directed at IPL players, no identity basis.",1,1,0,0,0,0,0
hhv4muc,A full commitment is what i thinking of,dankinindia,1635085514,2021-10,"Lyric quote, no profanity or target.",0,0,0,0,0,0,0
g6mmdtj,Just confirmed that the main idea behind twitter was by Sushant Singh Rajput he wanted to shut his bengali girlfriends chut,dankinindia,1601100457,2020-09,"Profanity and sexual slur directed at a woman, misogynistic.",1,1,1,0,0,0,1
g6mnill,"The emergence of altruism is a consequence of individual selfish behaviour in a group setup.

Even going by this article I don't how you came to conclusion that altruism is backbone of human evolution, you are mistaking effect for cause, the flow of information will always be from selfishness to whatever human attribute/feature you can think of.",librandu,1601100862,2020-09,"Intellectual debate, no profanity or attack.",0,0,0,0,0,0,0
g6mo0uj,I don't know what it called.,unitedstatesofindia,1601101038,2020-09,"Neutral statement, no profanity or target.",0,0,0,0,0,0,0
g6mo7jv,"Hamare jawan siachan pr ladd rhe hai, aur tum yaha pr apni jaan nhi de skte??!! /s",unitedstatesofindia,1601101104,2020-09,"Sarcastic rhetorical question, no profanity or attack.",0,0,0,0,0,0,0
g6moegp,"Since there's a lot of misinformation floating around, I'll be the skeptic to ask: Can someone please tell me what was stopping these guys from doing it earlier?",unitedstatesofindia,1601101172,2020-09,"Skeptical question, no profanity or target.",0,0,0,0,0,0,0
g6moezi,"Your IQ is too small to understand this , in ancient English the ausguardians (who are the real Muslim ancestors of Pakis ofc) use these scripts , evil fake white men British copied them and changed the words",chodi,1601101177,2020-09,"Insulting IQ and using slur 'Pakis', regional hate.",0,1,1,0,0,1,0
g6mopuk,So she is a terrible actress with a totally bland personality. What's respectable about it? This is like worst combination for her profession.,bollyblindsngossip,1601101290,2020-09,"Negative opinion about actress, no profanity or attack.",0,0,0,0,0,0,0
g6mprqt,"Main soch hi rha tha ki aap hi aaoge mujhe btane ke liye.

😂😂

Tag bhi krne waala tha",unitedstatesofindia,1601101670,2020-09,"Friendly banter, no profanity or attack.",0,0,0,0,0,0,0
g6mq22x,"It don't show love jihad but it does show that Hindus girls are more open to marry a Muslim man , But for muslim girls marrying a Hindu man is still troublesome",unitedstatesofindia,1601101776,2020-09,"Observation about interfaith marriage, no hate speech.",0,0,0,0,0,0,0
g6mqbsb,"In Ramcharitmanas, it is mentioned -
Lord Shiva always meditates by chanting Lord Ram's name.

So, instead of becoming SHAIVITE or VAISHNAVA, we should become a TRUE HINDU, we should become a TRUE BHAKT.",chodi,1601101873,2020-09,"Religious discussion, no profanity or attack.",0,0,0,0,0,0,0
g6mqu6g,"https://indianexpress.com/article/india/kerala-dalit-priests-government-temples-any-hindu-can-be-a-brahmin-4890673

Well here also there were many but except him others fled:

https://gandhara.rferl.org/a/ghazni-residents-mourn-the-loss-of-hindu-sikh-neighbors-/30854326.html",unitedstatesofindia,1601102070,2020-09,"Neutral observation, no profanity or attack.",0,0,0,0,0,0,0
g6mr1if,Chal kya raha hai yaha peh?Chaddi yah Joker aaya hai?Why do I even browse this sub just after waking up...,librandu,1601102148,2020-09,"Mixed Hinglish/English, no profanity, no clear target, mild frustration.",0,0,0,0,0,0,0
g6mr7ko,"Hi, exotictantra!

Your post [Rethinking India's Economy for the 21st Century by Shri Sanjeev Sanyal](https://youtu.be/dlKCYi5szWo) has been removed. It breaks the following [rules](https://www.reddit.com/r/unitedstatesofindia/wiki/rules):


- YouTube videos are only allowed from reputable (blue-ticked) sources.



______________________________________________________________________________
^If ^you ^think ^this ^was ^an ^error, ^or ^have ^questions, ^reach ^out ^to ^us ^over [^mod ^mail](https://www.reddit.com/message/compose?to=/r/unitedstatesofindia)^.",unitedstatesofindia,1601102209,2020-09,"Automated moderation message, no profanity, no target.",0,0,0,0,0,0,0
g6mrf0n,"Exactly, he might not have been fully on board with Hinduism, but honestly he didn’t have to. After all, Veer Savarkar himself was an atheist. So, all we need from these icons is the ideology we agree with. The ones where we differ, can remain differences. We would be Dr Ambedkar himself if we agree with all of his opinions. Why can’t we have both him as our icon, and also have ourselves motivated by hindu-nationalism.",chodi,1601102282,2020-09,"Discussion of ideology, no profanity, no attack.",0,0,0,0,0,0,0
g6mrrfk,Why should Gavaskar apologize? What is his mistake? His statement was taken out of context by high headed people.,bollyblindsngossip,1601102407,2020-09,"Questioning an apology, no profanity, no attack.",0,0,0,0,0,0,0
g6msgxu,Pawan Singh chad,chodi,1601102676,2020-09,"Positive comment, no profanity, no attack.",0,0,0,0,0,0,0
g6msluy,"What kind of morons believe in this 1990's memes.

Let me guess. The taxi drivers name was Albert ""Tesla"" Einstein",chodi,1601102724,2020-09,"Insulting people as morons, no profanity, no identity basis.",0,1,0,0,0,0,0
g6msrnn,"He's won, but at what cost?",saimansays,1601102785,2020-09,"Rhetorical question, no profanity, no target.",0,0,0,0,0,0,0
g6msvz2,"Which God? Abrahamaic, Nordic, Greek, Animistic, Sikh or Hindu God?",librandu,1601102835,2020-09,"Question about gods, no profanity, no attack.",0,0,0,0,0,0,0
g6msz3r,What dignity from Shraddha?? Just because she attacks from behind doesn't mean she is dignified.,bollyblindsngossip,1601102872,2020-09,"Criticism of a public figure's behavior, no profanity, no identity basis.",0,0,0,0,0,0,0
g6mtbaj,Even i was confused lol. Aaj tak unpredictable hai kabhi wo Right wing jaisa show krta hai kabhi left wong jasa. Watch NDTV if you wanna know what's wrong going on in our country. Watch DD or RSTV for what's good is going on in our country.,chodi,1601103011,2020-09,"Comment on media bias, no profanity, no attack.",0,0,0,0,0,0,0
g6mtjlp,"Deepika uses whatsapp for maal.



Has all that chats stored on cloud or whatever backup.



And gets involved in the maal business and now gets interogated by the NCB.


Stupid☑️",bollyblindsngossip,1601103110,2020-09,"Accusation of drug involvement, no profanity, no identity basis.",0,0,0,0,0,0,0
g6mtxb4,"Main to paste ki jageh gutka hi use karta hun, brush karte time",saimansays,1601103268,2020-09,"Humorous comment, no profanity, no target.",0,0,0,0,0,0,0
g6mu5a6,"Shraddha somehow has goodwill among media and fans, idk what she did but her PR is great",bollyblindsngossip,1601103357,2020-09,"Comment on PR, no profanity, no attack.",0,0,0,0,0,0,0
g6muf7c,What a waste of the nation's time this whole investigation is.,bollyblindsngossip,1601103477,2020-09,"Criticism of investigation, no profanity, no target.",0,0,0,0,0,0,0
g6mvfzk,"Wait what, i gotta check this out...

You mean the *new comments that get loaded are highlighted* right, like in boost?",unitedstatesofindia,1601103868,2020-09,"Question about app feature, no profanity, no target.",0,0,0,0,0,0,0
g6mvgqm,WHATTTT! You are joking right? 😭,bollyblindsngossip,1601103877,2020-09,"Exclamation, no profanity, no target.",0,0,0,0,0,0,0
g6mvgqu,"Because most Muslim families IRL disown the girl if she marries outside religion. So girl ""converts"" to Hinduism anyway like a good Sati Savitri",unitedstatesofindia,1601103877,2020-09,"Stereotype about Muslim families, no profanity, but identity-based.",0,0,1,0,1,0,0
g6mvtbh,"We have too many new guys from ArrIndia, I'm afraid this sub might become mainstream.

Secondly, Gr8 B8. Mods please take notice.",librandu,1601104014,2020-09,"Comment on subreddit, no profanity, no attack.",0,0,0,0,0,0,0
g6mvxyr,"Ok,currycel

Somebody ban this idiot already,someone send me the results of what happens here,gotta get an x-ray today so will not be here for very long",librandu,1601104065,2020-09,"Insulting a user with 'currycel', no profanity, but identity-based.",0,1,1,0,0,1,0
g6mwd6z,Fir baat karenge muh Islamophobia,chodi,1601104236,2020-09,"Incomplete, no profanity, no clear target.",0,0,0,0,0,0,0
g6mwnaq,My guy this sub has 5k members its already mainstream,librandu,1601104350,2020-09,"Neutral comment about subreddit size, no profanity or abuse.",0,0,0,0,0,0,0
g6mwoy0,"What I meant to say that if she keeps a low profile and has a bland personality but doesn't treat her stardom as a reason to say offensive things in the media, it's a nice thing. What cut throat things the stars do within themselves is entirely different, every industry can be cut throat. But atleast she doesn't drip of entitlement or say hate speech like the others I've named..",bollyblindsngossip,1601104369,2020-09,"Discussion of celebrity behavior, no profanity or abuse.",0,0,0,0,0,0,0
g6mwp14,What subreddit posts get awarded the most? Prequelmemes? Wallstreetbets? Yeh do mei toh hamesha dekhe hain bahut,unitedstatesofindia,1601104370,2020-09,"Question about subreddit awards, no profanity or abuse.",0,0,0,0,0,0,0
g6mwymf,"What do you mean didi? Only modi hitler and bjp Fascist. Not didi or any ""other"" chief minister",unitedstatesofindia,1601104478,2020-09,"Political criticism of Modi and BJP, no profanity or personal abuse.",0,0,0,0,0,0,0
g6mx03y,"They are fucking cucks.. noone is asking them to do the same shit Islamists do, but stand for the Nation atleast",chodi,1601104496,2020-09,"Profanity 'fucking' and 'cucks' directed at a group, but not identity-based.",1,1,0,0,0,0,0
g6mx3mo,"I get that.....Indian diaspora is quite successful...

But Pakistani and Muslim diaspora have successfully enabled the Democrat leadership to stand opposite India on Kashmir issue....

Far bigger magnitude of human rights violations happen in Pakistan..No one takes them to task...India on the other hand gets resolutions after resolutions on 370, CAA/NRC etc...Our diaspora is bad at defence and even worse at counter attack. They can't even take a stand on their community's interest....",chodi,1601104536,2020-09,"Discussion of diaspora and politics, no profanity or abuse.",0,0,0,0,0,0,0
g6mx5fv,"Twist my words dude...

Cause that's what you have been doing in this sub forever, twist the words someone says for your own argument benefits...

Ain't gonna argue with this",chodi,1601104554,2020-09,"Accusation of twisting words, no profanity or abuse.",0,0,0,0,0,0,0
g6mx9x0,"Are you taking a meme literally? And No, whatever his name maybe, here's what's problematic : The Dogmatic Assertion of your Religion over others, which here is mocked by common sense.",chodi,1601104605,2020-09,"Discussion of religion and mockery, no profanity or abuse.",0,0,0,0,0,0,0
g6mxh4u,Cut off his foreskin and convert him to Islam.,librandu,1601104684,2020-09,"Graphic threat of violence and forced conversion, targeting a person.",0,1,1,0,1,0,0
g6mxrho,NOOO 😭😭 Eros now literally has a video titled 'Sonakshi Sinha sees Ajay Devgun's Singham' on youtube xD,bollyblindsngossip,1601104815,2020-09,"Neutral comment about a video, no profanity or abuse.",0,0,0,0,0,0,0
g6mxsrq,This cringyMan dude is some kid who doesn't even know what sarcasm is 😭😭😭 I thought librandus were intellectual and sarcastic af...,librandu,1601104833,2020-09,"Insult directed at a person, no profanity or identity basis.",0,1,0,0,0,0,0
g6my23t,"I feel bad for virat.
Le deke launde ko yahi mili pure india mein.",chodi,1601104961,2020-09,"Sympathy for Virat, no profanity or abuse.",0,0,0,0,0,0,0
g6my5dm,That's what she said,saimansays,1601105005,2020-09,"Innocent phrase, no profanity or abuse.",0,0,0,0,0,0,0
g6my8gx,Who’s gonna tell him that being a dick to Indian Muslims won’t get Afghans to change their ways?,librandu,1601105055,2020-09,"Profanity 'dick' directed at a person, but not identity-based.",1,1,0,0,0,0,0
g6mybk0,"Lol first you knew voice of every Maharashtraian and now also my caste .....what will nifty be on Monday closing? Or you dont abuse your special powers?
BTW your arguments just show how weak your point is",chodi,1601105103,2020-09,"Sarcastic comment about caste and powers, no profanity or abuse.",0,0,0,0,0,0,0
g6mydfo,I guess the point of diplomacy is completely lost. What cringe,librandu,1601105132,2020-09,"Criticism of diplomacy, no profanity or abuse.",0,0,0,0,0,0,0
g6myokd,"I want to avoid but sometimes i am tempt to lnow whats happening,i am tired of all controversies,not only this but dont know still tempt to know whats happening",bollyblindsngossip,1601105295,2020-09,"Personal expression of fatigue, no profanity or abuse.",0,0,0,0,0,0,0
g6mz2h0,Inshallah boys failed well,chodi,1601105619,2020-09,"Sarcastic comment about a group, no profanity or abuse.",0,0,0,0,0,0,0
g6mz2ui,"Castism is one of the most fundamental part of BJP, many bhakts support BJP just because they are casteist.",unitedstatesofindia,1601105628,2020-09,"Political criticism of BJP and supporters, no profanity or abuse.",0,0,0,0,0,0,0
g6mz4zq,His sister and Smita were actively promoting the witch hunt on drugs. Sharing lists. Encouraging brand boycotts. Who will pay for the damage done to those women? SSR was a victim of what exactly?,bollyblindsngossip,1601105681,2020-09,"Discussion of a controversy, no profanity or abuse.",0,0,0,0,0,0,0
g6mz5va,&gt; most of the rise of right wing in the world is a response to the islamic extremism threat.,librandu,1601105701,2020-09,"Political commentary on right-wing rise as response to extremism, no personal attack or hate speech.",0,0,0,0,0,0,0
g6mz6ge,"Looking at this in isolation, the twats at FDS are right. But I'd have prefered if this message came from normal non sociopathic women or feminists.

Aur OP tu zaada esmarat na ban, I get what you are trying to do here.",librandu,1601105714,2020-09,"Criticism of a subreddit and its members, uses profanity 'twats' directed at group, but not identity-based.",1,1,0,0,0,0,0
g6mzb0p,"Bhai yeh sab to theek hai par OP ne post karne se pahle kahin se to yeh conclusion nikala hoga na ki attackers *dare-hue-log* the, main uske baare mein puch raha tha.",chodi,1601105818,2020-09,"Asking a question about OP's reasoning, no profanity or personal attack.",0,0,0,0,0,0,0
g6mzbqn," WhatsApp users can take a few steps to safeguard their privacy including setting app-specific passwords and not trust iCloud or Google Drive. It's important to keep Android and iPhone operating systems, as well as all apps, updated all the time. The difference between 50% and 99% privacy lies in the effort of the user, not 100% data privacy.

*Summary generated by [sansa](https://sansa.news/c/?i=dbd559)*",unitedstatesofindia,1601105834,2020-09,"Informational comment about WhatsApp privacy, no offensive content.",0,0,0,0,0,0,0
g6mzbur,"Well, he is one of the finest Indian actors working today. His impeccable comic timing and dramatic turns are equally praiseworthy. By the way, he is the son of famous bengali actor of the golden age, late Subhendu Chatterjee. He is what you can call ""Nepotism done right.""",bollyblindsngossip,1601105836,2020-09,"Positive comment about an actor, mentions nepotism but not in a hostile way.",0,0,0,0,0,0,0
g6mzgub,I like to see what actually goes on in these male hate subs,librandu,1601105941,2020-09,"Expresses interest in observing male hate subs, no attack.",0,0,0,0,0,0,0
g6mzlmx,"It’s not a sub dedicated to Desi hate, and I have no idea what bigchungus was",librandu,1601106026,2020-09,"Clarifying about a subreddit, no offensive content.",0,0,0,0,0,0,0
g6mzs9v,What gavaskar said?,chodi,1601106135,2020-09,"Asking a question, no offensive content.",0,0,0,0,0,0,0
g6mzvxc,Umm what happened? Why is this liberand barking?,chodi,1601106192,2020-09,"Calls someone 'liberand' (political term) and 'barking' (dehumanizing), but not identity-based.",0,1,0,0,0,0,0
g6mzypu,What violence?,librandu,1601106232,2020-09,"Asking a question, no offensive content.",0,0,0,0,0,0,0
g6mzyqs,What are 7 signs of communism? Communism has killed more people than fascism did,unitedstatesofindia,1601106232,2020-09,"Political commentary on communism, no personal attack or hate speech.",0,0,0,0,0,0,0
g6n0196,what was it for and why was it banned,librandu,1601106267,2020-09,"Asking a question, no offensive content.",0,0,0,0,0,0,0
g6n0m5f,"Ah,acting as the chads you hate to mock you makes me a racist,now what shall happen to me,maybe I shall be crushed by the debris of a thousand suns",librandu,1601106541,2020-09,"Sarcastic comment about being called racist, no clear target or hate speech.",0,0,0,0,0,0,0
g6n0ne9,"It was about big chungus a very funny fat rabbit, admin jannies got jealous that men and women found something to enjoy and cope with so they banned it",librandu,1601106556,2020-09,"Comment about a meme and moderators, no offensive content.",0,0,0,0,0,0,0
g6n0obf,"Unnecessarily passing comments that are not required just because they think they can. ""Funny hai"" kehke taal denge.

 Th man is doing his job, he is playing on a field. Why does his wife have to be brought up while commenting on his performance? Aise toh duniya bhar mein if any man performs badly, the boss could freely bring up the wife's name while commenting on his performance. Also it was a video taken without their consent, he had no business commenting on what Viral or Anushka are doing within the confines of their house. She overreacted, yes. But he had no business even brining up her name.",bollyblindsngossip,1601106567,2020-09,"Criticism of a commentator for bringing up a player's wife, no profanity or personal attack.",0,0,0,0,0,0,0
g6n0r53,Kamal grabbing komal things.,chodi,1601106600,2020-09,"Wordplay on names, no offensive content.",0,0,0,0,0,0,0
g6n1got,"A lot of people use the term incel without knowing what it means.

Secondly, I disagree with all the others on this. 

You can't fix a societal issue by blaming a particular gender, the OP in that post is no better than your avg Indian guy.",librandu,1601106896,2020-09,"Discussion about incel term and societal issues, no personal attack.",0,0,0,0,0,0,0
g6n1v0x,Kunal Karma ki shabdo Mai: Now who did this? XD,saimansays,1601107037,2020-09,"Quoting a phrase, no offensive content.",0,0,0,0,0,0,0
g6n223d,"Doctor Strange, Sherlock Holmes, Smaug... Saiman's Editor? What a disgrace",saimansays,1601107107,2020-09,"Expresses disappointment, no personal attack or hate speech.",0,0,0,0,0,0,0
g6n29x3,"What?! The way men are raised in our society, being given preferencial treatment, like ""yeh hamare ghar ka waris hain."", combined with lack of proper education, it makes them behave like they are entitled towards women's bodies. 

The incel type bigots in our society already existed in the past, but with more taboo towards dating and more arranged marriages, you just didn't notice that.",librandu,1601107186,2020-09,"Commentary on societal gender roles, no personal attack or hate speech.",0,0,0,0,0,0,0
g6n2nit,More than a billion and you're worried about reduced workforce?  LMFAO... what are you smoking son?,chodi,1601107317,2020-09,"Profanity-free rhetorical question mocking the premise, no personal target.",0,0,0,0,0,0,0
g6n2pis,It's because shradda as a person or actress is less exposed less more reserved certainly not succesfull like Deepika and not nepo like sarà she is part of nawab family and her surname is muslim,bollyblindsngossip,1601107336,2020-09,"Commentary on actress's background, mentions religion but not hostile.",0,0,0,0,0,0,0
g6n2vkm,Toh Ranveer Singh ke kapdon ka meaning kya hota tha?,bollyblindsngossip,1601107393,2020-09,"Rhetorical question about clothing, no target.",0,0,0,0,0,0,0
g6n301m,"Can't blame her what she says is right the same way you are single op and struggling since you don't have experience with females you wouldn't know what they deal with it on a daily basis try being friends with a girl and maybe you'll become human instead of sub human 

Most Indian men think they are smarter than the women will they will  laugh if she supports feminism and people like you who have some iq but don't realise that women have a hard time.  

 she's spot on  about marriage the only reason people are married here is because of arranged marriages  none of them could afford to take  her out and impress her because let's face it most Indian men are drunks, or can't satisfy a girl  and can't hold a conversation to save their lives and If they can do the rest above they probably are unemployed so they can't even take care of themselves so taking her out is even more unlikely

#banindianmen",librandu,1601107433,2020-09,"Generalized negative stereotypes about Indian men, gender-based hate.",0,0,1,0,0,0,1
g6n348p,"Question,what does waris mean?",librandu,1601107469,2020-09,"Simple question, no offensive content.",0,0,0,0,0,0,0
g6n3is0,I'm worried what we are heading towards with a large librandu and vishesh samuday population 😔,chodi,1601107608,2020-09,"Political commentary using slang, no personal attack.",0,0,0,0,0,0,0
g6n3kn6,"&gt; Are my WhatsApp chats also being accessed by every Tom, Arnab and Navika? 

Lmao Arnab ki position dekhiye phrase mein",unitedstatesofindia,1601107627,2020-09,"Sarcastic remark about media, no target.",0,0,0,0,0,0,0
g6n3l7q,"Thanks for the link. But it seems like this chanel is basically collecting and uploading whatsapp videos on youtube. 
I'm glad he is doing that, but I'm not sure if he is the OG creator that js making the cat rock on to mayya Yashoda in that video.",chodi,1601107633,2020-09,"Neutral commentary on a channel, no offensive content.",0,0,0,0,0,0,0
g6n3lty,Is India is for all Not for the rich Hindu or Muslim any community that Is Persecuted abroad for their basic rights has always found and will find shelter in India maybe it be Jews in the pre Historic periods Palestinians and Syrians as of now Rohingyas etc,librandu,1601107639,2020-09,"General statement about India's inclusivity, no hate.",0,0,0,0,0,0,0
g6n3p8n,"To everyone commenting on their ‘looks’ - genuine question - What are they expected to wear? This isn’t a red carpet event or their promotion trail so what exactly is the ideal outfit for such a thing? 

On another note, I am certain that even if they would have worn say a jeans and a top - they would have been judged for not dressing appropriately.",bollyblindsngossip,1601107673,2020-09,"Defensive comment about clothing, no offensive content.",0,0,0,0,0,0,0
g6n3pua,"It's not about sensitivity dude. It's about paying respect, in whatever way they can. Why do you have to go find religious context in a simple statement is what I felt.",bollyblindsngossip,1601107679,2020-09,"Discussion about respect, no offensive content.",0,0,0,0,0,0,0
g6n3ypv,"Dude. Your reaction is actually what people dread. It’s about knowing your worth. Here you are not wanting to be shamed for the patriarchy in our society, yet us women have been suppressed by it for years. Are you seriously trying to say arranged marriages are a successful way of being committed to someone? Sure, some cases are different, but when you look at the whole institution of marriage, do you think it’s justified? That’s all the point of that post is. Come on bro. Don’t take it personal. Chill out.

Edit: FDS is crap :P",librandu,1601107762,2020-09,"Debate about marriage, no personal attack.",0,0,0,0,0,0,0
g6n45ey,"Hahah it's cuz it's tradition for siblings to get married in order, so they gotta do my older sister first, but she's not interested in getting married at all atm. Also if they get me hitched before my sister, then the gossip mill will come up with rumors about what's wrong with my sister for her to not get married first, which will make it hard for her to find a partner.",arrangedmarriage,1601107823,2020-09,"Explaining tradition, no offensive content.",0,0,0,0,0,0,0
g6n48h7,"So population trend won't be affected anyways for the literates.
The poors are the ones producing so many kids and fucking up their already bad situation, all those kids remain uneducated and then these are the families who vote for corrupted leaders.
I don't even need to tell about the ones who breed like pigs. If the present trend continues Muslims will double or triple in 1 generation.
We can't bring the population of Hindus and literates up, but we can reduce of others.",chodi,1601107847,2020-09,"Hate speech against Muslims and poor, dehumanizing.",0,0,1,0,1,0,0
g6n48hh,"Seems like nobody here is a fan of crime dramas. You guys realise that making a strong case against the drug cartel boss takes several years . These WhatsApp chats that media is bringing up makes for good tv entertainment but it's nothing more than that. Moreover we are taking about Indian police here, that cannot even solve arushi talwar murder case.",bollyblindsngossip,1601107847,2020-09,"Commentary on police, no offensive content.",0,0,0,0,0,0,0
g6n49mm,"I hope whatever the truth is... comes out. And in case this all is just media witch hunt and a political move, then these girls should be spared for real!",bollyblindsngossip,1601107858,2020-09,"Hope for truth, no offensive content.",0,0,0,0,0,0,0
g6n4dai,"Libgandus: i mAy deTeSt WHat YoU sAy, buT wiLL DEfEND To ThE deAtH yoUR RIGhT To sAY it UwU",librandu,1601107892,2020-09,"Political mockery, no personal attack.",0,0,0,0,0,0,0
g6n4dwi,"This is what I am talking about, my heart genuinely hurts for these people. Being displayed as loose women, harassed left and right. 

What a shame. I genuinely wish the best for these celebs",bollyblindsngossip,1601107897,2020-09,"Sympathy for celebs, no offensive content.",0,0,0,0,0,0,0
g6n4ewg,"No wonder the girls chose to come via friends homes or hotels. These idiots can cause an accident, what if something happened, would they take accountability?",bollyblindsngossip,1601107907,2020-09,"Criticism of police, no offensive content.",0,0,0,0,0,0,0
g6n4pl2,No one can stop him from doing that guess whattt he is MOD of r/CarryMinati,saimansays,1601108022,2020-09,"Neutral statement about moderator, no offensive content.",0,0,0,0,0,0,0
g6n4pvv,Can someone explain what does it mean?,bollyblindsngossip,1601108025,2020-09,Neutral question asking for clarification.,0,0,0,0,0,0,0
g6n4rnc,You're playing r6 what do you expect.,indiadiscussion,1601108045,2020-09,Neutral comment about gaming expectations.,0,0,0,0,0,0,0
g6n50mq,And what's wrong with big corporations coming into farming buisness?,unitedstatesofindia,1601108154,2020-09,Neutral question about corporations in farming.,0,0,0,0,0,0,0
g6n53xd,What's wrong with big corporations coming in farming?,unitedstatesofindia,1601108198,2020-09,Neutral question about corporations in farming.,0,0,0,0,0,0,0
g6n5jvt,[https://www.firstpost.com/india/tamil-brahmins-vs-dalits-this-quora-thread-explains-why-the-two-communities-struggle-with-each-other-3033416.html](https://www.firstpost.com/india/tamil-brahmins-vs-dalits-this-quora-thread-explains-why-the-two-communities-struggle-with-each-other-3033416.html),unitedstatesofindia,1601108380,2020-09,Empty comment.,0,0,0,0,0,0,0
g6n5ppd,You know your hitting the right spots when default whataboutery mode is switched on in the responses.,unitedstatesofindia,1601108442,2020-09,"Sarcastic comment about responses, no target.",0,0,0,0,0,0,0
g6n5rbe,"Is this what the media has come to? Even if they are taking drugs/found guilty by the authorities, there is no need to hound them this way. Let the investigation happen without all this nonsense.",bollyblindsngossip,1601108459,2020-09,"Criticism of media, no personal attack.",0,0,0,0,0,0,0
g6n5rjx,[https://twitter.com/SuryahSG/status/1115503240693436416](https://twitter.com/SuryahSG/status/1115503240693436416),unitedstatesofindia,1601108462,2020-09,Empty comment.,0,0,0,0,0,0,0
g6n65e7,"There is nothing wrong.

Watch these two videos to get a clearer picture of what the 3 bills could mean:

https://www.youtube.com/watch?v=1UFQa4Mgsgc

https://www.youtube.com/watch?v=s8EfuRDc2hw",unitedstatesofindia,1601108608,2020-09,Neutral suggestion to watch videos.,0,0,0,0,0,0,0
g6n6baq,"Abhi bhai, I think all the videos and theories doesn’t understand the  complex second order effects. The best answer is I don’t know what will happen",unitedstatesofindia,1601108670,2020-09,Neutral opinion on complexity.,0,0,0,0,0,0,0
g6n6c2f,"&gt;Kurta and jeans was fashion when I was teenage, is it back in trend?

Kurta and jeans have turned from merely a fad to a mainstay in the wardrobe, I think so. 

If I have to build a capsule wardrobe, in order to incorporate minimalism in my fashion, then I would definitely add  these two, apart from a little black dress, anything of red colour, an evergreen festive outfit, an ordinary set of formals (crisp, white shirt and high-waisted, black pants) and well-fitted, comfy intimate apparel, obviously.

&gt;I have even looked at those malmal suit sets Jhanvi and Sara usually wear. Bahut mehenge hain, I would rather buy from a local market on 1/10th price😂

Trust me, it's better to buy locally than to spend on those overpriced kurta sets! 💜",bollyblindsngossip,1601108678,2020-09,"Fashion discussion, no offensive content.",0,0,0,0,0,0,0
g6n6ddj,"Wasn't it always like that? It was meant to be a chaddi space from the start. That's what they wanted on paper, but in reality, they always wanted a place to go after anyone who says anything bad about Chindutva.",librandu,1601108691,2020-09,"Political criticism, no personal attack.",0,0,0,0,0,0,0
g6n6glg,"If the dress up- yaha pe bhi nakhre kar rahe hai

If they dress down- haha aa gaye line pe haha. Must be done by their pr to victimise them, but they can't fool us. 

If they walk fearfully- must be done by their pr to victimise them, but they can't fool us. 

If they walk confidently- look how confident they are, they must be backed by someone powerful. 

If they come alone- where is their family? They left them alone in such times. 

If they come with someone- they're doing pr here also, trying to portray themselves as supportive, but they can't fool us.",bollyblindsngossip,1601108723,2020-09,"Criticism of PR tactics, no personal attack.",0,0,0,0,0,0,0
g6n6gr2,What was this about ?,bollyblindsngossip,1601108725,2020-09,Neutral question.,0,0,0,0,0,0,0
g6n6sks,"I hate bjp from core of my heart but this bill is what we wanted for years, not understanding why people hating it.",unitedstatesofindia,1601108836,2020-09,"Political opinion, no personal attack.",0,0,0,0,0,0,0
g6n73kj,"I agree that we can't predict the future bhai and with consequences of all the actions that will be taken and it definitely remains to be seen. 

There are like a 1000 explainer videos out there that talk about the 3 bills and the reason I chose these 2 is cause they explain what the bills are and give a little background. Kaafi neutral hai when it comes to politics.",unitedstatesofindia,1601108943,2020-09,Neutral discussion of videos.,0,0,0,0,0,0,0
g6n79l6,how is Deepika consuming whatever drugs in 2017 related to that ? and his own family lawyer said it was a distraction from the main issue.,bollyblindsngossip,1601109008,2020-09,"Questioning relevance, no attack.",0,0,0,0,0,0,0
g6n7ij3,"True, also compared to muslim women, Hindu women are more educated/empowered so quite a few do have the family behind them when they're being pressured to convert. 

Also, the Idea a woman tales on identity of man's family/ culture is inherently Indian very prevalent in sub-continent. Women who refuse to conform and subsume their own identity in favour of taking on whatever the husband's family desires. Woman is seen as making or breaking family honour, so inter religious marriages are tinder boxes for violence 🤷🏿‍♂️",unitedstatesofindia,1601109117,2020-09,"Discussion of cultural norms, no hate.",0,0,0,0,0,0,0
g6n7s2j,"Being corrected is not the same as being called out. There was a mistake in my comment and corrected it after the nice Redditors explained the same. What’s so pathetic about it? You somewhere commented about having a civil conversation and you keep lashing out. It’s okay bro, chill out seriously.",librandu,1601109220,2020-09,"Defensive but civil, no attack.",0,0,0,0,0,0,0
g6n7ux9,If you are a owner of any big company like Youtube or etc. What will you do if you want to make a event like ytff a successful one? You will ask your Juniors to call the best in the business (atleast at that particular time) and they will request the big Youtubers only and that's how it works.We like it or not but there is huge audience who love such big Youtubers and they won't pay a penny for small or less famous Youtubers.So wait and as you are waiting share your favorite creator as much as you can that's the best you can do...,saimansays,1601109242,2020-09,Neutral explanation of event planning.,0,0,0,0,0,0,0
g6n830h,Do you go tell a Muslim Om Shanti? If not then why would you say RIP for Hindu? Its simple thing to ask &amp; yet you are trying to argue over it. Tells me how much you care about respecting People.,bollyblindsngossip,1601109296,2020-09,"Criticism of religious insensitivity, no profanity or hate.",0,0,0,0,0,0,0
g6n8ine,"Sorry, what’s the significance?

ETA - Lol, Got it .",bollyblindsngossip,1601109447,2020-09,"Neutral question, no offensive content.",0,0,0,0,0,0,0
g6n8mdw,"Some people are racist, so they will say, so what must be done is countering racism, not following a violently misogynistic ideology.",librandu,1601109482,2020-09,"Political commentary, no personal attack or hate.",0,0,0,0,0,0,0
g6n8wvv,Oh you havent heard how she keeps him grounded and pushes him to challenge himself...and how her support has made him realise what is important in life... The age old case of behind every successful man there is a woman theme..,bollyblindsngossip,1601109583,2020-09,"Positive commentary on a relationship, no offense.",0,0,0,0,0,0,0
g6n92nv,"Happy cakeday! Here have a quote!  

&amp;nbsp;

What's the use of a disstrack?
call a person whatever you want directly.

&amp;nbsp;

[Quote Sauce](&lt;https://youtu.be/RSGZEPpDpec/?t=00h07m28s&gt; ""A rick-roll for sure"")
***
^^I ^^am ^^a ^^perfectionist. ^^I ^^reply ^^to ^^Bhendi, ^^Timothy ^^or ^^Saibot ^^^[Know&amp;nbsp;more](https://redd.it/fvkvw9)‎",saimansays,1601109639,2020-09,"Meta-commentary, no offensive content.",0,0,0,0,0,0,0
g6n93bt,"What trip you on ? lmao 

This doesn't mean much just disapproval at whatever topic is being raised and doesn't reflect anything on India's foreign policy.",librandu,1601109645,2020-09,"Political commentary, no offense.",0,0,0,0,0,0,0
g6n9a6k,"The best thing we can do right now, with respect to these three bills, is to be correctly informed and wait and watch. Everyone has been wanting to do these reforms (Congress has had it in its manifesto) and what the opposition says about the bills right now should be taken as ""oppositionism""",unitedstatesofindia,1601109713,2020-09,"Political discussion, no offense.",0,0,0,0,0,0,0
g6n9hvm,"[MGTOW much?](https://np.reddit.com/r/goodincel/comments/itumx4/this_is_what_awaits_you_if_you_ascend/?utm_source=share&amp;utm_medium=ios_app&amp;utm_name=iossmf)

Kitni hypocrisy karego gadhe?",librandu,1601109787,2020-09,"Insult directed at a person, no profanity.",0,1,0,0,0,0,0
g6n9il7,https://www.reddit.com/r/librandu/comments/inns5s/how_many_of_you_used_to_be_chodes_what_changed_you/,librandu,1601109794,2020-09,"Empty comment, no content.",0,0,0,0,0,0,0
g6n9pek,"I don’t get why they run after them n ask questions etc..... what are they expecting? Her to say YES I WAS USING DRUGS. WHICH ONES? OH HASH, COKE, ONCE IN A WHILE LSD. THANK YOUUU NAMASTEEE! 

Seriously?",bollyblindsngossip,1601109861,2020-09,"Sarcastic commentary, no offense.",0,0,0,0,0,0,0
g6n9pwk,"Maybe watch the whole commentary video before passing ignorant judgements. He was pretty straightforward in stating that they saw the viral video of Kohli playing on the bowling of Anushka during lockdown but that won’t help him face professional level bowling in IPL and he will have to spend time in the middle to get his form back. If that’s sexist according to you the you do not understand what sexism is. Anushka was named because she was the one who was playing cricket with Kohli and not some other woman. Naming someone’s wife is not sexism. 

Also, Anushka is a famous celebrity who very smartly uses her relationship with Kohli to make money through brand endorsements and do PR unlike other Cricketer wives. She also is always present most of the time during Indian official tours and is always in the news because of it. Maybe she shouldn’t be such an attention seeker. 

Naming her is not sexism. Naming someone’s famous wife is not a crime.",bollyblindsngossip,1601109866,2020-09,"Defensive commentary, no offense.",0,0,0,0,0,0,0
g6n9qjg,"e-slam simulator : ""Is lurking on r/Chodi haram ? , I've been a pretty devout muslim all my life and never done anything haram.  But there's this subreddit which is highly islamophobic and bigoted . I have only visited it three times . Will allah forgive me ? """,chodi,1601109872,2020-09,"Satirical post, no offense.",0,0,0,0,0,0,0
g6n9voz,These fantasies seem realistic to them. I've been hearing about Pakistani fantasies about wanting to turn Britain into some Islamic proxy state lmao.,librandu,1601109923,2020-09,"Political commentary, no offense.",0,0,0,0,0,0,0
g6n9wc2,I am not sure what he said exactly can you tell ?,chodi,1601109930,2020-09,"Neutral question, no offense.",0,0,0,0,0,0,0
g6na8ai,What's the context tho?? What's going on?? What does the post even mean??,librandu,1601110044,2020-09,"Neutral question, no offense.",0,0,0,0,0,0,0
g6na9wc,Kya hua bhai maine kuchh kara kya...Main kaha angry huaa.....I just stated the fact he can upload any thing there....tu kyun gussa hua Smile brrr,saimansays,1601110059,2020-09,"Conversational, no offense.",0,0,0,0,0,0,0
g6nan1v,"Aapne bolna no one can stop him and you know what he is mod . I thought aap gusse mein bol rahe ho ye. 
Hm koi bhi daal sakta hai Carryminati sub mein ye .",saimansays,1601110184,2020-09,"Conversational, no offense.",0,0,0,0,0,0,0
g6naqi5,"Mujhe bhi aisa lagta, ye year  khatam hone wala hai, pta nhi kya kiya maine",unitedstatesofindia,1601110215,2020-09,"Personal reflection, no offense.",0,0,0,0,0,0,0
g6natc7,"I watched video. I said that she overreacted. How do you think I made the judgement of her overreaction? But i also stand by the fact that Sunil Gavaskar had a foot in the mouth moment. he is an experienced commenter and he should know that there are somethings, even though in harmless jokes, should not be said. What happens in the confines of their house is nobody's business. Technically, people should not even be knowing how they were practicing.
Also there is difference between doing Brand endorsements knowingly, with consent and being named like she was during the commentary, especially when she has made a strong statement in the past about it.",bollyblindsngossip,1601110241,2020-09,"Commentary on media, no offense.",0,0,0,0,0,0,0
g6nb0p5,What's with ur username bro,saimansays,1601110310,2020-09,"Neutral question, no offense.",0,0,0,0,0,0,0
g6nb0u0,"Bhai dekho, agar mere pas andha paisa hai to main ek kya baar 10 baar seat badal lunga, main uska ffan hu ya nahi isse kuch farak nahi padta. Agar uske fans karna chahte hen to tumhe mujhe koi dikkat nahi honi chahiye kyuki wo apne ghar me kar rahe hen.",saimansays,1601110311,2020-09,"Discussion about fans and seat changes, no profanity or abuse.",0,0,0,0,0,0,0
g6nb45w,seriously where are the fucking meaning in songs ?? yesterday I heard khilte h gul yahan and damn that's literally poetry.,bollyblindsngossip,1601110346,2020-09,"Profanity used as emphasis, no target.",1,0,0,0,0,0,0
g6nb7vr,LOL XD main kaise man lu,saimansays,1601110383,2020-09,"Casual expression, no profanity or abuse.",0,0,0,0,0,0,0
g6nb8jo,"Kafirs or Murtads definitely but still some simple villagers have hearts of gold which the educated Jihadis don't have!!! 

[https://timesofindia.indiatimes.com/city/kolkata/ma-student-held-for-let-links-in-kol/articleshow/74720984.cms](https://timesofindia.indiatimes.com/city/kolkata/ma-student-held-for-let-links-in-kol/articleshow/74720984.cms)",unitedstatesofindia,1601110389,2020-09,"Religious slurs used to demean a group, no profanity.",0,0,1,0,1,0,0
g6nb9nm,"When you decide to portray a senior legend negatively based on something he never said, that's what you will get in return",bollyblindsngossip,1601110401,2020-09,"Criticism of portrayal, no profanity or abuse.",0,0,0,0,0,0,0
g6nbaxj,"When you decide to portray a senior legend negatively based on something he never said, that's what you will get in return",bollyblindsngossip,1601110413,2020-09,"Duplicate of 284, same analysis.",0,0,0,0,0,0,0
g6nbges,"Haven't read about what happened in Bihar but hoarding and refrigeration is important to keep goods last longer. This way we may able to get every fruit for whole year and will reduce volatility of prices during whole year. 

I'm not saying I'm too optimistic about it but this is a positive change and we shouldn't just outright oppose without seeing some results from it. BJP did stupid mistakes earlier but I really like what they want to achieve with this bill. 

Because of this essential commodity act we have shit tons of rice and wheat stored in our facility and getting rotten and farmers don't take risk of doing innovation and doing something different to earn more.",unitedstatesofindia,1601110467,2020-09,"Discussion on policy, includes mild profanity but no target.",1,0,0,0,0,0,0
g6nbhe2,What does it mean?,saimansays,1601110479,2020-09,"Simple question, no issues.",0,0,0,0,0,0,0
g6nbk5q,"&gt;Every religion has their missionaries.

Man this argument is getting old now. You'll never see Sadhus or Buddhist monks forcing others to convert, these missionaries are ALWAYS Christans and if we want to deal with them then we need to be specific about their religion. Same case with the radical Muslims who try to convert others through the use of Jihad.",chodi,1601110509,2020-09,"Criticism of missionaries, no slurs or abuse.",0,0,0,0,0,0,0
g6nbrs0,"In most of the cases, the male side demands for some big cash or a car! It's like a trade deal not a marriage, ""Ladke nilam hote hain"" and the female side is unable to pay it. The father takes a loan, sells his property or does whatever he can to get his daughter married and then the girl has to leave her home forever and do chulha-chauka in someone else's house!",chodi,1601110588,2020-09,"Discussion on dowry, no profanity or abuse.",0,0,0,0,0,0,0
g6nchvi,"Madeera Pan ? Yahan par sab sukha hai aaj.

Shayad kahin se Santara mil jaaye",unitedstatesofindia,1601110849,2020-09,"Casual comment about drinks, no issues.",0,0,0,0,0,0,0
g6ncyxp,We don't all have the same POV here. What are you on about?,librandu,1601111033,2020-09,"Disagreement, no profanity or abuse.",0,0,0,0,0,0,0
g6ndf0d,The video is there for all to see. What’s there to portray?,bollyblindsngossip,1601111191,2020-09,"Rhetorical question, no issues.",0,0,0,0,0,0,0
g6ndlq6,"**Kangana's next tweet:** *Beyonce* remained quiet when I was threatened and called Haramkhor but today the same misogyny coming to bite her, I condemn the fact that her name was dragged in a racist song by #nepokids Ananya and Ishaan but selective feminism is equally uncool.",bollyblindsngossip,1601111258,2020-09,"Quoting a tweet with profanity, but not directed at anyone here.",1,0,0,0,0,0,0
g6ndnxz,It seems like most people who fall into the alt right sanghi rabbit hole are going through an edgy teenage phase however some stay,librandu,1601111282,2020-09,"Political commentary, no profanity or abuse.",0,0,0,0,0,0,0
g6ndrmk,"And they didn't do shit against the muslim invaders, so factually they were useless untill shivaji came",chodi,1601111325,2020-09,"Historical criticism, no profanity or abuse.",0,0,0,0,0,0,0
g6ndsi2,"But Kabir Singh pe outrage chalege.

All these logics go away when their feelings get hurt, only their feelings matter",bollyblindsngossip,1601111334,2020-09,"Criticism of outrage, no profanity or abuse.",0,0,0,0,0,0,0
g6ndv1p,But you told me that everything in life is a cope so what’s your point here?,librandu,1601111366,2020-09,"Questioning logic, no issues.",0,0,0,0,0,0,0
g6ndwy2,What else did you expect? And maybe they are speaking true!,bollyblindsngossip,1601111395,2020-09,"Sarcastic remark, no profanity or abuse.",0,0,0,0,0,0,0
g6ndzdn,"https://np.reddit.com/r/Chodi/comments/iy5il5/heres_to_our_sanghi_babebhagwa_queen_start_the/g6mdcyg/?context=5



This comment",librandu,1601111429,2020-09,"Incomplete comment, no issues.",0,0,0,0,0,0,0
g6ne0c3,"What gave you the idea that I am trying to change anyone’s opinion here? And what’s with such a low self esteem that a bunch of comments from a stranger on the internet rile you up so easily?  

You think it’s really worth it to get worked up about in real life from meaningless things on the internet?",bollyblindsngossip,1601111444,2020-09,"Rhetorical questions challenging the other person's self-esteem, no profanity or identity-based attack.",0,0,0,0,0,0,0
g6ne1f8,Our history is what connects our past to the future. But sadly some idiots think you're not modern enough if you know Sanskrit or Scriptures,chodi,1601111457,2020-09,"Criticism of people who mock Sanskrit/Scriptures, no personal attack or identity-based hate.",0,0,0,0,0,0,0
g6ne3l3,"What did Times Now expect? ""Yes, yes, I am guilty of consuming drugs. Please punish me.""

When TV news channels masquerade as siblings of Big Boss or Roadies, such foolishness takes place.",bollyblindsngossip,1601111481,2020-09,"Criticism of TV news channels, no profanity or personal attack.",0,0,0,0,0,0,0
g6nearb,"Pointt..Britishers were biased AF , but just to Shed Light on the backdrop of this Comment 4m his letter . 

Gandhiji had Claimed that he is Representing the whole of India during the 2nd Round Table conference held in London Nov 1931 , *But this was Rejected by the Chut Muslim League Folks &amp; By Dr. BR Ambedkar ( Baba Saheb wanted A separate Electorate for the Untouchables )* this **was rejected Vehemently by Gandhiji with some Sound &amp; Valid Points .**   
*But this Sound Reasoning was either not there or failed to convince Muslim League* who **progressed from their Demand of SEPARATE Electorate to SEPARATE Country** .. !!  :(",chodi,1601111553,2020-09,"Historical discussion with profanity 'Chut' directed at Muslim League, but it's a political group, not a personal attack; no identity-based hate.",1,0,0,0,0,0,0
g6nee38,"But hinduism is not a ""religion"" right? NOW ALONE what happened?",chodi,1601111588,2020-09,"Questioning the nature of Hinduism, no profanity or personal attack.",0,0,0,0,0,0,0
g6negr4,"Oh yes I get what you are saying. This has already happened in the state of Andhra Pradesh with Jagan Reddy. He was in lockup for 2 years more or less with plenty of evidence. Now he is free, the case is cold and now his party supports BJP in both the house to pass important bills. 

In the end every political party be it congress, bjp or any one else will cut a deal to get the other party to toe the line. 

CBI should be an independent agency and not under central government.",bollyblindsngossip,1601111613,2020-09,"Political commentary on CBI and parties, no profanity or personal attack.",0,0,0,0,0,0,0
g6nerw2,"Same here lol

I have met college going females who are sanghis so its not really surprising

The only reason muslim females dont support hindu rashtra is cause they would be raped in one, if they were  hindu they probably would have supported it",librandu,1601111728,2020-09,"Stereotyping Muslim women and implying they would be raped in Hindu Rashtra, targeting religion and gender.",0,0,1,0,1,0,1
g6netqm,What do u experience after taking?,unitedstatesofindia,1601111748,2020-09,"Asking about experience after taking something, no profanity or attack.",0,0,0,0,0,0,0
g6neyy1,"I remeber downloading Quora for asking one question but I also fell in that rabbit hole of chaddis there. For a period of time I genuinely started to believe that Modi is right and that muslims are brainwashed by Congress to not to vote for BJP. I also learned about love jihad there and how muslim men are ""trained"" to lure Hindu girls to marry and how there are so less Hindu man-Muslim woman couple because muslim girls arent allowed to talk to Hindu men(when the reality was that most of them were incels). All of these at the age of 15. Then I slowly started to see their bullshit and stopped using Quora completely.",librandu,1601111807,2020-09,"Personal narrative about Quora, mentions 'chaddis' (slang for right-wing) but no personal attack or hate speech.",0,0,0,0,0,0,0
g6nf2yn,"The kitab is very clear about this keep praying to PubG and you are forgiven. Refer maulana saab:

[https://www.youtube.com/watch?v=LLCWHCgaJA8](https://www.youtube.com/watch?v=LLCWHCgaJA8)",chodi,1601111851,2020-09,"Sarcastic comment about 'kitab' and 'PubG', no profanity or attack.",0,0,0,0,0,0,0
g6nf3wo,"I got sucked into it when my edgy teenage phase came to an end. The good thing about my sanghi phase was that I didn't interact much with people as I had several exams and tests to attend and as soon the exams came to an end the virus hit our country and we were put into a lockdown, thus limiting my IRL contact with others. I used to have an account where I frequented chodi and chaddispeaks before I realized where I was heading to. I'm very fucking happy that my phase came to an end before anyone IRL knew.",librandu,1601111861,2020-09,"Personal narrative about past phase, uses profanity 'fucking' but self-directed, no attack.",1,0,0,0,0,0,0
g6nf90v,"**देश हमारा हिंदुस्तान , सिक्किम हमारा सुखिस्तान** 

OP you are a good samaritan &amp; an admirer of Beautyy ..Sikkim is a Gem &amp; Sikkimese People are Desh Bhakt Citizens :)",chodi,1601111922,2020-09,"Patriotic comment about Sikkim, no profanity or attack.",0,0,0,0,0,0,0
g6nfctp,I made the post the on this and thought what gavaskar said was wrong. After watching the video my opinion changed. Do you still think gavaskar  was wrong in this case ? because I don't think he did anything wrong.,bollyblindsngossip,1601111968,2020-09,"Discussion about Gavaskar, no profanity or attack.",0,0,0,0,0,0,0
g6nfe7p,I've always been very intrigued by this Sam Bombay person. I thought he was a bit if a nobody but I looked him up and it seems he was a big shot advertiser before he got into movies. What's his deal? Was he always a creep or is this new development?,bollyblindsngossip,1601111984,2020-09,"Questioning about a person's background, no profanity or attack.",0,0,0,0,0,0,0
g6nfeye,What bullshit 🤦🏽🤦🏽🤦🏽,bollyblindsngossip,1601111994,2020-09,"Expression of frustration with profanity 'bullshit', no target.",1,0,0,0,0,0,0
g6nfhe5,"You should stop following such a violently misogynistic incel ideology, that types of mentality are one of the reasons why India isn't safe for women and women experiencing misogyny like being seen as less, treated as a mere sex object, being talked over by men etc.

Also, what you are doing by being a follower of that violently misogynistic incel ideology is that you are just literally reinforcing the negative stereotypes of Indians. Why not break those stereotypes and also smash the patriarchy?",librandu,1601112024,2020-09,"Accusing someone of misogynistic ideology, but no profanity or personal attack; it's a critique of ideology.",0,0,0,0,0,0,0
g6nfij7,"i live in a country with 4 way to gain citizenship, blood, land, marriage, and adoption. (it's France)  
And i know a lot of others countries that do that. (mainly in Europ, because i don't know much about the others on that matter).  
Second : For the french case, France is here in blue (the French Guiana part), and red (the french Metropolitan part)",unitedstatesofindia,1601112036,2020-09,"Informative comment about citizenship, no profanity or attack.",0,0,0,0,0,0,0
g6nfl1w,"It may not be sexist,but he shouldn't have mentioned her at all.I think her reply was justified,considering what she has been subjected to in the past",bollyblindsngossip,1601112064,2020-09,"Opinion about a comment, no profanity or attack.",0,0,0,0,0,0,0
g6nfprg,"It may not be sexist,but he shouldn't have mentioned her at all.I think her reply was justified,considering what she has been subjected to in the past",bollyblindsngossip,1601112118,2020-09,"Duplicate of 317, same analysis.",0,0,0,0,0,0,0
ibyka7q,Arjun Kapoor be like : Maine ki hai mehnat,bollyblindsngossip,1654942828,2022-06,"Quote from Arjun Kapoor, no profanity or attack.",0,0,0,0,0,0,0
ibykakh,Bengali and Muslims maa chudaaye.,dankinindia,1654942836,2022-06,"Profanity directed at Bengali and Muslim communities, with communal hate.",1,0,1,0,1,1,0
ibykavo,abe Jaa Kar puncture thik kar. momin aata Hoga Abhi teri mummy ko katna karane,dankinindia,1654942843,2022-06,"Profanity and personal insult, with communal slur against mother.",1,1,1,0,1,0,0
ibykbwm,abe Jaa Kar puncture thik kar. momin aata Hoga Abhi teri mummy ko katna karane,indiandankmemes,1654942869,2022-06,"Duplicate of 321, same analysis.",1,1,1,0,1,0,0
ibykf8f,What about her dancing though?,bollyblindsngossip,1654942956,2022-06,"Neutral question about dancing, no offensive content.",0,0,0,0,0,0,0
ibykhi3,"Safety ki baat to pure india ko pata ha ki UP me insaan ko insaan se Katra ha par chutiyo se nahi , tunhare yaha case ulta ha",saimansays,1654943015,2022-06,"Profanity and criticism of UP, but no targeted abuse or hate speech.",1,0,0,0,0,0,0
ibykmeg,Video mai wo ladki aati hi nahi kabhi answer batane ko....report karo ise😠😠,saimansays,1654943141,2022-06,"Frustration with video content, no offensive language.",0,0,0,0,0,0,0
ibykmqn,This sub is literally 50% praise for southern films and 50% bashing Bollywood movies. Idk what you're talking about,bollyblindsngossip,1654943149,2022-06,"Discussion about subreddit content, no offensive language.",0,0,0,0,0,0,0
ibyknmv,Ye meme comment me kaise agaya jake rocks feko y   mandir todo yaha kya time waste kar rahe ho 🅱️llah jannat nahi denge,dankinindia,1654943172,2022-06,"Profanity and communal hate, mocking religion.",1,0,1,0,1,0,0
ibyko9i,Faraiday kl tha ajj Saturday hai aur tu tire mai lund ghusa rha hai,dankinindia,1654943189,2022-06,Profanity and sexual insult directed at a person.,1,1,0,0,0,0,0
ibykow3,Kitne Tejaswi log hai yahan,indiandankmemes,1654943205,2022-06,"Sarcastic comment, no offensive content.",0,0,0,0,0,0,0
ibykp14,"bc yaha gaand mein ambani ghusa hua hai ,tughe free mei mil rha kya?",indiandankmemes,1654943209,2022-06,"Profanity and vulgar metaphor, but no targeted abuse.",1,0,0,0,0,0,0
ibykr1o,Abe hindu hi Sikh Bane the koi asman se nhi tapke the..hindu pariwaro ne apne bacche diye the inke guruo ko..ehsan nhi kiya koi..or agli baat balidaan hr qaum apne liye krti h..bhencho hamara dharm hazaro saal purana h ye 600 saal purane khalistani kya balidaan denge hamare liye..tu goo khale Inka tereko khana h to..or krta reh defend..sacchai yhi h ki 75 percent Sikh bhindarawale k chode or khalistan k chode h or youth to Inka 95 percent..ab 26 January or 3-4 din phle Punjab m inki rally ko bhool Mt..,sham_sharma_show,1654943260,2022-06,"Profanity, communal hate against Sikhs, and personal insults.",1,1,1,0,1,0,0
ibykr9w,"Happy Cake day,aur saal bhar mai ye tera pehla comment hai bhai lol",dankinindia,1654943265,2022-06,"Friendly comment, no offensive content.",0,0,0,0,0,0,0
ibyksjg,"Hindus ko Jews se seekhna chahiye 
Wo bhi muslims ke saath rehte hai lekin time-time pe unhe apni aukat bi dikhate rehte hai",dankinindia,1654943298,2022-06,"Communal hate against Muslims, no profanity.",0,0,1,0,1,0,0
ibykslj,Dumb mf what was the need for him to say this?,librandu,1654943300,2022-06,Profanity and personal insult directed at a person.,1,1,0,0,0,0,0
ibykwp0,"If this ever happens then

Instead of Hindu Muslim fight 


There would be more Hindu caste related flights",sham_sharma_show,1654943404,2022-06,"Discussion of hypothetical scenario, no offensive content.",0,0,0,0,0,0,0
ibykx3m,"🤦🏾‍♂️😂 Aadmi ho to tumhare jaisa... Khud saamne se ungli karne aaake, khud bekaar ki baate kar ke jismai na koi fact hai na kuch or dusre ko ulta bol rahe ho...

Or Maine pehle bhi kaha na, jo galat kar raha hai pakdo usko police tumhari, govt tumhari tab bhi itna rona... Or mere ghar ke saamne to aisa kabhi nahi hua ki murtiya tooti ho or agar koi aisa bhi karta hai to yaha ke log aisa nahi karenege ki masjid mai Jaake hamla kar de... Bewakoofi ki seema hoti hai.",librandu,1654943414,2022-06,"Criticism of behavior, no profanity or hate speech.",0,0,0,0,0,0,0
ibykxk2,"&gt;Chutiya video jarur thi lekin most violent graphic nhi thi

MOMIN CHODTA HAI AUR CHUT KO THODA SA HISSA KAAT DETA HAI JAISA INKI KATI BUDDHI",dankinindia,1654943426,2022-06,"Profanity and communal hate against Muslims, with graphic description.",1,1,1,0,1,0,0
ibyky8a,"ab saale haath jod rahe hai...........  
ab nahi gaand utha ke jhukenge and haath failainge.................  
.  
.  
If you know what I mean;",sham_sharma_show,1654943445,2022-06,"Profanity and vulgar sexual reference, but no targeted abuse.",1,0,0,0,0,0,0
ibyl1zg,Bhai mai hindu hu 😂 kyu faltu me behes kar rha hay,dankinindia,1654943539,2022-06,"Neutral comment, no offensive content.",0,0,0,0,0,0,0
ibyl2yf,May god have mercy for what i am about to do............,saimansays,1654943565,2022-06,"Threat of violence, no profanity, no identity target.",0,1,0,0,0,0,0
ibyl3m2,Yes it was wrong. But they never did any violence. In fact no hindu ever did anything like it. So u justifying the barbaric act of muslims by comparing it to something that never happened 🤨. Someday when your house will be set on fire then you will see. No librand will come to ur aid,librandu,1654943581,2022-06,"Criticism of Muslims as a group, but no explicit slur or dehumanization; political commentary.",0,0,0,0,0,0,0
ibyl498,"Plz support Acharya Ankur Arya (yt- Satya Sanatan), He is making an alternative to olx, urban company, ola, uber, and what not, in one app - Sanatan Setu...........",dankinindia,1654943597,2022-06,"Promotional content, no offensive language.",0,0,0,0,0,0,0
ibyl9fr,"bhai esi memes nahi chalti reddit pe ye jake insta pe daal normies dekh ke khush honge share karenge, yaha pr to mysoginy air women memes daal to hi share kregi ye chutiya janta",indiandankmemes,1654943724,2022-06,"Profanity used as filler, criticism of subreddit content, no personal target.",1,0,0,0,0,0,0
ibylbk5,Sadasya ko chori ke apradh mein chor mandoli ne bahar nikala...what a case,dankinindia,1654943776,2022-06,"Sarcastic comment about a case, no offensive language.",0,0,0,0,0,0,0
ibylcod,"Chinese Gov at Back-end : Killing Muslims in their Country


Chinese Gov In Front : I love Muslims",indiandankmemes,1654943804,2022-06,"Criticism of Chinese government's hypocrisy, no hate speech.",0,0,0,0,0,0,0
ibyldew,Zada ho Gaya. Bjp shud have backed these people. I don't support bjp but kar dete toh it would have shown that they stand being their ideology and have a backbone. Nahi kia. Otherwise main bhi bjp ko vote deta next time.,dankinindia,1654943822,2022-06,"Political opinion, no offensive language.",0,0,0,0,0,0,0
ibylewv,Somebody told me this sub reddit is a cult. Now i see why. So if govt demolishes illegal construction then it gives permission for jihadis to set peoples property on fire. Wah bhai tera librand logic. Keep ur cookies to ur self. Itll come in handy when a mob knocks down ur front door.,librandu,1654943861,2022-06,"Political argument, uses 'jihadis' as a term for extremists, not a slur against all Muslims.",0,0,0,0,0,0,0
ibylhn0,Bhai matlab seriously ...mushkil se 10 - 11 ke bache honge ......yeh kya bakchodiya chal rhi hai ajkal schools mai ...mere time mai toh strict discipline hota tha .....kal maine apne bhai ko 6th class mai porn dekhte pakda ...matlab chal kya rha hai BC,indiandankmemes,1654943928,2022-06,"Profanity used as exclamation, no personal target.",1,0,0,0,0,0,0
ibylhvk,"I say we should replace Ashok Chakra with golden Sudarshan chakra with orange background, what did you all think?",sham_sharma_show,1654943934,2022-06,"Political suggestion, no offensive language.",0,0,0,0,0,0,0
ibyllke,"Bhaya 
Main mods se baat Karo me toh junior mod hu
Agar perms mile toh kar sakta :(",dankinindia,1654944023,2022-06,Neutral comment about mod permissions.,0,0,0,0,0,0,0
ibylnff,Teri pfp dekh ke mai keh skta hu,indiandankmemes,1654944069,2022-06,"Vague comment, no offensive language.",0,0,0,0,0,0,0
ibylp94,"Hey! Thanks for posting this Meme. Unfortunately, your karma is too low, we only allow users with over 1000 karma to post. Comment and be active in this subreddit and other communities to increase your karma. **DO NOT MODMAIL MODS ABOUT THIS, YOUR MESSAGE WILL BE IGNORED.**

*I am a bot, and this action was performed automatically. Please [contact the moderators of this subreddit](/message/compose/?to=/r/IndianDankMemes) if you have any questions or concerns.*",indiandankmemes,1654944115,2022-06,"Automated bot message, no offensive language.",0,0,0,0,0,0,0
ibylpxg,Yes. Fundamentalist Islam and Hinduism is very similar.,unitedstatesofindia,1654944131,2022-06,"Comparative statement about religions, no hate speech.",0,0,0,0,0,0,0
ibylu51,"I am really curious, i read everywhere about that her comments were offensive but can't seem to find what the comment really was, fellow reditors a little rope here?",dankinindia,1654944235,2022-06,"Asking for information, no offensive language.",0,0,0,0,0,0,0
ibylw5a,‘The moderate muslims of india.’,indiadiscussion,1654944283,2022-06,"Sarcastic quote, no explicit hate speech.",0,0,0,0,0,0,0
ibylwtg,Namaz k bahane allah ne iski bund hie marli😂😂😂,sham_sharma_show,1654944300,2022-06,"Profanity and vulgarity, mocking a person's religious practice, but no clear identity group attack.",1,1,0,0,0,0,0
ibylyeg,Agr sachme lulli chuste to mai jod deta 3 bnde,dankinindia,1654944339,2022-06,"Profanity and vulgarity, self-referential, no clear target.",1,0,0,0,0,0,0
ibylytz,What’s werewolf about?,bollyblindsngossip,1654944350,2022-06,"Question about a term, no offensive language.",0,0,0,0,0,0,0
ibylz47,"Hey! Thanks for posting this Meme. Unfortunately, your karma is too low, we only allow users with over 1000 karma to post. Comment and be active in this subreddit and other communities to increase your karma. **DO NOT MODMAIL MODS ABOUT THIS, YOUR MESSAGE WILL BE IGNORED.**

*I am a bot, and this action was performed automatically. Please [contact the moderators of this subreddit](/message/compose/?to=/r/IndianDankMemes) if you have any questions or concerns.*",indiandankmemes,1654944357,2022-06,"Automated bot message, no offensive language.",0,0,0,0,0,0,0
ibym161,and what about the stuff these idiots were pulling off before being arrested?,bakchodi,1654944408,2022-06,"Criticism of individuals' actions, no profanity or identity attack.",0,0,0,0,0,0,0
ibym3pq,"Ah shit FREE, Keju yaha bhi aajeyga",sham_sharma_show,1654944471,2022-06,"Exclamation with mild profanity, not directed at anyone.",1,0,0,0,0,0,0
ibym4je,"Nahi, yeh toh maulana tha. I can confirm.",dankinindia,1654944492,2022-06,"Neutral statement about a person's identity, no hostility.",0,0,0,0,0,0,0
ibym6g4,"Friday ko tum pattar faiko, saturday ko hum tumhara ghar hi pattar mai badal denge",indiandankmemes,1654944537,2022-06,"Threat of property destruction, no profanity or identity attack.",0,1,0,0,0,0,0
ibyma23,RRR is typical masala movie and sardar udham singh is critically acclaimed.,bollyblindsngossip,1654944623,2022-06,"Comparison of movies, no profanity or attack.",0,0,0,0,0,0,0
ibymea9,"Bhai ab jo truth hai usko accept to karna padega na lekin life main practical hoke chalna padega na , ab truth to yehi hai hum aur tum sab bas atoms hai to kya khana khana chod de , mar jaye? Extremists aur hate ko tum non violence aur secularism se Jawad nhi de sakte",saimansays,1654944722,2022-06,"Philosophical discussion, no profanity or attack.",0,0,0,0,0,0,0
ibymgtc,"###[View link](https://redditsave.com/info?url=/r/Sham_Sharma_Show/comments/v9jjnh/aur_karo_dange_up_main/)


 --- 
 [**Info**](https://np.reddit.com/user/SaveVideo/comments/jv323v/info/)&amp;#32;|&amp;#32; [**Feedback**](https://np.reddit.com/message/compose/?to=Kryptonh&amp;subject=Feedback for savevideo)&amp;#32;|&amp;#32;[**Donate**](https://ko-fi.com/getvideo) &amp;#32;|&amp;#32; [**DMCA**](https://np.reddit.com/message/compose/?to=Kryptonh&amp;subject=Content removal request for savevideo&amp;message=https://np.reddit.com//r/Sham_Sharma_Show/comments/v9jjnh/aur_karo_dange_up_main/)",sham_sharma_show,1654944783,2022-06,"Metadata, no content.",0,0,0,0,0,0,0
ibymgup,“Hum jahan khade hote hain line yahi se shuru hoti hai.”,dankinindia,1654944784,2022-06,"Quote, no profanity or attack.",0,0,0,0,0,0,0
ibymp33,yeh toh kuch bhi nhi hai ...mujhe kuch din pehle ek 10th ka bacha mila ( mera relative tha )....uski class ki sabse hot ladki business karti hai apne nudes ka. 500 rs per photo ke hisab se class ke ladko ko bechti hai. Uss behen ke lode ne 3000 rs kharch kar rkhe the uske upar. Madarcho\*h ko maine jo peeta fir ...nudes chodh apni wife ko bhi naked nhi dekhega sala...ab iss confusion mai hoon ki uske school mai complain karu ya nhi ...kyunki I know that girl will be permanently resticated with those tharki boys,indiandankmemes,1654944986,2022-06,"Profanity and personal insults directed at individuals, no identity basis.",1,1,0,0,0,0,0
ibyms5y,the OG katua,bakchodi,1654945061,2022-06,Slur targeting religious identity.,0,0,1,0,1,0,0
ibymvl7,kya bhai bc ek female friend nahi he or yaha bkl whats happening  how tf do this ppl have childhood like this we never had like this bro,indiandankmemes,1654945142,2022-06,"Profanity and frustration, not directed at a specific person.",1,0,0,0,0,0,0
ibymzs0,Kisi tripal pe ya kagaz pe paint dalke baith gaya hai uspe bas...tabhi centre mai relatively light hai color,sham_sharma_show,1654945239,2022-06,"Neutral observation, no profanity or attack.",0,0,0,0,0,0,0
ibyn05f,Ab tereko kaise pta chala....BC kaun yeh news faila rha hai ki mai premium porn baat ta hoon.....1 hafte se 100 DM aa chuke hai ...koi sex game mangta hai ...koi cherrie deville ke porn videos mangta hai...haan hai mere pass par mai tumhe kyun dun apni  premium collection..mujhe kya milega,indiandankmemes,1654945249,2022-06,"Profanity and personal discussion, no identity attack.",1,0,0,0,0,0,0
ibyn0yg,"Aree bhaiya ... Tum jaison koi nai Jeet sakta na samjha sakta bane rahiye liberal or chaat te rahiye 
Or karte rehna sahi galat jhutt such 
Woh sab pel jaayenge tab bhi samjh aayegi nai 
Lekin aayegi jarur jab khud k saath hogi yah khud k gharwaalon saath hogi or tab dekhunga mai ki kaun sahi bol raha or kaun galat or kaun nikla bewakoof 
Agar tum mulle toh tum sudharne se rahe or agar dono ho toh tumhari koi jaat nai h chutiye ho tum or issliye liberal bane firr rahe or Hindu ho toh jaag jaao abhi bhi samay kal ko utth k gaand maar lenge tumhari tab fhattu ki tarah marr waste rehna 
Or agar udhaarann chahiye na toh dekh lena abhi Europe main kya kiya inn logon ne...
 In short : hadapna chah rahe Europe or theek jaisa chah rahe waisa hi ho jaayega agar Inka yeh naatak nai ruka toh or jitni bhi baatein kahee hai na karle na Google or ab yeh nai samjh aaye toh pogo dekho or bane raho apne dream world main",librandu,1654945269,2022-06,"Profanity, personal insults, and communal slur targeting Muslims.",1,1,1,0,1,0,0
ibyn2i2,I know i am late bro but what she do?,dankinindia,1654945305,2022-06,"Question, no profanity or attack.",0,0,0,0,0,0,0
ibyn32p,"Bhai mai to khud underage, how pedo",indiandankmemes,1654945318,2022-06,"Self-reference, no profanity or attack.",0,0,0,0,0,0,0
ibyn3um,Whats the name of the song?,indiandankmemes,1654945336,2022-06,"Question, no profanity or attack.",0,0,0,0,0,0,0
ibyn3yh,"###[View link](https://redditsave.com/info?url=/r/Sham_Sharma_Show/comments/v9jjnh/aur_karo_dange_up_main/)


 --- 
 [**Info**](https://np.reddit.com/user/SaveVideo/comments/jv323v/info/)&amp;#32;|&amp;#32; [**Feedback**](https://np.reddit.com/message/compose/?to=Kryptonh&amp;subject=Feedback for savevideo)&amp;#32;|&amp;#32;[**Donate**](https://ko-fi.com/getvideo) &amp;#32;|&amp;#32; [**DMCA**](https://np.reddit.com/message/compose/?to=Kryptonh&amp;subject=Content removal request for savevideo&amp;message=https://np.reddit.com//r/Sham_Sharma_Show/comments/v9jjnh/aur_karo_dange_up_main/)",sham_sharma_show,1654945338,2022-06,"Metadata, no content.",0,0,0,0,0,0,0
ibyn9au,"Bro mai to mandir bhi jaata , puran bhi padtha and apni padhai bhi karta + e lafda bhi karta and my dad discusses historical eevents of the purans with me too(but is still against e lafda q ki nastiko ko bagwaan ki mahanta batane ka koi arth nahi hai , they have fitted into their minds that duniya idhar se udhar ho jae hum nastik hi rahenge) i find his point good but still it's my task of fun :)",dankinindia,1654945460,2022-06,"Personal reflection, no profanity or attack.",0,0,0,0,0,0,0
ibyndgj,me to 2006 se hu ;-; maine kabhi koi bakchodi nhi ki hilane ke alava ;-; aur ab 17 lag chuka hai,indiandankmemes,1654945558,2022-06,"Self-reference, no profanity or attack.",0,0,0,0,0,0,0
ibynfjm,"One either completely reject the Hadith or fully embrace it. No religion deserve to be placed on a pedestal. If you feel there is even a single mistake there, then there is nothing stopping the entire Hadiths to be a mistake.


&gt; So you can reject the hadiths selectively or completely and still be muslim. Quranist muslims dont believe in any of the hadiths either.

I know that. This is the “out” I’m giving to Muslims. Majority of the shitty cultural aspects of Islam comes from the Hadiths than the Quran. Reject them fully and just be a Quranist. Don’t reject them, then be prepared to face these embarrassments. Selectively reject them, then you are just a Muslim without integrity.",librandu,1654945609,2022-06,"Criticism of Islamic hadiths and cultural aspects, no personal attack or identity-based hate.",0,0,0,0,0,0,0
ibynfw4,Desh literally bhosde mai jane wale hai agar asie log badte rhe....pta nhi aisi info bta kaun rha hai inn bacho ko......agar mera baap mujhe kabhi aisi harkate karte hue pakadta na ....meri lash ke tukde bhi nhi milte...parents hi bigad rhe hai inn sabko,indiandankmemes,1654945617,2022-06,"Profanity used to express frustration about societal issues, not targeting a specific person or group.",1,0,0,0,0,0,0
ibynmks,"Hey! Thanks for posting this Meme. Unfortunately, your karma is too low, we only allow users with over 1000 karma to post. Comment and be active in this subreddit and other communities to increase your karma. **DO NOT MODMAIL MODS ABOUT THIS, YOUR MESSAGE WILL BE IGNORED.**

*I am a bot, and this action was performed automatically. Please [contact the moderators of this subreddit](/message/compose/?to=/r/IndianDankMemes) if you have any questions or concerns.*",indiandankmemes,1654945776,2022-06,"Automated moderation message, no offensive content.",0,0,0,0,0,0,0
ibynqlu,"Yeah, but Islam is related to India too. Anyway.",desimeta,1654945872,2022-06,"Neutral statement about Islam's relation to India, no hostility.",0,0,0,0,0,0,0
ibynvbw,What's the song?,indiandankmemes,1654945983,2022-06,"Simple question about a song, no offensive content.",0,0,0,0,0,0,0
ibyo0yv,arre mazak mat samjhiyo ...real incident hai ...mai toh aisi duniya chodh ke Himalaya ja rha hoon,indiandankmemes,1654946112,2022-06,"Expressing disillusionment with the world, no target or profanity.",0,0,0,0,0,0,0
ibyo49d,But mai bhi to underage hun to mai pedo nhi hua,indiandankmemes,1654946187,2022-06,"Self-referential comment about age, no offensive content.",0,0,0,0,0,0,0
ibyo6sk,mai to actual selmon bhai ka bol rha hu ;-;,dankinindia,1654946245,2022-06,"Clarifying reference to a celebrity, no offensive content.",0,0,0,0,0,0,0
ibyo70k,Na bhai mai apna hila leta hoon khus hu tu usse apni mummi ke organic  collection mai rakhle,indiandankmemes,1654946250,2022-06,"Crude joke with profanity, directed at another user, but no identity-based hate.",1,1,0,0,0,0,0
ibyo8rt,What's the problem? obviously they are clapping after seeing their classmate's glow in the dark sword,indiandankmemes,1654946290,2022-06,"Sarcastic comment about a situation, no offensive content.",0,0,0,0,0,0,0
ibyocxn,Good Meme bus tune galat jage daldiya yaha pe bus hate memes chalte hai but anyways take my upvote,indiandankmemes,1654946384,2022-06,"Comment about subreddit culture, no offensive content.",0,0,0,0,0,0,0
ibyod3a,"Mujhe kya pata mai to muslim hu mere paas to behen hai








Ironically bola hai mai hindu hi hu( aayush tiwari naam hai mera)",dankinindia,1654946387,2022-06,"Joking about identity, no hostility or profanity.",0,0,0,0,0,0,0
ibyod46,Issok peeky bhai. Biyah karlo ab ek kaam karo,unitedstatesofindia,1654946388,2022-06,"Friendly advice, no offensive content.",0,0,0,0,0,0,0
ibyoe65,"Green colour in flag is not for muslims you know right?it stands for fertility, growth and auspiciousness of the land. And why to remove dhram chakra",sham_sharma_show,1654946411,2022-06,"Discussion about flag symbolism, no offensive content.",0,0,0,0,0,0,0
ibyoj1i,"Guns ke license lelo sab, main bhi jald hi lene wala hu",sham_sharma_show,1654946519,2022-06,"Advice about gun licenses, no offensive content.",0,0,0,0,0,0,0
ibyok8r,theek hai ....vaise teri iss baat se mujhe yaad aaya ki ICELAND mai ek penis museum hai jaha pe different animals aur famous personalities ke real dicks katke store kar rkhe hai ...display ke liye..aur log jate bhi hai dekhne ...mera toh din ba din vishwas uth rha hai duniya se,indiandankmemes,1654946546,2022-06,"Discussion about a museum, no offensive content.",0,0,0,0,0,0,0
ibyom13,☕️you know what,dankinindia,1654946585,2022-06,"Vague comment, no offensive content.",0,0,0,0,0,0,0
ibyom7p,Almost all rich people I know are enjoying Paap ki kamai. Meanwhile My Dad -...,indiandankmemes,1654946589,2022-06,"Comment about rich people, no offensive content.",0,0,0,0,0,0,0
ibyoniu,Called desh bhakt for a reason,dankinindia,1654946618,2022-06,"Comment about patriotism, no offensive content.",0,0,0,0,0,0,0
ibyooyw,I was thinking she had a deformed body. What is going on? 🧐,bollyblindsngossip,1654946650,2022-06,"Comment about appearance, no offensive content.",0,0,0,0,0,0,0
ibyop0s,English ka course nahi hota kya Islam mein?,dankinindia,1654946651,2022-06,"Rhetorical question about Islam, no explicit hostility or slur.",0,0,0,0,0,0,0
ibyorcj,"See the protest. : People are breaking public property , hurting innocents . What kind of protests are these?",indiadiscussion,1654946702,2022-06,"Criticism of protest methods, no personal or identity attack.",0,0,0,0,0,0,0
ibyoxwf,"Arre chal kya rha hai yeh ...mujhe yaad ek baar mere papa daru peeke ghar aagye the ( we don't drink in our family ) ....5 din tak mere Dada ne ghar mai nhi ghusne diya unhe. Aur yahan 9-10 mai cigarette  , sex kar rhe hai",indiandankmemes,1654946851,2022-06,"Comparison of family discipline, no profanity or attack.",0,0,0,0,0,0,0
ibyoya0,"My friend manages Zakir, will ask him what he thinks about this",unitedstatesofindia,1654946860,2022-06,"Neutral statement about a friend, no issue.",0,0,0,0,0,0,0
ibyp1o7,"Your submission has been removed due to low karma or being new to Reddit. To start posting, **comment on other posts** &amp; get internet points on them. Also, please have a look at our **RULES** and make sure your post fits **Guidelines**.

If you believe you made a **High effort/Quality post** or need earlier access, please reach us on modmail on the link provided below. Thanks for participating on r/SaimanSays, u/harshit_2003...bye, shaba kher, kailash kher, wish you a happy married life.


*I am a bot, and this action was performed automatically. Please [contact the moderators of this subreddit](/message/compose/?to=/r/SaimanSays) if you have any questions or concerns.*",saimansays,1654946936,2022-06,"Automated moderation message, no issue.",0,0,0,0,0,0,0
ibyp4fz,"This actually makes me feel sad for her and for Jaya, Jaya a lot more. Having a woman go around publicly saying stuff like this for your husband must hurt somewhat.",bollyblindsngossip,1654946998,2022-06,"Expression of sympathy, no attack.",0,0,0,0,0,0,0
ibyp66p,"The ones you have mentioned are exceptions rather than the norm. How many mainstream heroines are there ? Sharmila Tagore converted to  Islam which Kareena did not , which is keeping your individuality imo .",bollyblindsngossip,1654947036,2022-06,"Discussion of conversions, no hostility.",0,0,0,0,0,0,0
ibypb4f,ತ_ʖತ  what the actual fuck ?!??!!,saimansays,1654947146,2022-06,"Expression of shock with profanity, no target.",1,0,0,0,0,0,0
ibypbpo,Ek din mai 16,bakchodi,1654947158,2022-06,"Incomplete phrase, no issue.",0,0,0,0,0,0,0
ibypeyd,Didi ko dopamine aur adrenaline mai fark nahi pata,dankinindia,1654947229,2022-06,"Criticism of knowledge, no profanity or identity attack.",0,0,0,0,0,0,0
ibypfah,"front bencher, back bencher maa ke laude instagram ke chode yaha bhi aa gaye. Mera class me har din seats shuffle hoti thi, Kya karu front bencher bank bencher ka mein? Mods kya mar gaye he kya? Faaltu post me comment band kardeta he or dank memes nikaal dete he ye kya he?",dankinindia,1654947237,2022-06,"Profanity and insults directed at other users, no identity basis.",1,1,0,0,0,0,0
ibypih4,Small correction:- Ammi Aisha aaengi gala kaat ke le jaengi (context prophet said to all momins and mominas to refer Hazrat-e-aisha as their Mother),dankinindia,1654947304,2022-06,"Religious reference with violent imagery, but not attacking a group.",0,0,0,0,0,0,0
ibypkrr,"Panditji ka vachan diye the bhrata, dhokha nahi denge.",dankinindia,1654947352,2022-06,"Playful reference, no issue.",0,0,0,0,0,0,0
ibypl2h,On unrelated point never thought models earned this much. What am I doing with my life.,arrangedmarriage,1654947358,2022-06,"Personal reflection, no issue.",0,0,0,0,0,0,0
ibypoh8,Do you work in the same domain?,unitedstatesofindia,1654947433,2022-06,"Neutral question, no issue.",0,0,0,0,0,0,0
ibypu42,the muslim India needs,indiandankmemes,1654947557,2022-06,"Positive statement about a Muslim, no issue.",0,0,0,0,0,0,0
ibypuya,What was the problem with Nushrat Bharucha??? I think she was good in the movie. This replacing original actress in a sequel needs to go. Too much humiliation for the original one.,bollyblindsngossip,1654947575,2022-06,"Criticism of casting decision, no personal attack.",0,0,0,0,0,0,0
ibypwip,Chad Homelander ne Muslim ko reject kardiya,sham_sharma_show,1654947608,2022-06,"Reference to fictional character rejecting a Muslim, no hostility.",0,0,0,0,0,0,0
ibypyq8,mai kab paida hua?🗿🗿,indiandankmemes,1654947654,2022-06,"Random question, no issue.",0,0,0,0,0,0,0
ibypyr1,I could but I wanted to know what to expect going into this process. I've heard most profiles are managed by parents who prefer only guys from IIT/IIM working for FAANG companies. So I'd like to know my chances here.,arrangedmarriage,1654947654,2022-06,"Neutral inquiry about expectations, no issue.",0,0,0,0,0,0,0
ibyq5st,"Just for comparison

I am 5’8, 75 kgs with 15-20% bf and some muscle. I earn little more than you but stable employment income.

I have a very very hard time on dating apps (like a typical average looking guy) but AM is like dating apps on easy mode for me. I get a lot of inbound demand. (I have put Brahmin as well, idk if that helps too)

My guess is that you’d have an even easier time than me getting lot of girls on AM. You have nothing to worry about imo.

Getting the right girl that you like &amp; want to marry, and getting her to like &amp; marry you - that’s always gonna be tough though depending upon you. 

Cheers, all the best",arrangedmarriage,1654947804,2022-06,"Personal anecdote about dating app experience, no profanity or abuse.",0,0,0,0,0,0,0
ibyqb3b,"Hey! Thanks for posting this Meme. Unfortunately, your karma is too low, we only allow users with over 1000 karma to post. Comment and be active in this subreddit and other communities to increase your karma. **DO NOT MODMAIL MODS ABOUT THIS, YOUR MESSAGE WILL BE IGNORED.**

*I am a bot, and this action was performed automatically. Please [contact the moderators of this subreddit](/message/compose/?to=/r/IndianDankMemes) if you have any questions or concerns.*",indiandankmemes,1654947918,2022-06,"Automated bot message, no profanity or abuse.",0,0,0,0,0,0,0
ibyqbnx,"Hey! Thanks for posting this Meme. Unfortunately, your karma is too low, we only allow users with over 1000 karma to post. Comment and be active in this subreddit and other communities to increase your karma. **DO NOT MODMAIL MODS ABOUT THIS, YOUR MESSAGE WILL BE IGNORED.**

*I am a bot, and this action was performed automatically. Please [contact the moderators of this subreddit](/message/compose/?to=/r/IndianDankMemes) if you have any questions or concerns.*",indiandankmemes,1654947930,2022-06,"Automated bot message, no profanity or abuse.",0,0,0,0,0,0,0
ibyqnt9,what can I say......,indiandankmemes,1654948186,2022-06,"Vague expression, no profanity or abuse.",0,0,0,0,0,0,0
ibyqoz8,"Tell me the truth, did you know what a centaur is? Or you searched for it after seeing my comment?",unitedstatesofindia,1654948209,2022-06,"Question about knowledge, no profanity or abuse.",0,0,0,0,0,0,0
ibyqw8m,Haan bhai ret main chawal ugate they bulla Bois. Aaj technology chali gayi hogi,dankinindia,1654948357,2022-06,"Sarcastic comment about technology, no profanity or abuse.",0,0,0,0,0,0,0
ibyqwgd,Bhai aaj mai baap ka saath betha tha aur vo yahi news dekhrhe the meri g fatgyi thi vo 2 min k lia,dankinindia,1654948361,2022-06,"Personal anecdote, no profanity or abuse.",0,0,0,0,0,0,0
ibyqzk6,Abe wo katwe... Zyaada bola to cheele hue lund ko kaat ke chakka bana dunga aur phir tere darge main aake danda maar maar ke bandar ki tarah laal kardunga.... Jaise tere gay bhaiyon ke saath hua tha kal,dankinindia,1654948425,2022-06,"Explicit profanity and threats targeting a religious group, with homophobic slurs.",1,1,1,0,1,0,1
ibyqznp,What do you mean Krishna ??,librandu,1654948426,2022-06,"Question, no profanity or abuse.",0,0,0,0,0,0,0
ibyr0rn,"People who are in non IT jobs, what work do you do?",unitedstatesofindia,1654948450,2022-06,"Neutral question, no profanity or abuse.",0,0,0,0,0,0,0
ibyrass,"2 wrong don't make one right. Show me a clip of RSS calling for rape of muslim women.
Why are you guys so keen on defending such extremists?
What if  Hindus called for beheading of munawar Farooq (that comedian) ?",indiadiscussion,1654948653,2022-06,"Political debate, no profanity or abuse.",0,0,0,0,0,0,0
ibyrcyg,"Whataboutery will not help you, hope you'll answer the question instead of saying if this then this... 

The whole thread you've been like this and this are bad so I'm gonna try to justify one bad with another, either condemn both of stfu!",unitedstatesofindia,1654948698,2022-06,"Political debate, no profanity or abuse.",0,0,0,0,0,0,0
ibyrhr4,Huh? What's with upvotes? 🤔,unitedstatesofindia,1654948796,2022-06,"Question, no profanity or abuse.",0,0,0,0,0,0,0
ibyrhwp,"#[Link to our Official Discord Server](https://discord.gg/NTpXGZVKTc)

#[Instagram](https://www.instagram.com/indiandankmemes_official/)

To download the video you can use one of the following sites:

#[Download link #1](https://redditsave.com/info?url=https://www.reddit.com/r/IndianDankMemes/comments/v9w2hq/hamar_hu_mai/)

#[Download link #2](https://saveredd.it/?url=https://www.reddit.com/r/IndianDankMemes/comments/v9w2hq/hamar_hu_mai/) 

#[Download link #3](https://viddit.red/?url=https://www.reddit.com/r/IndianDankMemes/comments/v9w2hq/hamar_hu_mai/) 

#[Link to Trim the Video](https://reddloader.com/download-post/?url=https://www.reddit.com/r/IndianDankMemes/comments/v9w2hq/hamar_hu_mai/&amp;id=aafd4548)

*I am a bot, and this action was performed automatically. Please [contact the moderators of this subreddit](/message/compose/?to=/r/IndianDankMemes) if you have any questions or concerns.*",indiandankmemes,1654948799,2022-06,"Automated bot message, no profanity or abuse.",0,0,0,0,0,0,0
ibyrnmq,"You're not better than those you criticise, seems the pattern of if others hurl shit we'll put do them is repeating here! 

I condemn beheading for its lynching of someone, the same way another case is irrespective of religion what I give onus to is crime, and both ought to be punished shushing one up since other happens is the sign of fundamentalism at play, thanks for outing yourself sir/ma'am!",unitedstatesofindia,1654948912,2022-06,"Political debate, no profanity or abuse.",0,0,0,0,0,0,0
ibyrsd4,No matter what they do people will somehow draw parallels with MCU or DCEU smh.,bollyblindsngossip,1654949010,2022-06,"Comment about media comparisons, no profanity or abuse.",0,0,0,0,0,0,0
ibyrw7f,"You know what sucks? When people come outside of my shop and discuss something. They probably discuss something like ki yaha pe ye chiz milegi ki nahi milegi. 70% of the time they just leave without even asking. And I'm sure ki most of the time wo chiz mere yaha mil jaati hongi. Saale bhen ke lodo thode guts dikha ke pooch loge to kya ho jaaye ga. Do baar to maine hi bahar jaa ke pooch liya ki kya hua, kya chaiye and phir unko aander bula ke chiz bech di. 

It's more common than you think, once in like every two days samajh lo. Mujhe bada bekaar lagta hai jab aisa hota hai, potential customers chale jaate hai.",unitedstatesofindia,1654949085,2022-06,"Frustration with customers, uses profanity but not directed at a specific person.",1,0,0,0,0,0,0
ibyrww0,Inshallah Jai Bheem Jai Meem. Azad bhai ke khilaf ek shabd bhi nhi sunenge.,librandu,1654949098,2022-06,"Political slogan, no profanity or abuse.",0,0,0,0,0,0,0
ibyrydn,"Mai ek musalman hu , aur recent incidents pr bane hui memes dekh kr mere dosto ne mera bhot mazaak banaya tha .
Mai class me sirf akela muslim hu , chutti time bhot maara tha yrr , please memes mt banao yrr . Bss school k official group me hi hu ab , baaki saare grp se mujhe remove kr dia .
Please yrr ek bhi dost nhi bacha, please mt banao memes .
2 daat tood diye naak ki haddi tod di , belt se maara tha .
Ghr aaya to mummy ko bss yhi bol dia ki accident ho gaya tha , car ne meri cycle thok di thi . Aaj se vacation h aur koi baat krne ko h bhi nhi . Bhot akela ho gaya hu kyuki surf musalman hu .",dankinindia,1654949127,2022-06,"Personal story of bullying, no profanity or abuse.",0,0,0,0,0,0,0
ibyrzir,"If you don't mind 
What community are you from ? 
And how conservative is it ?",arrangedmarriage,1654949149,2022-06,"Question, no profanity or abuse.",0,0,0,0,0,0,0
ibys1p8,Main khud pro atheist ju bro tu chutiya ha jo samjha nahi pehle apne aap ko atheist bolta ha fir jale 4 bar bhagwan se maangta ha chutiya split personality tere ko ha.,saimansays,1654949192,2022-06,"Personal insult using profanity directed at the user, no identity basis.",1,1,0,0,0,0,0
ibys1vw,Yha log bas dharam aur controversy pe time waste krte rhenge wha America ke chode log Mars pe apni brazzers.com bhi chalo krdenge,bakchodi,1654949196,2022-06,"Profanity used in a general statement, not targeting a specific person or group.",1,0,0,0,0,0,0
ibys32m,I dont care what u do ! Buzz off.,indiadiscussion,1654949219,2022-06,"Dismissive comment, no profanity or targeted abuse.",0,0,0,0,0,0,0
ibys8ac,"Bhaisaab itne partial kaise ho reddit pe bhi. Thoda dimaag khol ke aaya kro. Old gen ka to smjh aata hai ki jo btaya gya hai vhi satya hai, lekin apne paas to sb kuch hai, fir bhi itna Muslim hate.",dankinindia,1654949322,2022-06,"Criticism of bias and Muslim hate, no profanity or targeted abuse.",0,0,0,0,0,0,0
ibys97y,"BJP is at a middle point right now. 

Back in the 90s and early 2000s it had humanistic and principled/ethical type leaders like  Vajpayee, Jaswant Singh and Shanta Kumar etc. They were influenced by the teachings of Vivekananda, Ramakrishna and Deen dayal Upadhyay.

Now under Modi-Shah the BJP of today doesn't care about principles but is timid about going full extreme hindutva. They talk a lot but don't deliver a lot even to their core Hindutva constituency.

I think under Yogi, BJP will go full throttle unapologetic Hindutva at the speed of Mach 2.0. It seems very likely that he will replace Modi.

Just my observation YMMV",unitedstatesofindia,1654949341,2022-06,"Political analysis of BJP, no profanity or hate speech.",0,0,0,0,0,0,0
ibys9jc,but mai toh women simulator games khelta hu,dankinindia,1654949348,2022-06,"Neutral statement about gaming, no issues.",0,0,0,0,0,0,0
ibys9ux,"Hey! Thanks for posting this Meme. Unfortunately, your karma is too low, we only allow users with over 1000 karma to post. Comment and be active in this subreddit and other communities to increase your karma. **DO NOT MODMAIL MODS ABOUT THIS, YOUR MESSAGE WILL BE IGNORED.**

*I am a bot, and this action was performed automatically. Please [contact the moderators of this subreddit](/message/compose/?to=/r/IndianDankMemes) if you have any questions or concerns.*",indiandankmemes,1654949354,2022-06,"Automated bot message, no issues.",0,0,0,0,0,0,0
ibysern,"And who the fuck even cares about manusmriti!? I bet less than 0.01 % had even read this

What a fucked up way of coping! Fuck manu fuck anyone who follows that. Now try doing the same for the other side :D",unitedstatesofindia,1654949452,2022-06,"Profanity used in criticism of religious text, not targeting a person or group.",1,0,0,0,0,0,0
ibysf4c,"Abe chutiye. I am an atheist. I don't care about Islam. 

But there is only one thing destroying my nation. That is radical Hindu fundamentalists. India has 80% Hindus and obviously Hindu terrorists are going to affect me more than Wahhabi Islam in Saudi Arabia. 

I condemn both but Hindu terrorists are way more common in our country.",unitedstatesofindia,1654949459,2022-06,"Personal insult using profanity, but also political commentary; no identity-based hate.",1,1,0,0,0,0,0
ibyshwe,"&gt;If quoting facts from authentic religious books is considered blasphemous for a religion

In that case u need to let me know where in Qur'an is it written what Nupur claimed in the news channel...",unitedstatesofindia,1654949514,2022-06,"Discussion about religious texts, no profanity or hate.",0,0,0,0,0,0,0
ibyskab,What a swine?!,indiadiscussion,1654949561,2022-06,"Insult using animal metaphor, no profanity, no identity basis.",0,1,0,0,0,0,0
ibyskip,"Aisa nhi hai meri bhen ne khud general category se 800 rank jee hasil ki hai jabki mai ST hu aur uppermost middle class se hu

Our of context - vaise tum ladki hona ?",indiandankmemes,1654949566,2022-06,"Discussion about caste and exam, no hate speech.",0,0,0,0,0,0,0
ibysnfr,Isliye mai suggest karta hu blasphemy porn sub pe jao aur maze lo,dankinindia,1654949625,2022-06,"Sarcastic suggestion, no profanity or hate.",0,0,0,0,0,0,0
ibysnxa,Rondhad bhakts,bakchodi,1654949634,2022-06,"Political insult using 'bhakt', not religious hate.",0,1,0,0,0,0,0
ibysnzh,What kind of drugs is she on,bollyblindsngossip,1654949635,2022-06,"Rhetorical question, no profanity or hate.",0,0,0,0,0,0,0
ibyso25,"Hey! Thanks for posting this Meme. Unfortunately, your karma is too low, we only allow users with over 1000 karma to post. Comment and be active in this subreddit and other communities to increase your karma. **DO NOT MODMAIL MODS ABOUT THIS, YOUR MESSAGE WILL BE IGNORED.**

*I am a bot, and this action was performed automatically. Please [contact the moderators of this subreddit](/message/compose/?to=/r/IndianDankMemes) if you have any questions or concerns.*",indiandankmemes,1654949637,2022-06,"Automated bot message, no issues.",0,0,0,0,0,0,0
ibysp4i,what the fuck,bollyblindsngossip,1654949657,2022-06,"Exclamation of surprise, no target.",1,0,0,0,0,0,0
ibyspj9,only good muslim for businesses was  sher shah suri. he really tried to improve the business situation but I can't say anything about Mughal. please tell me the name of few projects started by Mughal for businesses,dankinindia,1654949666,2022-06,"Historical discussion, no hate speech.",0,0,0,0,0,0,0
ibyston,"what do you think this is,

dinosaur ?",indiandankmemes,1654949748,2022-06,"Rhetorical question, no profanity or hate.",0,0,0,0,0,0,0
ibysuc9,Par Mai to FIFA khelta hun,dankinindia,1654949761,2022-06,"Neutral statement about gaming, no issues.",0,0,0,0,0,0,0
ibyt18c,"Na yeh itna overused hai ki kahi bhi use ho jata hai lmao. 

Someone: Tera Nunnu chota hai
Mai: Mera Nunnu tere mummy ke nunnu jaisa nhi hai",saimansays,1654949894,2022-06,"Profanity used in a joke about body parts, not targeted at a specific person.",1,0,0,0,0,0,0
ibyt229,"First day at gym

What the fuck should I do?

Gym bros help",unitedstatesofindia,1654949910,2022-06,"Profanity used as an exclamation, not targeted at anyone.",1,0,0,0,0,0,0
ibyt2yr,Fake lag raha hai.. ya to kisi madrasay ke maulana ne iski mast lee hai,sham_sharma_show,1654949927,2022-06,"Sexual slur targeting a religious figure, implying abuse.",1,1,1,0,1,0,0
ibyt4hk,Bruh. I hope the Chaddis watching this at least somewhat start to question news channels but even that would be overly optimistic.,librandu,1654949957,2022-06,"Political term 'Chaddis' used dismissively, but not tied to religious identity.",0,0,0,0,0,0,0
ibyt9cr,That sub is just Hindus vs Muslims (*creatively*),saimansays,1654950047,2022-06,"Observation about subreddit content, no hate speech.",0,0,0,0,0,0,0
ibyt9em,"Bai mai late ho gya 🥺
Prabandh karaye !!",indiandankmemes,1654950048,2022-06,"Benign request, no offensive content.",0,0,0,0,0,0,0
ibyt9v0,Actually I don’t think it’s for attention. To me it feels she’s gotten bitter so she retorts to such tactics to maybe express hurt? Like so people don’t forget what AB did. But maybe I’m over analyzing lol,bollyblindsngossip,1654950056,2022-06,"Speculative analysis of behavior, no offense.",0,0,0,0,0,0,0
ibytdp5,"&gt;	Rinku Singh

Do not take the lord’s name in vain.",bollyblindsngossip,1654950127,2022-06,"Religious reference, no offense.",0,0,0,0,0,0,0
ibythqn,Sare muslim chutiya hea,librandu,1654950205,2022-06,Profanity and hate speech targeting all Muslims.,1,1,1,0,1,0,0
ibytj8o,"I don't agree with the points you made, but it's ok IG everybody should be able to make their point heard. I think that our country needs young leaders who are not influenced by archaic concepts such as religion. Science cures the wounded and the sick, it has the ability to problems the world faces. What are the benefits that religion provides? Other than creating a divide? 

All BJP does is distraction politics and being an educated person one should be able to see through their lies.

We want vikas and that too double engine waali vikaas(and I dont like Yogi). How the fuck are we supposed to achieve that when there not enough colleges(lots of private colleges but many dont have the funds to go there) in India? Why arent we investing in R/D?",unitedstatesofindia,1654950235,2022-06,"Political criticism with profanity, no personal attack.",1,0,0,0,0,0,0
ibytn08,"There is a telugu poem everyone is taught in school which rebukes donkey milk so i always had a very negative opinion of it

Gangigovu paalu garitedainanu chaalu
kadivedainanemi kharamu paalu
bhakthi kalugu koodu pattedainanu chaalu,
viswadabhiraama vinuravema

But in actuality how is the taste, nutritional value, cost..... Anyone tried it?",unitedstatesofindia,1654950307,2022-06,"Discussion of donkey milk, no offense.",0,0,0,0,0,0,0
ibytrsy,Lgtv momint 🌈,indiandankmemes,1654950397,2022-06,"Slang for LGBTQ, no offense.",0,0,0,0,0,0,0
ibytsqy,"Just search Zaynab bint Jahsh. Its authentic well accepted history by scholars, don't know exactly what all hadids support it. 

Thing is she is known to be the most religious of mohammad's wifus in later years, so bullas cannot erase her.",sham_sharma_show,1654950415,2022-06,"Derogatory term for Muslims, religious hate.",0,0,1,0,1,0,0
ibytstk,Same given How good education nd experience she received in all these years she should b somewhat intelligent and Confident. Not even like she is carrying this image to b more relatable to the public she is actually very insensitive nd dumb.,bollyblindsngossip,1654950417,2022-06,"Criticism of a person's intelligence, no identity basis.",0,1,0,0,0,0,0
ibytwpr,"&gt;Please share that vedio. It's just weird how live bullets are being normalised against one sect of PPL

Tbf police brutality is not specifically targeted against Muslims alone. That's how cops operate in every part of India. They see riots in the streets, they immediately start shooting live rounds to control them at the slightest sign of unruliness. There are no rubber bullets or other things used to defuse the situation. 13 people were [shot dead](https://www.business-standard.com/article/current-affairs/anti-sterlite-stir-13-dead-public-property-worth-rs-10-2-million-damaged-118052500138_1.html) in Tamil Nadu 4 years back for anti Sterlite protests, against a copper smelting plant that allegedly caused pollution and cancer. Cops are brutal in India.",librandu,1654950491,2022-06,"Discussion of police brutality, no hate speech.",0,0,0,0,0,0,0
ibyu10z,"Don't worry abdul ke bag mai bas jethalal ki bread aur toothpaste hai



&gt;!and also bomb!&lt;",indiandankmemes,1654950572,2022-06,"Stereotyping Muslims as terrorists, communal hate.",0,0,1,0,1,0,0
ibyu2qo,What are you doing here then?,bollyblindsngossip,1654950605,2022-06,"Rhetorical question, no offense.",0,0,0,0,0,0,0
ibyu6pq,"Ewwww....how sad, creepy &amp; ohh main bechaari type ka dikhaawa. Having feelings for a married man doesn't make you an epitome of loving someone unconditionally even when it is unrequited. Life isn't Karan Johar ke films..ek tarfa pyaar wala nonsense glorify karne ki koshish. Seek therapy woman!!!!!!!!!! So gross.",bollyblindsngossip,1654950679,2022-06,"Personal attack on a woman, no identity basis.",0,1,0,0,0,0,0
ibyua63,"Wrinkled 🦎 lol, what analogy for your child, true though they all look same",bollyblindsngossip,1654950744,2022-06,"Insulting a child's appearance, no identity basis.",0,1,0,0,0,0,0
ibyuazv,What? You have issues. Nowhere in the post did she insult him yet you have went on some sort of tirade.,arrangedmarriage,1654950759,2022-06,"Criticism of commenter's behavior, no offense.",0,0,0,0,0,0,0
ibyucr7,being scripted is what makes it worse. this cheap behaviour is why i lost major respect for her. rekha and kangu will be good friends with how they think selling themselves short as the “other woman” is quirky and cool when they were actually disposable to the married men who they based their relevance around. the men in question still got to go back to their wives and play house.,bollyblindsngossip,1654950791,2022-06,"Criticism of public figures' personal behavior, no profanity or identity-based attack.",0,0,0,0,0,0,0
ibyul51,Thanks. Yes this was what I was talking about.,bollyblindsngossip,1654950939,2022-06,"Simple agreement, no offensive content.",0,0,0,0,0,0,0
ibyumun,"&gt;One form does bomb blasts and the other lynches innocent men. 

Agreed, tho one is an active act of terrorism while another is hatecrime, putting both in a same bracket is something we don't agree on. 

&gt;Really? I already said that I am an atheist. I hate both Islam and Hinduism. Both are Right Wing ideologies. 

So you hate religions not their radical form LoL, talk ABT the most stereotypical atheist dialogue! If you're larping man you've used the best card, bit if you're not man such hate of religions either steams from some deep rooted trauma or ideological schism.

As for you being a judge of my comments you really have to dwell on those delusions!",unitedstatesofindia,1654950970,2022-06,"Political debate with criticism of religions, no profanity or personal attack.",0,0,0,0,0,0,0
ibyupai,Aurat chutiya hai yhe andraline tab tab njikal tha jab tum khtra dekho yhe adventure mai,dankinindia,1654951015,2022-06,"Hinglish profanity directed at a woman, personal insult.",1,1,0,0,0,0,0
ibyuq1f,"areey ladke, what's up",unitedstatesofindia,1654951029,2022-06,"Casual greeting, no offensive content.",0,0,0,0,0,0,0
ibyuqo9,What's nilli phustak,dankinindia,1654951040,2022-06,"Question about a term, no offensive content.",0,0,0,0,0,0,0
ibyuris,What's the price for the the finished cheese. I doubt if its very expensive then it will have mass market appeal. It will be limited to niche group.,unitedstatesofindia,1654951056,2022-06,"Market discussion, no offensive content.",0,0,0,0,0,0,0
ibyuu4l,Movies main accuracy dhundna toh unrealistic hain. I have given up on watching historical movies for their pure historical content. I just watch them for entertainment and entertainment only.,librandu,1654951103,2022-06,"Opinion on historical movies, no offensive content.",0,0,0,0,0,0,0
ibyuzhv,Sai Baba was born as a Brahmin bhai,indiandankmemes,1654951203,2022-06,"Factual statement about Sai Baba's birth, no offensive content.",0,0,0,0,0,0,0
ibyv2ko,"Only Muslims fighting

Hindus are trying to save their lives and property",dankinindia,1654951258,2022-06,"Claims Muslims fighting Hindus are defending themselves, no profanity or direct attack.",0,0,0,0,0,0,0
ibyv36x,"""t would've been the same if a muslim politician commented something about a Hindu god"".... lol... Vile comments and memes were made about lord shiva when gyanvyapi survey footage leaked how many cities were burning? piss was thrown at a devi procession was that person lynched oh wait he was handed over to the police. And your arguments are based on ""I read somewhere"" and ""I've read about this in a lot of blogs and religious sites"" but you don't read from officials translations or mainstream extracts regardless, that statement was given in retaliation to vile comments made by Buslim panelists so u don't even know the context of why she said what she said and you come here and pretend like rational person. And you don't even know why oil prices are going up and think everything is about religion... You know you just came here to have a one up against people of this subreddit but exposed yourself in the process. Cope harder",bakchodi,1654951269,2022-06,"Political argument with profanity, no personal attack or identity-based hate.",1,0,0,0,0,0,0
ibyv49j,"

bhai mai soya hi nahi 30 hrs se 😆..
nashe ho gaye hai aur daaru peene ka mann kr raha

tum kaise ho",unitedstatesofindia,1654951289,2022-06,"Personal sharing, no offensive content.",0,0,0,0,0,0,0
gbtipyr,"She is obviously shit scared because of what's happening with Arnab. Cannot wait for her to face the music.

Popcorn at the ready!",bollyblindsngossip,1605009568,2020-11,"Criticism of a public figure, no profanity or personal attack.",0,0,0,0,0,0,0
gbtiw8o,Maine hi dala hai lol,saimansays,1605009726,2020-11,"Simple statement, no offensive content.",0,0,0,0,0,0,0
gbtiy0s,"

Snapshots:

1. Looks like I triggered someone - [archive.org](https://web.archive.org/20201110120249/https://i.redd.it/rlc7xbhhkey51.jpg), [_archive.today\*_](https://archive.today/?run=1&amp;url=https%3A%2F%2Fi.redd.it%2Frlc7xbhhkey51.jpg ""could not auto-archive; click to resubmit it!"")



*I am just a simple bot, **not** a moderator of this subreddit* | [*bot subreddit*](/r/SnapshillBot) | [*contact the maintainers*](/message/compose?to=\/r\/SnapshillBot)",indiadiscussion,1605009770,2020-11,"Meta-commentary about triggering someone, no offensive content.",0,0,0,0,0,0,0
gbtj2d7,Where do I belong? I root for Brahmincal Guitarist and his Guitar (Resting in Pieces)...,saimansays,1605009880,2020-11,"Sarcastic comment about a guitarist, no offensive content.",0,0,0,0,0,0,0
gbtj5t7,What do you think he eats for lunch?,librandu,1605009968,2020-11,"Question, no offensive content.",0,0,0,0,0,0,0
gbtj7ha,Idk what you're saying,unitedstatesofindia,1605010008,2020-11,"Expression of confusion, no offensive content.",0,0,0,0,0,0,0
gbtjdaw,"Hey /u/yadukulakambhoji, thanks for contributing to /r/Chodi. Unfortunately, your post was removed as it violates our rules:

**Rule 9** - Repost is removed. Same or similar posts have already been posted recently. Check the frontpage and the new queue

Please read the sidebar before posting again. If you have questions or concerns, please [message the moderators through modmail](https://www.reddit.com/message/compose?to=/r/Chodi&amp;subject=&amp;message=). Thank you!",chodi,1605010154,2020-11,"Automated moderation message, no offensive content.",0,0,0,0,0,0,0
gbtjg4p,"Hey /u/WHKSentinel, thanks for contributing to /r/Chodi. Unfortunately, your post was removed as it violates our rules:

**Rule 9** - Repost is removed. Same or similar posts have already been posted recently. Check the frontpage and the new queue

Please read the sidebar before posting again. If you have questions or concerns, please [message the moderators through modmail](https://www.reddit.com/message/compose?to=/r/Chodi&amp;subject=&amp;message=). Thank you!",chodi,1605010227,2020-11,"Automated moderation message, no offensive content.",0,0,0,0,0,0,0
gbtjp22,~~main ne ki hai mehnat~~,saimansays,1605010449,2020-11,"Self-referential statement about hard work, no target or profanity.",0,0,0,0,0,0,0
gbtju60,"Hey /u/villain6686, thanks for contributing to /r/Chodi. Unfortunately, your post was removed as it violates our rules:

**Rule 9** - Repost is removed. Same or similar posts have already been posted recently. Check the frontpage and the new queue

Please read the sidebar before posting again. If you have questions or concerns, please [message the moderators through modmail](https://www.reddit.com/message/compose?to=/r/Chodi&amp;subject=&amp;message=). Thank you!",chodi,1605010575,2020-11,"Automated moderation message, no offensive content.",0,0,0,0,0,0,0
gbtk1i8,"Yes, and by the same logic we should shoot a wounded soldier again ourselves because he's already been shot, so what's the difference?


Silly moron.",librandu,1605010750,2020-11,"Insult directed at a person ('silly moron'), no profanity or identity basis.",0,1,0,0,0,0,0
gbtkb5h,"Muslim appeasing government?????, Bc pichle 7 saal se kaun hai power mein, also maine toh bhai partition ke baad se koi mass killing of hindus ko witness nai kiya, ab tu bolega kashmiri pandits, bhai that was an isolated event, that happened all those years ago, it was terrible but it in no way justifies this mad paranoia about HiNdUtVa In DaNgEr!!",unitedstatesofindia,1605010976,2020-11,Political commentary with profanity ('Bc') but no personal target; discusses communal issues but not hate speech.,1,0,0,0,0,0,0
gbtkh3r,Maine pichla wala miss kardiya tha bhi se alarm laga leta hu,chodi,1605011116,2020-11,"Casual statement about missing something, no offensive content.",0,0,0,0,0,0,0
gbtkh9e,What’s the complaint on Rakhshabandhan ??,chodi,1605011120,2020-11,"Neutral question about a festival, no offensive content.",0,0,0,0,0,0,0
gbtkj80,"Hey /u/jotaro6942, thanks for contributing to /r/Chodi. Unfortunately, your post was removed as it violates our rules:

**Rule 3** - This is not a meta discussion sub, kindly post such at r/IndiaDiscussion or r/DesiMeta

Please read the sidebar before posting again. If you have questions or concerns, please [message the moderators through modmail](https://www.reddit.com/message/compose?to=/r/Chodi&amp;subject=&amp;message=). Thank you!",chodi,1605011166,2020-11,"Automated moderation message, no offensive content.",0,0,0,0,0,0,0
gbtkmey,what? dp's parents are cousins??,bollyblindsngossip,1605011239,2020-11,"Question about someone's parents, no offensive content.",0,0,0,0,0,0,0
gbtknp1,"Guide me on how to start with stock market and stuff. I have no idea what that is, but I am now motivated to look into it because people over at r/wallstreetbets are funny. _(weird thing to take inspiration from, right?_)",unitedstatesofindia,1605011268,2020-11,"Asking for guidance, no offensive content.",0,0,0,0,0,0,0
gbtknxf,"Hey /u/Trilokjit-Dey, thanks for contributing to /r/Chodi. Unfortunately, your post was removed as it violates our rules:

**Rule 7** - We allow almost all original content, but very low effort posts may be removed at moderator's discretion

Please read the sidebar before posting again. If you have questions or concerns, please [message the moderators through modmail](https://www.reddit.com/message/compose?to=/r/Chodi&amp;subject=&amp;message=). Thank you!",chodi,1605011273,2020-11,"Automated moderation message, no offensive content.",0,0,0,0,0,0,0
gbtkol3,"Doston ke saath Ram bhakt. 

parantu adharmiyo ke saath parshuram ka bhakt 

aur saanpo ke saath Krishna bhakt. 

Bura samay aane par Bhairav ke bhakt. 

Ham sabh ek hai.",chodi,1605011289,2020-11,"Religious statement about devotion, no offensive content.",0,0,0,0,0,0,0
gbtkou3,"Ok buddy,what you did you did but our supreme leader is a kind one so he has sanctioned a free helicopter ride for you.",chodi,1605011295,2020-11,"Sarcastic comment about a leader, no profanity or personal attack.",0,0,0,0,0,0,0
gbtkpcq,"Hi, gate666!

Your post [Lalu Prasad switches off TV after seeing NDA's lead, goes out to soak up the sun | | Bihar News](https://www.timesnownews.com/india/bihar/article/lalu-prasad-switches-off-tv-after-seeing-ndas-lead-goes-out-to-soak-up-the-sun/679981) has been removed. It breaks the following [rules](https://www.reddit.com/r/unitedstatesofindia/wiki/rules):

- please use the [megathread](https://www.reddit.com/r/unitedstatesofindia/comments/jrgk4j/bihar_assembly_election_2020/)



______________________________________________________________________________
^If ^you ^think ^this ^was ^an ^error, ^or ^have ^questions, ^reach ^out ^to ^us ^over [^mod ^mail](https://www.reddit.com/message/compose?to=/r/unitedstatesofindia)^.",unitedstatesofindia,1605011308,2020-11,"Automated moderation message, no offensive content.",0,0,0,0,0,0,0
gbtkqtn,"Hey /u/shaitaanbaluck, thanks for contributing to /r/Chodi. Unfortunately, your post was removed as it violates our rules:

**Rule 9** - Repost is removed. Same or similar posts have already been posted recently. Check the frontpage and the new queue

Please read the sidebar before posting again. If you have questions or concerns, please [message the moderators through modmail](https://www.reddit.com/message/compose?to=/r/Chodi&amp;subject=&amp;message=). Thank you!",chodi,1605011345,2020-11,"Automated moderation message, no offensive content.",0,0,0,0,0,0,0
gbtkrrm,"Cross posting is generally not allowed and only selectively permitted. If you think this post should be, send modmail to check this post. This post is removed.

*I am a bot, and this action was performed automatically. Please [contact the moderators of this subreddit](/message/compose/?to=/r/Chodi) if you have any questions or concerns.*",chodi,1605011368,2020-11,"Automated moderation message, no offensive content.",0,0,0,0,0,0,0
gbtl2gu,"There, exactly what I mean.",chodi,1605011612,2020-11,"Vague statement, no offensive content.",0,0,0,0,0,0,0
gbtl68r,watch this comment get posted on some woke subreddit calling out the Islamophobia practised here,chodi,1605011696,2020-11,"Meta-commentary about subreddit, no offensive content.",0,0,0,0,0,0,0
gbtl80i,Bhai kya chutiya hu main. Kripya neeche Chutiya likhein,unitedstatesofindia,1605011737,2020-11,"Self-directed profanity, no target.",1,0,0,0,0,0,0
gbtlajd,What's whale in hindi?,unitedstatesofindia,1605011794,2020-11,"Neutral question about language, no offensive content.",0,0,0,0,0,0,0
gbtlewx,"EVM - Everyone votes Modi

These imbeciles will never learn what's lacking in them to get people's support, let them scream in their echo chamber.",chodi,1605011892,2020-11,Political commentary with mild insult ('imbeciles') but no profanity or identity attack.,0,0,0,0,0,0,0
gbtm8x9,"and 50 percent jihadist  


\#HinduJihad",librandu,1605012537,2020-11,"Accuses a group of being jihadists, linking them to a hashtag, implying a threat.",0,0,1,0,1,0,0
gbtm9vb,"Oh lord, 

I know a few Bengali boomers whose parents were communists that are bhagwapilled hard. I am not that sure about Bengal anymore. Whatsapp university is in overdrive in WB. 

WB is very much in play.",librandu,1605012558,2020-11,"Political commentary on Bengal's political leanings, no personal attack or hate speech.",0,0,0,0,0,0,0
gbtmb8j,"yes, I have visited turkey their young population is very patriotic and are very forward-looking or sometimes outright Aethist than their Arabic or South Asian Counterparts and they also acknowledge the wrong things mentioned in Quran. They also hate Arabs and SA Muslims very much, the reason I never bothered to ask them.",chodi,1605012587,2020-11,"Generalizing about Arabs and South Asian Muslims, expressing dislike, but not directly attacking a specific group in a hateful manner.",0,0,0,0,0,0,0
gbtmjhy,Bro what is going on? I see BJP trailing on election commission website.,chodi,1605012759,2020-11,Neutral observation about election results.,0,0,0,0,0,0,0
gbtmn1s,"
&gt;people over at r/wallstreetbets are funny


Buy calls on*: when you're bullish on a stock (hopeful of it going up).

Buy puts on*: when you're bearish on a stock (hopeful of it going down).

 [Yes money can be made on both sides. Call is *longs*, put is *shorts*].

They also talk a lot about SPY calls and puts which basically is index (S&amp;P) and not a stock.

Tendies is basically  money you make from a trade. 

DD is due diligence, basically the research someone did to initiate a trade (or advising others to initiate one).

Robinhood is to them what zerodha is to us. (Discount broker that crashes frequently on important days or high volatile days etc.)

I think this is enough to start with that sub.

Edit- they only talk about options since it's easy money for gamblers. Hence calls and puts. Equity (investment) trades ko woh cash gang bolte. Also, theta gang k liye thoda padhlo toh zyada clarity mil jayegi. Premium decay",unitedstatesofindia,1605012836,2020-11,"Explains stock market terminology, no offensive content.",0,0,0,0,0,0,0
gbtmqmr,"What did Yogiji do to Parsis, Sikhs, Jews, Buddhists, Ba'hais and Atheists???",chodi,1605012913,2020-11,"Asks a question about a religious leader's actions towards other groups, no hate speech.",0,0,0,0,0,0,0
gbtmy44,"Bhai ye sub ab pehle jesa nahi raha😔

Ab 99% political bakchodi he hoti hai yaha.",chodi,1605013066,2020-11,"Expresses nostalgia about a subreddit, no offensive content.",0,0,0,0,0,0,0
gbtn0k1,"Ghar mai maa-baap, bachhe hai nahi lagta aapke.

Stop with this moronic wish.",librandu,1605013115,2020-11,"Insults the recipient by implying they lack family, but not based on identity.",0,1,0,0,0,0,0
gbtn7hf,It was okay the shows main thing is that they try to roast the cringy comedy videos made by some youtubers.,saimansays,1605013256,2020-11,"Comment on shows, no offensive content.",0,0,0,0,0,0,0
gbtnbbo,"Even if bjp manages to win next elections, momina n her jihadis could literally start a civil war",chodi,1605013332,2020-11,"Accuses a person and group of being jihadis and threatening civil war, targeting religious identity.",0,1,1,0,1,0,0
gbtnfsw,"Wait a second. Michelle Obama may be a lovely woman but the only reason she matters is that her husband was POTUS. Harris has fought and won the 2nd highest office of her country for herself. And she got there by forging her own identity. She was DA for one of America's largest cities, and a senator from their most populous state. And she did it while being a woman of color. 

She is definitely an inspiration for women and men everywhere. She passed ""problematic"" bills because she was involved in politics and law. There is zero evidence she did, what she did for personal gain or profit.",librandu,1605013424,2020-11,"Defends Kamala Harris, no offensive content.",0,0,0,0,0,0,0
gbtnftf,"Anti establishment and rebellious narrative is appealing to young people. 

Plus they live in safer surroundings where they don't see what's a common man going through.. 

Their social circle also thinks the same.. So they're in a bubble

Western press feels ""cool"" to consume.. And social media is dominated by jobless woke people Which is the prime source of propaganda",chodi,1605013424,2020-11,"Criticizes Western media and woke culture, no personal attack or hate speech.",0,0,0,0,0,0,0
gbtnl2l,"Why is this news? What actually matters is the result after all the MLA shopping is done , yet to be checked out. This is just boring.",librandu,1605013531,2020-11,"Expresses boredom with news, no offensive content.",0,0,0,0,0,0,0
gbtnm5j,"Delhi me bhi yahi drame kiye the. Kuch nhi ho skta inn logo ka. Agar EVM pe trust nhi to har jagah protest karo, ye selective outrage nahi chalega.",chodi,1605013553,2020-11,"Criticizes protests, no hate speech.",0,0,0,0,0,0,0
gbtnodw,"&gt;'X' can marry his sister's daughter.

What??

Who was this ??",bollyblindsngossip,1605013598,2020-11,"Quotes a controversial statement, no hate speech.",0,0,0,0,0,0,0
gbtnueo,Islam has serious problems. What we need is muslims to accept the fault lines and resolve it for their own good. I find it incredibly ridiculous that some muslims have declared war on france.,unitedstatesofindia,1605013718,2020-11,"Criticizes Islam and some Muslims, but not hate speech as it's a general critique.",0,0,0,0,0,0,0
gbto5rf,"Okay, let's see what all do i have.

&amp;nbsp;

[Quote Sauce](&lt;https://youtu.be/xHByBZq-Naw/?t=00h01m37s&gt; ""A rick-roll for sure"")
***
^^I ^^am ^^back ^^from ^^the ^^store ^^son. ^^I ^^reply ^^to ^^Bhendi, ^^Timothy ^^or ^^Saibot ^^^[Know&amp;nbsp;more](https://redd.it/fvkvw9)",saimansays,1605013945,2020-11,"Meta comment about replying, no offensive content.",0,0,0,0,0,0,0
gbtoil9,"Hey /u/choot-pakoda, thanks for contributing to /r/Chodi. Unfortunately, your post was removed as it violates our rules:

**Rule 3** - This is not a meta discussion sub, kindly post such at r/IndiaDiscussion or r/DesiMeta

Please read the sidebar before posting again. If you have questions or concerns, please [message the moderators through modmail](https://www.reddit.com/message/compose?to=/r/Chodi&amp;subject=&amp;message=). Thank you!",chodi,1605014196,2020-11,"Moderator message, no offensive content.",0,0,0,0,0,0,0
gbtoiu0,What are you talking about 'LiL Bhendi' is the hottest rapper in the game right now!,saimansays,1605014201,2020-11,"Sarcastic comment about a rapper, no offensive content.",0,0,0,0,0,0,0
gbtol1a,"These type of guys keep reminding us what the situation will become once they become a significant population. Kashmir is almost out of hands, Kerela and WB will be following suit if population keeps increasing.",chodi,1605014244,2020-11,"Warns about population growth of a religious group, implying threat, targeting religion.",0,0,1,0,1,0,0
gbtomg4,Bhagwan &gt;&gt;&gt;&gt; Allah bhrata jaan,librandu,1605014271,2020-11,"Comparative religious statement, no direct attack on individuals or groups.",0,0,0,0,0,0,0
gbtoq0v,Saiman ke paas bohot paisa hain jo har saiman shows main guitar phodta hain.Lets pray for guitar in next saiman shows.,saimansays,1605014340,2020-11,"Humorous comment about a YouTuber's wealth, no offensive content.",0,0,0,0,0,0,0
gbtp1y6,"Not Anu Malik but Anu Kapoor. I think she considered Anu Kapoor her guardian because she came through some reality show where he was the host. (She was a child then). She then married some music producer at a young age and divorced him soon after.

From what I remember - Anu Kapoor took her in because her own family wouldn't at that stage.",bollyblindsngossip,1605014570,2020-11,"Neutral discussion about a celebrity's background, no offensive content.",0,0,0,0,0,0,0
gbtpb2t,"Oh look ,now the north pays attention to the southern states. Come Floods, come disasters nobody gives a shit about it, even mainstream media doesn't focus on it. Now that something positive happens, Its all hey look at all the shit down there, why no noise about it?",indiadiscussion,1605014746,2020-11,"Criticism of media attention disparity, no profanity or personal attacks.",0,0,0,0,0,0,0
gbtpkoe,"Accha agar isolated nahi tha toh kya tha yeh bataiye please,

Also bhai yeh mat bhul jitne riots muslim extremists ne kiye kiye hai utne hi hindu extremists ne bhi kiye hai, aur kai riots mein dono ka hi violence bhadkane mein haath raha hai, also yeh dekh na ki pichle saat saalo mein yeh riots ki maatra badh nai gayi hai..........

Also bhai jara ek baar hindu population dekhle, hum abhi bhi kaafi maatra se majority mei hai, koi hindutva ki khatra nai hai, yeh bas vote bank ke liye ki hui sasti randi rajneeti hai, jo kai baar congress karti hai muslims ko dara ke, bas iss baar bjp kar ri hai with hindus.

Also har cheez ko propoganda se unlink kar ke dekhna shuru karo, kaafi saari cheezein saaf dikhti hai, chahe woh CAA NRC ho ya phir 370 ka Kashmir mein hona(jisko hatana was BJP's only good decision btw)",unitedstatesofindia,1605014928,2020-11,"Political commentary with profanity ('randi') used metaphorically, no personal target.",1,0,0,0,0,0,0
gbtpngx,"Needs more explanation. Upset about what? That he has to put up with the whole family’s shenanigans, demands and drama for the entire shooting? 🤦‍♀️",bollyblindsngossip,1605014979,2020-11,"Question about context, no offensive content.",0,0,0,0,0,0,0
gbtqchw,"The English speaking Indian youth tends to think others who don't speak it are below them because of generations of brainwashing. This needs to change. This fool is only a product of what he's taught at home and what he learns from his peers. Educate your kids, embrace your culture.",chodi,1605015436,2020-11,"General criticism of a social attitude, no specific target or identity attack.",0,0,0,0,0,0,0
gbtqiwq,"I like the gmail one. Gen z ho gaya hai mere dil aur sense of humour jaise. Boom, self burn, based.",unitedstatesofindia,1605015550,2020-11,"Self-deprecating humor, no offensive content.",0,0,0,0,0,0,0
gbtqoey,Mashallah Sharmaji xD,sham_sharma_show,1605015648,2020-11,"Lighthearted comment, no offensive content.",0,0,0,0,0,0,0
gbtr10p,What were the questions?,librandu,1605015868,2020-11,"Simple question, no offensive content.",0,0,0,0,0,0,0
gbtr2st,"*Islamist

There are many good Muslims all around the world",chodi,1605015899,2020-11,"Clarification distinguishing Islamists from Muslims, no offensive content.",0,0,0,0,0,0,0
gbtr53j,Protect me and Guide me allah o allah,chodi,1605015938,2020-11,"Religious invocation, no offensive content.",0,0,0,0,0,0,0
gbtr63k,"&gt;There are many good Muslims all around the world

The most liberal moslem i know said APJ ayya was a kaffir.",chodi,1605015955,2020-11,"Reported speech about a Muslim's comment, no endorsement or attack.",0,0,0,0,0,0,0
gbtr6gn,"""What are you doing step dad"" jaisa kuch scene toh nahi tha na bhai tera bachpan me",dankinindia,1605015961,2020-11,"Inappropriate joke referencing a meme, no clear target or identity attack.",0,0,0,0,0,0,0
gbtr6yx,"Bhai delete kar nahi to main ro padunga , darr lag raha bahut zyada",chodi,1605015970,2020-11,"Expressing fear, no offensive content.",0,0,0,0,0,0,0
gbtri14,Hindu rashtra banana hai bc inn sab cheezo mai matt padho,chodi,1605016161,2020-11,"Political slogan with profanity ('bc') used as filler, no personal target.",1,0,0,0,0,0,0
gbtrkdk,"It actually is, the remaining part of this temple. Nandi is facing the masjid, means the temple was where the masjid is.",chodi,1605016202,2020-11,"Historical claim about temple and mosque, no offensive content.",0,0,0,0,0,0,0
gbtrmoh,"Then I dont know who this ""liberal"" Muslim is. But there is no need to generalize the community throughout.",chodi,1605016242,2020-11,"Discussion about generalizing a community, no offensive content.",0,0,0,0,0,0,0
gbtrmzm,It is. From what I've seen,saimansays,1605016247,2020-11,"Vague agreement, no offensive content.",0,0,0,0,0,0,0
gbtrqku,"Hey /u/scribbbblr, thanks for contributing to /r/Chodi. Unfortunately, your post was removed as it violates our rules:

**Rule 9** - Repost is removed. Same or similar posts have already been posted recently. Check the frontpage and the new queue

Please read the sidebar before posting again. If you have questions or concerns, please [message the moderators through modmail](https://www.reddit.com/message/compose?to=/r/Chodi&amp;subject=&amp;message=). Thank you!",chodi,1605016309,2020-11,"Automated moderation message, no offensive content.",0,0,0,0,0,0,0
gbtso7s,Exactly. Rubbish kumar ka latka hua chehera dekhne ke liye tune in kiya maine bhi 😜,chodi,1605016879,2020-11,"Lighthearted comment about a person's appearance, no profanity or hate.",0,0,0,0,0,0,0
gbtspru,"Hey /u/AbhijitGhosh1978, thanks for contributing to /r/Chodi. Unfortunately, your post was removed as it violates our rules:

**Rule 8** - This is not the appropriate sub to discuss this topic. Post it in relevant subs

Please read the sidebar before posting again. If you have questions or concerns, please [message the moderators through modmail](https://www.reddit.com/message/compose?to=/r/Chodi&amp;subject=&amp;message=). Thank you!",chodi,1605016904,2020-11,"Automated moderation message, no offensive content.",0,0,0,0,0,0,0
gbtt0o8,What happens in discord stays in discord 😚😚,unitedstatesofindia,1605017085,2020-11,"Casual comment about Discord, no offensive content.",0,0,0,0,0,0,0
gbtt27m,Hindus have voted on cast and jobs Muslims on religion. These things will never change. Only if Hindus had smartness enough to understand how there divide has caused their counterparts in Pakistan Banglqdesh to suffer. I think Islam shouldn't be blamed if more radicals are born 😒,chodi,1605017110,2020-11,"Generalizing about Hindus and Muslims, but not directly attacking a group; expresses opinion.",0,0,0,0,0,0,0
gbtt6d6,"If you don't agree with what a journalist has to say ... Don't watch them

Move on and find another source

No need for any government to imprison any journalist",unitedstatesofindia,1605017179,2020-11,"Opinion on journalism, no offensive content.",0,0,0,0,0,0,0
gbttdmr,"Ye repost hai isliye
 edit: nahi hai main chomi hu",saimansays,1605017301,2020-11,"Self-deprecating comment about repost, no offensive content.",0,0,0,0,0,0,0
gbttesh,"I think i'll pass XD  
But yeah i've seen some. Insanity is what it is",librandu,1605017320,2020-11,"Casual comment, no offensive content.",0,0,0,0,0,0,0
genxsmi,"Yahaan (2005)
A young Kashmiri girl and the armyman she's in love with are torn apart when her brother is suspected to be a terrorist.",bollyblindsngossip,1607137595,2020-12,"Description of a movie plot, no offensive content.",0,0,0,0,0,0,0
genxumc,"Maybe we appreciate him more because he's blind and cannot speak properly and cannot make perfect hand movement yet he's trying to do something.
What u say?",chodi,1607137630,2020-12,"Asking opinion about a person's abilities, no offensive content.",0,0,0,0,0,0,0
geny75p,"Satshriakal ji, mai ek bruh moment report karna chavanga.",saimansays,1607137852,2020-12,"Humorous comment, no offensive content.",0,0,0,0,0,0,0
genyd1t,"so being an Indian is not a plausible standard? Why not? It does matter what her legal citizenship status is.

And how do you know about what religion she follows while being there in America? That article sure didn't tell me anything about that. 

She's not an NRI, she's an American citizen. That's just a brainless arguement.

Global Indian diaspora my a**. you think she gives a damn about Hinduism or India?",chodi,1607137958,2020-12,"Criticism of an argument, uses mild profanity 'a**' but not directed at a person; no hate.",1,0,0,0,0,0,0
genyhgk,Whatever Sara and Kartik were - this is exactly same 🙄,bollyblindsngossip,1607138038,2020-12,"Comparison of celebrities, no offensive content.",0,0,0,0,0,0,0
genyl1k,"Chutiye you are typing Punjabi in hindi. It's not even fucking Roman punjabi. And the grammar is wrong. If you want to talk to me in punjabi type in Punjabi.

Jaali punjabi saaleya. E aa todi bilkis daadi, sponsored by bhakti.",chodi,1607138102,2020-12,"Personal attack with profanity and insults, but no identity-based hate.",1,1,0,0,0,0,0
genzj3s,Wojacks are cool. What are you talking about?? 😒😒,librandu,1607138714,2020-12,"Casual comment, no offensive content.",0,0,0,0,0,0,0
genzmfa,Lawyer for BJP? What he does?,chodi,1607138774,2020-12,"Question about a person's role, no offensive content.",0,0,0,0,0,0,0
genzrh9,"Is there a common narrative of AIT? Who are the first peoples of India? What is the debate of AIT vs OIT specifically about? 

Before getting into all the technical details let's try to settle on common fundamentals. 
Is there a resource that gives a good overview?

Understand that if AIT is true it will lead to the 'Breaking India', so the highest level scrutiny must be given to this topic.",chodi,1607138864,2020-12,"Discussion of historical theory, no offensive content.",0,0,0,0,0,0,0
genzrmj,"It looks like OP posted an AMP link. These should load faster, but Google's AMP is controversial because of [concerns over privacy and the Open Web](https://www.reddit.com/r/AmputatorBot/comments/ehrq3z/why_did_i_build_amputatorbot).

You might want to visit **the canonical page** instead: **[http://www.opindia.com/2020/12/yuvraj-singh-father-yograj-farmer-protest-justify-indira-thok-di-comment/](http://www.opindia.com/2020/12/yuvraj-singh-father-yograj-farmer-protest-justify-indira-thok-di-comment/)**

*****

 ^(I'm a bot | )[^(Why &amp; About)](https://www.reddit.com/r/AmputatorBot/comments/ehrq3z/why_did_i_build_amputatorbot)^( | )[^(Summon me with u/AmputatorBot)](https://www.reddit.com/r/AmputatorBot/comments/cchly3/you_can_now_summon_amputatorbot/)",chodi,1607138866,2020-12,"Bot message about AMP links, no offensive content.",0,0,0,0,0,0,0
genzz38,"Teri lippi mainu tere ton better aundi aa, chawl.

You're the intellectually challenged one, jackass, I know more about you than you know about me.

And physically? You said it yourself ""pahari aa"". Meaning someone who trekked up a fucking hill to go to school, unlike you.

Tera jabra dikh reha hai, kanjra. Now bow down and worship. Chamatakar dekhna aa? Come to Vashisht. Jeh hassee nee ayee ahn gand sil le. Assee patthar ton paani kadna.

Wank to your dreams of supremacy over paharis now. Tussi chutiyas are creating enemies instead of friends. 

Bitch. For those who don't know the language, this guy attempted to tell me i'm inferior on the basis of my birth. Classic bhakt, saala modi makes your better than me apparently. Tabhi.. Bitch.",chodi,1607139000,2020-12,"Personal attack with profanity and insults, includes caste slurs 'kanjra' and 'chamar' directed at a person, but not clearly targeting a group; also uses 'bhakt' as political insult.",1,1,1,1,0,0,0
geo04j7,"
&gt;hindus would start protesting more than muslims.

[.](https://youtu.be/k-oP3KFe4ko)",chodi,1607139097,2020-12,"Quoting a statement about Hindus and Muslims, but not endorsing; no offensive content.",0,0,0,0,0,0,0
geo0eeo,Bhrata(Brother) this is Kali yug. There is Kali(Not to confuse with Goddess Kaali)(evil) every where. You see what the media shows you. I dare you to browse Chodi regularly and face the facts. These love facts only work in movies. Try hugging an Isis person. He will hig you to death. Literally. Be brave bhrata. Face the truth.,chodi,1607139272,2020-12,"Encourages browsing a subreddit, uses metaphor 'hug you to death' but not directed at a person; no profanity or hate.",0,0,0,0,0,0,0
geo13gm,ɴᴏᴡ ᴘʟᴀʏɪɴɢ: [Quick Gun Murugun - Mind It(Tamil Bhangra) New Full Song Lyric Video feat Mika Singh](https://youtube.com/watch?v=ucyyk-8a008),unitedstatesofindia,1607139719,2020-12,"Song title and description, no offensive content.",0,0,0,0,0,0,0
geo1b0g,"Third, what business is it of Pakistanis who we elect?",unitedstatesofindia,1607139854,2020-12,"Question about Pakistanis' business in Indian elections, no attack.",0,0,0,0,0,0,0
geo2a0y,I know not everyone does that. But that is what suicide baiting is. It targets *potentially suicidal* people. Would you like to take that chance with someone's life?,saimansays,1607140484,2020-12,"Discussion about suicide baiting, no attack.",0,0,0,0,0,0,0
geo2jb3,"Holup, you mean to say that till now Muslims can marry two women in India without any legal problems ?
Damm...that's quite mind-blowing that this was allowed for so long...",unitedstatesofindia,1607140650,2020-12,"Comment on Muslim polygamy law, no attack.",0,0,0,0,0,0,0
geo2rrf,"Indians living in other countries should be citizens of those countries. Just as we demand that Indian Muslims and Christians should have loyalty to India. But they also have sympathy for India and will help in any way they can. 

When you make categorical arguments like ""She won't,"" based on zero information you dont make a convincing argument.",chodi,1607140801,2020-12,"Discussion on loyalty of Indian Muslims, no attack.",0,0,0,0,0,0,0
geo2vkp,"&gt;What a marvelous foreign policy towards the sole superpower.

What does China care if Modi supported Trump.",unitedstatesofindia,1607140870,2020-12,"Criticism of foreign policy, no attack.",0,0,0,0,0,0,0
geo2xy8,"Bhai main ek baar gaya, aisa borr hua. Kasam kha li ki ab nahi jaaunga standup comedy dekhne. 

Kavi sammelan sabse sahi hote hain",chodi,1607140912,2020-12,"Personal opinion on standup comedy, no attack.",0,0,0,0,0,0,0
geo2zre,Baith maulana baith,saimansays,1607140945,2020-12,"Dismissive phrase to a maulana, no profanity or hate.",0,0,0,0,0,0,0
geo358c,"Sure you asked why and I explained it.

It doesn't matter what way he said it in. The comment literally tells suicidal people to kill themselves. That is a trigger. Suicidal people don't have the mental stability to sit and think in what way it was said. Have some compassion.",saimansays,1607141044,2020-12,"Discussion on suicide baiting, no attack.",0,0,0,0,0,0,0
geo3btj,Just like khalistanis demanding Khalistan from their taxi in Canada.,chodi,1607141164,2020-12,"Comparison to Khalistanis, no attack.",0,0,0,0,0,0,0
geo3enj,"Yeah I know

I didn't say I completely agree with that dude :/

But he has a point, who is dumb enough to kill themselves for a celeb they will never meet in their life

But yeah telling them to kill themselves is not ok, I don't think that's what the dude meant",saimansays,1607141218,2020-12,"Discussion on suicide baiting, no attack.",0,0,0,0,0,0,0
geo3ix8,"Libs support  swara,Varun Dhawan,raftaar all with an IQ below freezing point of helium yes kangana is a khula saand but she has really grabbed both bollywood and mh gov by its balls and is dragging them by it",chodi,1607141295,2020-12,"Political commentary with insults, no profanity.",0,1,0,0,0,0,0
geo3j4r,"""If you want to kill yourself over a celebrity you never met do it already. The world doesn't need dumb idiots ""

What fucking way does he mean then?",saimansays,1607141299,2020-12,"Quoting a comment with profanity, discussing it.",1,0,0,0,0,0,0
geo3uw2,Sorry. What do you mean by favourable demographics?,chodi,1607141515,2020-12,"Asking for clarification, no attack.",0,0,0,0,0,0,0
geo3vio,"Even Rigveda (10 मंडल, 129 सर्ग &amp; 7 मंत्र) have stated that may be God did not create the universe. May be God doesn't know how it was created. Rigveda have somewhat space for Agnosticism.",chodi,1607141527,2020-12,"Religious discussion, no attack.",0,0,0,0,0,0,0
geo3wrs,"What makes you think that he says ""suicide karle tu agar aisi harkate kar rha hai""

He is just pointing out that the people who do this are dumb

Ask the guy who commented that",saimansays,1607141550,2020-12,"Discussion on suicide baiting, no attack.",0,0,0,0,0,0,0
geo3xsj,"What are you doing, step bhoi?",bollyblindsngossip,1607141568,2020-12,"Meme reference, no attack.",0,0,0,0,0,0,0
geo40uy,What is pogchamp?,saimansays,1607141626,2020-12,"Asking about a term, no attack.",0,0,0,0,0,0,0
geo44zc,"Obviously not. You are secular we are hindutvavadi. 

I don't apologize or whatabout for my ideals like you pussies who shit themselves in front of Muslims.

Can't even answer the question on its merits.",unitedstatesofindia,1607141704,2020-12,"Political insult with profanity, no identity attack.",1,1,0,0,0,0,0
geo4bp6,"&gt;The example you mentioned is basically a prediction.

If I give you past examples, like Shivkumar getting raided right as BJP buys karnataka MLAs, you'll again claim "" Both instances can happen at the same time.""  So I'm telling you what is going to happen, not based on astrology, but based on the knowledge of the past actions and the brand of politics of the fascists in power. You don't need to agree with it right now, but do eat your words when my prediction comes true.",unitedstatesofindia,1607141827,2020-12,"Political commentary, no attack.",0,0,0,0,0,0,0
geo4fbn,What are you even saying.,bollyblindsngossip,1607141894,2020-12,"Neutral question, no profanity or target.",0,0,0,0,0,0,0
geo4fqa,"Well, when she makes the statement that without Sikhs there is no India or that Sikhs were the ones who defended North India, it's almost as if she's either willingly presenting an incomplete picture of history, or she's actually ""specially abled"" if you know what I mean.

Because if you look at any period of history 250 years or so ago, the idea of a militarized Sikh community did not exist.",chodi,1607141901,2020-12,"Criticism of a public figure's historical claims, uses 'specially abled' sarcastically but not directed at a specific person, no identity-based hate.",0,0,0,0,0,0,0
geo4k7i,"You and I may understand that he doesn't mean it in that way, but suicidal people are very volatile and this stuff is triggering to them. How many times do I have to say this?

A lot of people do it, man. It is a reason that doesn't necessarily translate into reality, but they need proper counseling and support to understand that.

You don't know what way he means it in.",saimansays,1607141985,2020-12,"Discussion about suicide and counseling, no profanity or target.",0,0,0,0,0,0,0
geo4m6i,I'm really interested in knowing what movie did this automod see?,librandu,1607142021,2020-12,"Neutral question about automod, no profanity or target.",0,0,0,0,0,0,0
geo4qdg,"&gt; The new laws don't deal with parental coercion because parental coercion is a seperate issue. Doesn't make it any less severe, but it is not the same issue.

Tell me, do you think there are more muslim boyfriend coercing women than parents coercing women? Even if you want to separate these related issues, shouldn't your priorities be based on the number of victims?",unitedstatesofindia,1607142099,2020-12,"Discussion about parental coercion and Muslim boyfriends, no profanity, no direct attack on a group, just a question.",0,0,0,0,0,0,0
geo4t58,Yahan aja veere car h or WiFi bhi.,unitedstatesofindia,1607142152,2020-12,"Invitation in Punjabi, no profanity or target.",0,0,0,0,0,0,0
geo4tth,Ispe to mujhe usi ne gyaan de diya kal. Bahut achese samajh gaya hu main ye.,chodi,1607142165,2020-12,"Personal statement about learning, no profanity or target.",0,0,0,0,0,0,0
geo4v0x,What Singapore does,librandu,1607142187,2020-12,"Incomplete phrase, no profanity or target.",0,0,0,0,0,0,0
geo54q6,Toxic fans also took it seriously. The issue was about to solve but both side haters worked and then you know what happened,saimansays,1607142366,2020-12,"Discussion about toxic fans, no profanity or target.",0,0,0,0,0,0,0
geo55an,Whatchu gonna do brother,chodi,1607142376,2020-12,"Casual question, no profanity or target.",0,0,0,0,0,0,0
geo56t9,Sambit patra and maulana showdown.,saimansays,1607142405,2020-12,"Mention of public figures, no profanity or attack.",0,0,0,0,0,0,0
geo59c7,"Yeah now i remember
Baith maulana baith",saimansays,1607142453,2020-12,"Sarcastic remark about a public figure, no profanity, no personal attack.",0,0,0,0,0,0,0
geo5a4m,"Anyway, what do people here think about what's going on with UP right now? Do you think this bald bigot would be back in power next election or we actually have some miraculous hope?",librandu,1607142468,2020-12,"Political criticism of a politician, no profanity, no personal attack beyond professional.",0,0,0,0,0,0,0
geo5et8,"I never joked about admiring Nazis. I thought it was funny that an Indian had a Nazi in his profile picture. What's wrong with you? By the way, I'll make whatever jokes I want, thank you very much. You're no one to dictate what jokes people can or can't make. 

As far as Hitler is concerned, I would say he was no more and no less a monster than the other monsters of his age. Stalin, Mao and Mussolini, ideologically charged tyrants who couldn't care less about their people. Montgomery and Churchill - known racists who were repulsed by Indians.

The idea that people get instinctively repulsed when they hear the name of Moustache Man, but for some reason don't condemn or even mention the names of monsters such as Genghis Khan, Stalin, Mao and others in the same breadth is strange to me.

You seem to be extremely touchy about the subject as well. The guy is dead. It's been a good 70 years since he's been dead. If you think that people can't joke about him yet, then you need some help.",chodi,1607142554,2020-12,"Defensive comment about jokes and historical figures, no profanity, no direct attack on a specific person.",0,0,0,0,0,0,0
geo5kjb,"Chapter 1 - do what Ambani papa or Adani chacha tells you 

Chapter 2 - have brainless bhakts who will agree with everything you do

Chapter 3 - Pakode

Chapter 4 - pakodewale",librandu,1607142660,2020-12,"Political satire using terms like 'bhakts' and 'pakodewale', no profanity, no direct attack on a specific person, political criticism.",0,0,0,0,0,0,0
geo5nsn,"But it can buy others that can save your time. Maid, cook, etc",bollyblindsngossip,1607142722,2020-12,"Neutral comment about buying services, no profanity or target.",0,0,0,0,0,0,0
geo5oft,"Hi but it can buy others that can save your time. maid, coo, etc, I'm dad.",bollyblindsngossip,1607142735,2020-12,"Joke about dad, no profanity or target.",0,0,0,0,0,0,0
geo5urt,koi yaha beginner level ka chess player hai?,unitedstatesofindia,1607142852,2020-12,"Question about chess players, no profanity or target.",0,0,0,0,0,0,0
geo5usw,"Not a ""true"" muslim",chodi,1607142853,2020-12,"Comment on religious authenticity, no profanity, no direct attack on a group.",0,0,0,0,0,0,0
geo5v7d,Add fake Islamic ones just for land grabs . Sufi shrines majars Dargah. Congress has been fooling Hindus to leave their faith . Nicely removed bhakti culture. Problem is they shift their narrative from proud hindus to dhimmis. Owaisi party doesn't wish Diwali . While dumb Hindus wish eid. Salafist are pandered alot,chodi,1607142860,2020-12,"Criticism of religious practices and political parties, no profanity, no direct attack on a specific person, but contains communal undertones. However, it is political commentary, not hate speech.",0,0,0,0,0,0,0
geo66e2,Brahmin hate is just a mask to hide their Hindu hate.,indiadiscussion,1607143066,2020-12,"Criticism of Brahmin community framed as Hindu hate, no explicit slur or personal attack.",0,0,0,0,0,0,0
geo66ia,"If I pay ₹400-₹500 per show i will no matter what, can't go home and think about how I wasted my time and money.",chodi,1607143068,2020-12,"Personal opinion about spending money on a show, no profanity or abuse.",0,0,0,0,0,0,0
geo66yt,"117 crores for one film  😳😳  
Adjusting for difference in economy, this salary is on par with what big Hollywood actors get.   
And we wonder why we don't get quality movies from Bollywood.",bollyblindsngossip,1607143076,2020-12,"Commentary on Bollywood salaries and movie quality, no personal attack or hate.",0,0,0,0,0,0,0
geo6c5q,"A RISING TIDE RAISES ALL BOATS, BUT YOU NEED A BOAT TO RISE WITH THE TIDE. WHAT DOES HE WHO DOES NOT HAVE A BOAT DO?",chodi,1607143174,2020-12,"Metaphorical statement about inequality, no target or hate.",0,0,0,0,0,0,0
geo6dso,Can't be muslims can easily shift to religious blackmailing if it's done. Hence modi has keep minority commission. Secular churan is only uptill Hindus are majority the. Convert to Islamic state with hindus dhimmi.  Planned discrimination start. They are trying to impose Islam over federal laws issue is police is very weak. Muslims just care about religion most of them than involving in daily affairs. Socialist policies are big problem. This minoritoes card is fucked up to make Hindu fools and convert anyhow. Since our Dharma is targetted without telling how bad is islam and Islamic laws and society to a Hindu who accepts pluralism and treats women as equals or with respect. The cinema in bollywood is islamisation of Hindus. The cinema of bhojpuri is filthy . It's only down south telegu state some are still proud hindus.  Rest are monkey balancers. The rpopoganda against Dharma assta is too high. Muslims are pandered for votes via social schemes and religious ones as usual.,chodi,1607143204,2020-12,"Long rant against Muslims, using stereotypes and conspiracy theories, dehumanizing language.",1,1,1,0,1,0,0
geo6m0m,Sardar Khan's voice : Joke kaha hai? Gaaaand mai daal diye ho kya joke saala sab?,chodi,1607143358,2020-12,"Profanity used in a rhetorical question, not directed at a specific person.",1,0,0,0,0,0,0
geo6qyb,Read Zafarnama of Gobind Singh as mentioned.,chodi,1607143452,2020-12,"Reference to a religious text, no hate or abuse.",0,0,0,0,0,0,0
geo6r53,"You seem to be under the mistaken impression that I would be opposed to legislation that makes parental coercion punishable by law.

Second, you're engaging in the fallacy that the government can only do one thing at one time and that just because one measure was not enacted this means that no measures can/should be enacted.

Which, in other words, is whataboutism.",unitedstatesofindia,1607143455,2020-12,"Political debate about legislation, no personal attack or hate.",0,0,0,0,0,0,0
geo6uw5,"that's a biased assumption that they'll all help you and that they'll all have sympathy. you're basing your own assumption on zero information and asking us for information against it. who told you they support you in the first place? 

why should they be citizens of those countries? and what is the relation between the first two statements of your?",chodi,1607143525,2020-12,"Questioning assumptions in a debate, no hate or abuse.",0,0,0,0,0,0,0
geo6vfa,"Dalits are poorer than muslims but their fertility rate is lower. You leftists refuse to see there is a religious reason to this also and keep on whitewashing things. I don't support brahmins in hindu society as an atheist, why do you all keep supporting madrassas.",indiadiscussion,1607143535,2020-12,"Discussion of demographics and religion, with criticism of leftists and support for madrassas, but no direct hate speech.",0,0,0,0,0,0,0
geo6wa9,Mai humesha se sochta thaa koi isko bithao yaar. 🙏,saimansays,1607143552,2020-12,"Expression of a wish, no profanity or abuse.",0,0,0,0,0,0,0
geo6x3a,I don't know whether he said it or not but it's true. Killing somebody makes a martyr out of them. Trial through law and then punishing is the answer. Warna Kashmir ke algaavwadi kabke khuda ko pyaare ho gaye hote.,chodi,1607143568,2020-12,"Political commentary on Kashmir, no hate speech.",0,0,0,0,0,0,0
geo7b03,"shouting outloud doesn't make a lie truth.

the fact is, Maa Bharati will always be more virat than a Khalistani Maa.

ALexa Play Vande Mataram, the OG one.",chodi,1607143836,2020-12,"Patriotic statement against Khalistan, no hate speech.",0,0,0,0,0,0,0
geo7fd0,"Marathas don't overuse Chatrapati Shivaji, ànd even if they use there is big reason , not just marathas if you ask muslims of Maharashtra in any town or village you will understand why everyone in Maharashtra use Chatrapati Shivaji .",librandu,1607143918,2020-12,"Discussion about Maratha pride and Shivaji, no hate speech.",0,0,0,0,0,0,0
geo7g4e,Fuck Khalistanis ! These people killed Hindu khatris in 80s,chodi,1607143932,2020-12,"Profanity directed at Khalistanis, a group, with historical reference.",1,1,1,0,0,1,0
geo7igg,This is unfair. Even Hindu men should have the same rights over Muslim women.,chodi,1607143977,2020-12,"Statement about legal rights, no hate speech.",0,0,0,0,0,0,0
geo7k38,Sanghinomics.,librandu,1607144008,2020-12,"Political term, no hate speech.",0,0,0,0,0,0,0
geo7lhr,"ek second yeh hansraj meena ko koi bato  ki agar EVM hack kiya hua hoga toh kitni hi baar recounting kr lo resukt mein frk nhi hoga.
Re-election hota h woh bhaijan

twitter is great at silencing the right wing.
Maine ek pakistan ko porki jihadist bola toh account restrict kr diya aur twitter yeh indian right nhi hr jagah RW ko silent krta h",chodi,1607144034,2020-12,Political commentary with profanity and a slur against Pakistanis.,1,0,1,0,0,1,0
geo7mgo,Mai thara baap ha,saimansays,1607144050,2020-12,"Crude statement claiming to be someone's father, no profanity or hate.",0,0,0,0,0,0,0
geo7pha,Always knew they were Jihadi terrorist.,librandu,1607144109,2020-12,"Accusation of terrorism against a group, no explicit hate speech.",0,0,0,0,0,0,0
geo7q84,What's up?,unitedstatesofindia,1607144124,2020-12,"Casual greeting, no profanity or abuse.",0,0,0,0,0,0,0
geo7rqo,Must read- hindu temples: what happened to them- Sita Ram Goel,chodi,1607144152,2020-12,"Reference to a book title, no abuse or hate.",0,0,0,0,0,0,0
geo7sbn,Actually thats kind of Khalsa thing. There are Sikhs without Kesh too.,chodi,1607144164,2020-12,"Discussion about Sikh practices, no abuse.",0,0,0,0,0,0,0
geo7ue5,KJO might have called paps to create a buzz around his movie. We read and discuss what they want us to read and discuss most of the time.,bollyblindsngossip,1607144204,2020-12,"Speculation about media manipulation, no abuse.",0,0,0,0,0,0,0
geo7wno,"They are one of the reason behind Khalistani movement. And the sikh brought it to themselves:

""The Singh Sabha ideologues employed Protestant categories of Christian missionaries to redefine Sikh concepts. As such, modern Sikhism became a well-defined ‘system’ based on a unified tradition and the Tat Khalsa understanding of Sikh identity became the norm of orthodoxy.""",chodi,1607144248,2020-12,"Historical discussion about Sikh movement, no abuse.",0,0,0,0,0,0,0
geo7xzg,"I have met some muslims who follow hinduism privately. They aren't open about it due to family and society pressure. One muslim friend of mine is ardent devotee of Mahadev. Another one is in love with Shri Krishna. So, as per Quran they aren't muslims. They are kaffirs.",chodi,1607144274,2020-12,"Observation about individuals, uses term 'kaffirs' but not as direct hate.",0,0,0,0,0,0,0
geo7ypj,"the interesting thing is to see what UV will do about this cancer.

i say we should run another campaign, ""UV can"", to how support to the cricketer.",chodi,1607144288,2020-12,"Metaphorical 'cancer' for issue, no abuse.",0,0,0,0,0,0,0
geo88w8,"lul ""ishadallah hinduo ka namu nishan mit jaega duniya se"" typical inbred ret@rd from pakistan.",chodi,1607144488,2020-12,"Quotes hateful phrase, uses slur 'inbred ret@rd' targeting Pakistani, profanity present.",1,1,1,0,1,1,0
geo89ep,Khalistanis arguing about how Khalistan is the best nation on the planet from their house in Canada,chodi,1607144500,2020-12,"Mocking Khalistanis, no profanity or hate.",0,0,0,0,0,0,0
geo8dql,Liberal propoganda hides the danger how punjab controls Mandi and loots the poor ones from other states. Constructive criticism isn't been added. One side he says he doesn't say how Khalistani elements aren't being kicked by farmers. The genuine demands are in rounds. Most are the ones who don't want free market to happen. No solutions to be provided. Fuck modi he needs to become chinese communist leader . Indians will continue to live in socialism mess.,chodi,1607144585,2020-12,"Political criticism with profanity 'Fuck modi', no personal abuse.",1,0,0,0,0,0,0
e8w0jqp,"Mostly all in the Bakchodi are Anti-Tatti . If you have gone through FMF's post you will know that he is active on Reddit and maybe one of the bakchods.Thia feud is going out of hands , let's see what happens.",bakchodi,1541124519,2018-11,"Discussion about subreddit, no abuse.",0,0,0,0,0,0,0
e8w3bvl,"what is this shit?

&amp;#x200B;

# tuq",bakchodi,1541126962,2018-11,"Exclamation with profanity 'shit', no target.",1,0,0,0,0,0,0
e8w3h20,"LOL, what a unity in the land of statue of unity.",bakchodi,1541127097,2018-11,"Sarcastic comment, no abuse.",0,0,0,0,0,0,0
e8w3urf,"&gt;Sankranti- never heard of anyone asking to ban kite flying yet

Dude .. Birds get hurt.

&gt;Holy

It should be Holi. And it's not a festival of colours. That's what Ranga Panchami is for. North fucked this festival.",bakchodi,1541127447,2018-11,"Criticism of festival practices, no abuse.",0,0,0,0,0,0,0
e8w3zuv,"Kyun jaate hom yahan?

Mainne toh yeh account close kar dunga.",bakchodi,1541127582,2018-11,"Question about leaving, no abuse.",0,0,0,0,0,0,0
e8w5nex,"I loved this comment:

&gt;PSA: The statue of Vallabhbhai Patel was built because the idiot Prime Minister of India - Narinder Modhi - spent a whopping $430m to build it. 

What are the odds this guy isn't Indian?",bakchodi,1541129199,2018-11,"Quotes insulting comment, but not endorsing, no direct abuse.",0,0,0,0,0,0,0
e8w6800,[savage](https://www.washingtonpost.com/news/worldviews/wp/2015/09/03/what-did-mahatma-gandhi-think-of-black-people/?noredirect=on&amp;utm_term=.7662634aa4f9),bakchodi,1541129792,2018-11,"Single word, no abuse.",0,0,0,0,0,0,0
e8w6vda,Chutiye whatsapp forwards upvote hone lage yaha ab,bakchodi,1541130494,2018-11,"Profanity 'Chutiye' directed at unspecified people, no identity.",1,1,0,0,0,0,0
e8w7iqd,"
&gt;we need to start taking things into our own hands.

Sab log r/prayagraj phone pe kholo aur screen pe muth maarke yaha post karo.",bakchodi,1541131226,2018-11,"Vulgar suggestion with 'muth', no target.",1,0,0,0,0,0,0
htqv89h,"Par kai gendu log subah uthte hai , unhika zikr video mai hai",dankinindia,1642861784,2022-01,"Insult 'gendu' directed at people, no identity.",1,1,0,0,0,0,0
htqv8fb,"Tbh it's the era of plain janes, I know I'm gonna get bashed so bad, but fr the girls in the industry and these pageants ain't no match to the beauties of 90s, Aishwarya, Madhuri, Sushmita, Karishma, Raveena and many more. I don't know what it is but they don't have any striking feature or charm these days. And please don't come at me, it's just my personal opinion. No hate.",bollyblindsngossip,1642861786,2022-01,"Opinion on beauty standards, no profanity or targeted abuse.",0,0,0,0,0,0,0
htqvani,That’s cause Netflix started out as a monopoly more or less. They were able to have high prices. But now that there’s stiff competition running up they’re struggling because their system isn’t built to tackle competition. So they’ve decided to run with this “throw everything to a wall and see what sticks” approach.,bollyblindsngossip,1642861817,2022-01,"Business analysis of Netflix, no profanity or abuse.",0,0,0,0,0,0,0
htqvaob,Nice.Actually mai corner me max-matrix wala ye thumbnail dekhke smjha. Unko reddit pe bhi ek meme/discussion page banane bolo na ?,chodi,1642861817,2022-01,"Casual comment about a thumbnail, no profanity or abuse.",0,0,0,0,0,0,0
htqvcku,"
Hi! I am trying to do something about this subreddit and I need your support.

---

If you think this post is dank, **UPVOTE** this comment!


If you think this post isn't dank, **DOWNVOTE** this comment!

#[DownloadVideo Link](https://www.reddit.watch/r/IndianDankMemes/comments/sa3ojp/?utm_source=automod&amp;utm_medium=IndianDankMemes)

#[SaveVideo Link](https://redditsave.com/info?url=/r/IndianDankMemes/comments/sa3ojp/)


---

While you're here, /u/WhatUpItsAwesome, Consider joining our [official discord server](https://discord.gg/xfJep6Fm6s)",indiandankmemes,1642861843,2022-01,"Promotional comment, no profanity or abuse.",0,0,0,0,0,0,0
htqvi0h,Abey bsdk wapis Facebook main ja,indiandankmemes,1642861916,2022-01,"Hinglish profanity directed at a person, personal insult.",1,1,0,0,0,0,0
htqvkp8,"100 year old, what rule is stopping mathura again?",indiandankmemes,1642861952,2022-01,"Question about a rule, no profanity or abuse.",0,0,0,0,0,0,0
htqvr3j,"
There are more temples than mosques so obviously more temples are destroyed 

Stfu with your Strawhat argument 
Also you didn’t provide any source",indiandankmemes,1642862036,2022-01,"Argument about temples and mosques, uses profanity 'Stfu' but no personal target.",1,0,0,0,0,0,0
htqvszm,"Your submission has been removed due to low karma or being new to Reddit. To start posting, **comment on other posts** &amp; get internet points on them. Also, please have a look at our **RULES** and make sure your post fits **Guidelines**.

If you believe you made a **High effort/Quality post** or need earlier access, please reach us on modmail on the link provided below. Thanks for participating on r/SaimanSays, u/Impossible-Bottle-10. Regards.


*I am a bot, and this action was performed automatically. Please [contact the moderators of this subreddit](/message/compose/?to=/r/SaimanSays) if you have any questions or concerns.*",saimansays,1642862059,2022-01,"Automated moderation message, no profanity or abuse.",0,0,0,0,0,0,0
htqvurq,"Oh man, what in the name of all things holy (except her holiness Janhvi Kapoor) is this? Right from the hairline, to the hand to the lips, cheeks and skin - not one thing authentic about it. Lay off the photoshop, guys.",bollyblindsngossip,1642862082,2022-01,"Criticism of a celebrity's appearance, no profanity or identity-based hate.",0,1,0,0,0,0,0
htqvvzx,what if he meant 3.14 bitcoin...,indiandankmemes,1642862098,2022-01,"Joke about bitcoin, no profanity or abuse.",0,0,0,0,0,0,0
htqvymm,"Honestly, if the movie is compelling, the story is good, the acting feels real, I don't care what demography or economic starta the film is showing. Especially during the pandemic I think everyone needs an escape. The hard hitting reality of the unequal world is evident enough everyday in the daily news. People are dying all around. If the movie entertains and tells a story well, I'm not gonna pass judgement if shows infidelity or rich people.",bollyblindsngossip,1642862133,2022-01,"Discussion about movies, no profanity or abuse.",0,0,0,0,0,0,0
htqvyoe,That girl exactly knows what audience want,indiandankmemes,1642862133,2022-01,"Comment on a girl's awareness, no profanity or abuse.",0,0,0,0,0,0,0
htqw0yk,"I'm guessing that for whatever reasons he's heading the largest national party after the bjp. 

It's OK bro winning and losing in Indian politics isn't even a real factor.",unitedstatesofindia,1642862164,2022-01,"Political commentary, no profanity or abuse.",0,0,0,0,0,0,0
htqw2u9,Teri 10 din mai hai meri to parso hai yet here i am,indiandankmemes,1642862188,2022-01,"Casual comment about exams, no profanity or abuse.",0,0,0,0,0,0,0
htqwkb1,"There are perhaps hundreds of leftist factions, unions organisations in various towns, cities and universities across India. 

What's stopping you from joining them?",librandu,1642862416,2022-01,"Political suggestion, no profanity or abuse.",0,0,0,0,0,0,0
htqwqba,Are justice chandrachud aap yaha,indiandankmemes,1642862494,2022-01,"Addressing a judge, no profanity or abuse.",0,0,0,0,0,0,0
htqwqfj,Aare koi naa pura north east India hai momos wale mai se koi bui miljaye ga,indiandankmemes,1642862496,2022-01,"Comment about North East India, no profanity or abuse.",0,0,0,0,0,0,0
htqwvzd,Umar choti hai 11 mai kya lia tha,dankinindia,1642862567,2022-01,"Question about age, no profanity or abuse.",0,0,0,0,0,0,0
htqwx6b,"I hate all religions equally 
Islam more actually",indiandankmemes,1642862583,2022-01,"Expresses hatred towards religions, specifically Islam, but no direct target or profanity.",0,0,1,0,1,0,0
htqx1iv,What now?! That’s absolutely photoshopped (and badly!),bollyblindsngossip,1642862637,2022-01,"Accusation of photoshopping, no profanity or abuse.",0,0,0,0,0,0,0
htqx268,Konsa gana tha iss mai vro batana,indiandankmemes,1642862646,2022-01,"Asking which song, no offensive content.",0,0,0,0,0,0,0
htqx313, Just say drugs and exotic material and you know what else,unitedstatesofindia,1642862656,2022-01,"Vague reference to drugs and exotic material, no clear target or hate.",0,0,0,0,0,0,0
htqx3yz,Ok whatever but this song slaps,saimansays,1642862669,2022-01,"Positive comment about a song, no offensive content.",0,0,0,0,0,0,0
htqx52r,What the fuck did I just watch what the fuck,indiandankmemes,1642862683,2022-01,"Profanity used as exclamation, not directed at anyone.",1,0,0,0,0,0,0
htqx6l7,"Yeah well you are free to hate what you want, no one cares. It’s irrelevant to this topic.

Just because you hate something doesn’t mean you have to condone destruction of other’s religious structures.",indiandankmemes,1642862703,2022-01,"Criticism of destruction of religious structures, no hate speech.",0,0,0,0,0,0,0
htqx6vo,"&gt;konse mandir mein chadhana hai

Dharma productions ke office mai",bollyblindsngossip,1642862706,2022-01,"Sarcastic question about offering at a temple, no clear target or hate.",0,0,0,0,0,0,0
htqx7qg,Normie kahan hai ....normie kahan hai....normie yahan hai,indiandankmemes,1642862717,2022-01,"Calling someone 'normie' is not hate speech, no profanity.",0,0,0,0,0,0,0
htqxawy,"Hmm...1500 se adhik books padh rakhi hongi humne. Ye No na kehne ki vajah se I bite more than I can chew, fir frustrate hokar kudkudaate rehte hain. Mental peace gaya trashcan me. Juniors bhi attitude dikha ke chale jaate hain. My only consolation remains that I'm a fast learner so adhiktar responsibilities de di jaati h hame to it kinda creates a lynchpin like situation.",chodi,1642862759,2022-01,"Personal reflection on workload and frustration, no offensive content.",0,0,0,0,0,0,0
htqxaxw,"Yeah ask them what the last Bollywood films they've watched are. I bet those 90s crap films are it. 

Plus, pls ask young people next time. Preferably non NRI. You'll get your real answer :)",bollyblindsngossip,1642862759,2022-01,"Criticism of Bollywood films and NRI preferences, no hate speech.",0,0,0,0,0,0,0
htqxbwq,Haan yahi tha,chodi,1642862772,2022-01,"Confirmation, no offensive content.",0,0,0,0,0,0,0
htqxdki,What? Kabir singh and Joe are so different. Yr thoda toh socho lol,bollyblindsngossip,1642862792,2022-01,"Disagreement about movie comparison, no offensive content.",0,0,0,0,0,0,0
htqxgzl,"Me ye guarantee ke sath kehe sakta hu ki, yaha ek chodi aegi hor bolegi kis BTS meme old ho chuka hai, Kuch Naya dalo.",indiandankmemes,1642862835,2022-01,"Prediction about a comment, no offensive content.",0,0,0,0,0,0,0
htqxhow,"
&gt;The one on the bottom left is 19 Year old Akash Suyal who expressed a desire to sexually assault his Muslim mother,upon which others in the chat suggested that he kill his father,a Hindu Brahmin.

...",librandu,1642862844,2022-01,"Reporting a threat, no endorsement, but contains severe abuse.",0,1,1,0,1,0,0
htqxikp,What is beautiful?,arrangedmarriage,1642862855,2022-01,"Question about beauty, no offensive content.",0,0,0,0,0,0,0
htqxkfy,"Vaise yahaan sab par username-bot hone ka aarop lag chuka h. Beech me ye baat kaafi uthi thi ki Username-bot and I are same. So kya hi kahen, he's made everyone paranoid.",chodi,1642862879,2022-01,"Discussion about usernames, no offensive content.",0,0,0,0,0,0,0
htqxkx4,This is the same bull shit all RW pundits spew everytime there is a RW inspired hate crime.,librandu,1642862885,2022-01,"Profanity used in criticism of political pundits, no personal target.",1,0,0,0,0,0,0
htqxqfr,BC 2 months ki vajaha se mai Gen Z me faas chuka hu. BC premature birth hona tha mera.,indiandankmemes,1642862954,2022-01,Self-directed profanity about birth timing.,1,0,0,0,0,0,0
htqy0gj,Yeah this is the true face of the fans of the person who basically said ' I still love my daughter and think she's pretty despite her being dark skinned'. What else did you expect but class from him lmao,bollyblindsngossip,1642863078,2022-01,"Criticism of a public figure's comment, no hate speech.",0,0,0,0,0,0,0
htqy4ka,Vroo focus mode use karr Android ya ios mai,indiandankmemes,1642863129,2022-01,"Advice on focus mode, no offensive content.",0,0,0,0,0,0,0
htqy77g,Alcoholics Anonymous... Support group and anonymity is maintained. They gather each week or month and talk about their addiction and the road to recovery...,unitedstatesofindia,1642863162,2022-01,"Explanation of Alcoholics Anonymous, no offensive content.",0,0,0,0,0,0,0
htqy9r5,SSR ke Justice mai inka dimaag kharab hogya hai,sham_sharma_show,1642863194,2022-01,"Criticism of mental state, no profanity or identity-based attack.",0,0,0,0,0,0,0
htqyetl,Kaise popular ho gayi itni yah sundari,dankinindia,1642863258,2022-01,"Questioning popularity, no profanity or targeted abuse.",0,0,0,0,0,0,0
htqygty,How dumb can a Khalistani be can be judged by this particular statement itself.,chodi,1642863284,2022-01,"Insult directed at Khalistani identity, no profanity.",0,1,1,0,0,1,0
htqyi1i,"What propaganda ? I don't remember any of it.

I don't see they would have made Viv Richards into a villain. If it happened, Kapil Dev would be beating shit out of them.

Sachin said that he enjoyed the movie. If they had just used Sachin, Dravid and others to promote the movie. Showing how 1983 world cup impacted them. 

It is really sad because 1983 was a water shed moment in Indian sports.",bollyblindsngossip,1642863299,2022-01,"Discussion of movie and cricket, no profanity or abuse.",0,0,0,0,0,0,0
htqyk4c,Bro what the actual fuck?,dankinindia,1642863326,2022-01,"Exclamation with profanity, no target.",1,0,0,0,0,0,0
htqyk4l,"Ahahaha hey I'm glad to not be able to afford to get into whatever University whose students watch SRK films and think they're good lmao. Where did you go, some community college where you had to pay to even get in?

Yes, SRK is SO relevant that all his films have been tanking from the last ten or so years lmao",bollyblindsngossip,1642863326,2022-01,"Sarcastic insult to another user, no profanity or identity attack.",0,1,0,0,0,0,0
htqykq9,100 saal pehle plotting tera baap karne gaya tha agar itna hi hai to pehle road ke bich mai se mazzare hatao,indiandankmemes,1642863334,2022-01,"Sarcastic comment about historical events, no profanity or direct abuse.",0,0,0,0,0,0,0
htqyks7,"Yaar mere college mein he itne bhar rakhke hai. Par mai toh seedha jaake gaand maar deta hoon mai nai yaha waha dekhta. Ek mote ko mota bola toh aage se bolta mai fir karwa doonga, maine kaha saale mote gym chalega zyaada better rahega. Saale fuddu panchod",indiandankmemes,1642863334,2022-01,"Profanity and personal insults directed at others, no identity basis.",1,1,0,0,0,0,0
htqyorr,What the actual fuck,librandu,1642863385,2022-01,"Exclamation with profanity, no target.",1,0,0,0,0,0,0
htqyprj,"None of the 3 links you shared has any evidence for a rise. Instead of sharing evidence for a positive claim you made, you're asking me to prove a negative. In order for you to be able to make that extraordinary claim, you need evidence showing that the numbers are increasing. Do that, or accept that you're simply butting into sanghi propaganda. 

On a side note, do you support bjp's attempts to destroy our secular constitution and replace it with a regressive religious state?",unitedstatesofindia,1642863397,2022-01,"Political debate, no profanity or personal attack.",0,0,0,0,0,0,0
htqyqdl,"I will argue that the YouTube version removed profanity. If you watch the trailers that all the actors posted on their Instagram, it includes profanity and that scene flows much better when fuck is actually used.

I really don’t think she was as bad as people are making her out to he. Personally I think DPs dialogue delivery is horrible also and Ananya is meant to be the spoiled rich girl so she did her part (from what we can see) well.

I have no expectations from her though which is why I think I was more pleasantly surprised.",bollyblindsngossip,1642863405,2022-01,"Discussion of movie and profanity, no personal attack.",0,0,0,0,0,0,0
htqyr9q,"It’s so weird that Sonam never seems to get the memo. I watched the Milkha Singh movie and just couldn’t finish watching it because of her accented “Sardarji”. Did nobody tell her it was supposed to be a rustic character and not bandra girl wannabe British? 

Kudos to Anil for raising three extremely dumb kids.",bollyblindsngossip,1642863417,2022-01,"Criticism of acting and accent, no profanity or identity attack.",0,0,0,0,0,0,0
htqyu6r,What a strange photo (wearing a mask but also doing a sexy bathing suit pose) to post on social media. Also that tattoo job is terrible.,bollyblindsngossip,1642863455,2022-01,"Criticism of photo and tattoo, no profanity or abuse.",0,0,0,0,0,0,0
htqyw9e,"Not the same way. These thoughts are literally poles apart. What are you even talking about? ""sAmE wAy"" clown.",librandu,1642863480,2022-01,"Disagreement with insult 'clown', no profanity or identity attack.",0,1,0,0,0,0,0
htqz1c0,"Still making up shit, are we? 


It's racist because you brought up her insecurity regarding skin colour in a conversation that was nothing to do with it. As a taunt. 

But again, I'm glad I didn't go to whatever community College you went to with you poor comprehension skills",bollyblindsngossip,1642863545,2022-01,"Accusation of racism and insult, no profanity.",0,1,0,0,0,0,0
htqz1wi,"I believe she should do a different type of movie to showcase her ""acting"". I mean how can people like Shraddha, Sara and that Kabir Singh gal get noticed and not this generic actress who can sing. She must do something different/shocking and not just lovey dovey roles.",bollyblindsngossip,1642863553,2022-01,"Opinion on acting, no profanity or abuse.",0,0,0,0,0,0,0
htqz2za,What's yo age btw,dankinindia,1642863567,2022-01,"Asking age, no profanity or abuse.",0,0,0,0,0,0,0
htqz4nm,"
&gt;The one on the bottom left is 19 Year old Akash Suyal who expressed a desire to sexually assault his Muslim mother,upon which others in the chat suggested that he kill his father,a Hindu Brahmin.

Iska source please",librandu,1642863588,2022-01,"Requesting source, no profanity or abuse.",0,0,0,0,0,0,0
htqz5gh,Saaf shabdo mai aap chutiya ho 😃I get it,indiandankmemes,1642863598,2022-01,"Direct insult with profanity, no identity basis.",1,1,0,0,0,0,0
htqzcba,"OMG
WHAT is she trying to SAY 😳😳😳😳
Ekdum bakwas

Oopar se the accent and the pout

If she did not have the green or purple eyes I doubt BW would have cared

So cringe she is",bollyblindsngossip,1642863684,2022-01,"Criticism of appearance and acting, no profanity or identity attack.",0,0,0,0,0,0,0
htqzcnl,yahan pm ne apni hi caste ko obc bnaya hai,dankinindia,1642863688,2022-01,"Criticism of PM for caste-based political move, no slur or hate.",0,0,0,0,0,0,0
htqzcno,What about carry fans (6),saimansays,1642863688,2022-01,"Neutral question about fans, no offensive content.",0,0,0,0,0,0,0
htqze4l,download nhi karunga to isse whatsup status pe lagake cool kese banunga,saimansays,1642863707,2022-01,"Humorous comment about downloading for status, no offense.",0,0,0,0,0,0,0
htqzemv,Wasn't the story like the elephant after hearing what happened to Ganesh .. allowed to be beheaded?,indiandankmemes,1642863713,2022-01,"Religious story reference, no hostility or hate.",0,0,0,0,0,0,0
htqzf02,"Your submission has been removed due to low karma or being new to Reddit. To start posting, **comment on other posts** &amp; get internet points on them. ALso, please have a look at our **RULES** and make sure your post fits **Guidelines**.

If you believe you made a **High effort/Quality post** or need earlier access, please reach us on modmail on the link provided below. Thanks for participating on r/SaimanSays, u/ritish_nk. Regards.


*I am a bot, and this action was performed automatically. Please [contact the moderators of this subreddit](/message/compose/?to=/r/SaimanSays) if you have any questions or concerns.*",saimansays,1642863717,2022-01,"Automated moderation message, no offensive content.",0,0,0,0,0,0,0
htqzhyj,"Look, the percentage of Muslim and Christian population in TN is 6 and 5 percentage, there is no meaning in saying that he is doing this for political support, plus most of the Muslim population vote for their local parties in their locality, the temples where built on property belonging to the government, the earlier governments let it slide due to political reasons ( 86% of TN is hindu). Now that the fiscal dept of the government is very high due to idiotic leadership (the cm after Jayalalithaa) they government desperately need money, so they are trying to sell of a few assets including land hence they destruction of temples",indiandankmemes,1642863755,2022-01,"Political discussion about temple destruction, no hate speech.",0,0,0,0,0,0,0
htqzhzb,Bhai mai class 11th mai hu aur har subject mai 1st chapter mai hu par 10 din me sara syllabus khatam kar dunga,indiandankmemes,1642863755,2022-01,"Student's study plan, no offensive content.",0,0,0,0,0,0,0
htqzi5z,Bhai 2 mahine mai 10th ke boards hai ghanta nahi ata mujhe aaj teri vajah se padhunga thanks bhai,indiandankmemes,1642863758,2022-01,"Student's comment about studying, no offense.",0,0,0,0,0,0,0
htqzrwl,saurav aur piyush nhe gadi mai kiya brotherlove,saimansays,1642863880,2022-01,"Comment about brotherly love, no offense.",0,0,0,0,0,0,0
htqztux,what movie is this?,bollyblindsngossip,1642863904,2022-01,"Question about movie, no offense.",0,0,0,0,0,0,0
htqzu23,Yogi ne Muslims ke against kya kiya hai? Source please.,indiandankmemes,1642863906,2022-01,"Asking for source on political claim, no offense.",0,0,0,0,0,0,0
htr00hf,what is going on bro 🤣🤣',indiandankmemes,1642863987,2022-01,"Casual comment with laughter, no offense.",0,0,0,0,0,0,0
htr00k2,"arey yaar kitna bada chutiya hu mai, ye toh bas ek template hai",saimansays,1642863988,2022-01,"Self-directed profanity, no target.",1,0,0,0,0,0,0
htr044u,Vrroooo yeh apka meme hai kyunki pehle bhi yeh meme dekha maine ISS Reddit pe,indiandankmemes,1642864033,2022-01,"Comment about seeing meme before, no offense.",0,0,0,0,0,0,0
htr07dw,"Mere mammi papa toh bolte, Ha toh kya hua abhi agle exam mai lakke dikha, aur jab mai agle exam mai marks leke atta hu toh phir wahi challu hojata. Agle exam mai lele dikha,agle exam mai leke dikha........ ლ(・﹏・ლ)",dankinindia,1642864074,2022-01,"Humorous comment about parents' expectations, no offense.",0,0,0,0,0,0,0
htr07l8,oh god until what .... part 2 soon plz i wont sleep at night,saimansays,1642864076,2022-01,"Excitement for part 2, no offense.",0,0,0,0,0,0,0
htr0aap,"What the fuck is this ? 

like seriously, this guy is the dumbust guy on this planet. Can't he even think further and conclude that SC. BOSE did this for a reason, IK hitler was a dumbfuck and he referred indians to be inferior to british. But still it making allaince with him was necessary at early stages, after all ""dushmann ka dushmann dost hota hai"".

And if we go by his logic, then we should not refer Gandhi as the father of this nation because S.C Bose  ""wAs PaLs wItH hItLeR"" and we should not agree with a person who made alliance with Hitler.

they just cry their asses when MODIJI does something good.",sham_sharma_show,1642864110,2022-01,"Profanity and insults directed at a person, but no identity-based hate.",1,1,0,0,0,0,0
htr0bo8,"**Hamein to apno ne loota , gairo mai kahan dum tha..... Saiman ne carry ke khilaaf bola, kyunki uski gaand mai dum tha**",saimansays,1642864127,2022-01,"Metaphorical insult with profanity, no identity target.",1,1,0,0,0,0,0
htr0dv8,"911 what's your emergency

someone say 69 what should i say",saimansays,1642864154,2022-01,"Joke about emergency number, no offense.",0,0,0,0,0,0,0
htr0dwf,"I’m not sure at the moment. However, Shakun Batra is a good director, even though I didn’t like Ek Main Aur Tu’s ending. Maybe the film will be a lot better than the trailer.",bollyblindsngossip,1642864155,2022-01,"Neutral comment about director, no offense.",0,0,0,0,0,0,0
htr0fe7,"meri gf ke 523 aaye haha.

but hum dono he drop le rahe hai, mai MHT-CET ke liye voh NEET ke liye",saimansays,1642864174,2022-01,Neutral discussion about exam scores and plans.,0,0,0,0,0,0,0
htr0lva,WhatsApp ki baat ho rahi hai to rakh le agar repost karta to problem hoti.,saimansays,1642864255,2022-01,Neutral comment about WhatsApp reposting.,0,0,0,0,0,0,0
htr0rv0,"I don't know what is a loyal fan base.

&amp;nbsp;

[Quote Sauce](&lt;https://youtu.be/U7_oHwNJPGw/?t=00h08m39s&gt; ""A rick-roll for sure"")
***
^^B ^^R ^^U ^^H ^^^[Know&amp;nbsp;more](https://redd.it/fvkvw9)",saimansays,1642864331,2022-01,Neutral comment about fan base.,0,0,0,0,0,0,0
htr0tft,Member of the goebbles gang strikes again. When a dullah can be an ayurvedic physician and whatever crap in that story why can't sehwag be a temporary dullah.,chodi,1642864350,2022-01,"Political commentary using 'dullah' as a religious slur, mocking a person's credentials.",0,1,1,0,1,0,0
htr15gl,"They claimed that a ""portion of a church was also destroyed."" Knowing these idiots, they must have taken off the barbed fence or knocked out like an eight of a wall and left it so that they could deflect any criticism. I can assure you that they're not even going to use whatever ""water body"" is under that temple.",indiandankmemes,1642864503,2022-01,"Criticism of a group's actions, no personal attack or identity-based hate.",0,0,0,0,0,0,0
htr1cig,"Sorry Bro, that's only what i can do, but next time will remember that!!",indiandankmemes,1642864589,2022-01,"Apologetic comment, no offensive content.",0,0,0,0,0,0,0
htr1ee7,"sach batau toh maine aaj tak original wali maggi ke alawa koi aur dekhi tak nahi hai.

haramkhor dukandaar",saimansays,1642864612,2022-01,"Profanity 'haramkhor' directed at a shopkeeper, personal insult.",1,1,0,0,0,0,0
htr1h4z,"I didn’t know about the package deal after the child was born lol 😂 I have to say over time the story does seem to change. I recently read she ran away with her husband to get married in between filming of Maine Pyaar kiya. Then when the film was a success which came as a shock to everyone, her husband was jealous of her signing movies with actors so he was roped in. 

However, her popularity can’t be denied she was on the front covers of Stardust for three to four years before her stardom fizzled out. I get the impression she thought she was too good to be in movies at that time and wanted it her way, which never happened. Her husband couldn’t act and I do feel he was responsible for putting off producers. 

I don’t think her kids have benefitted from being star kids as Abhimanyu seems so to have been struggling for a long time, even the Paps don’t even seem interested in him.",bollyblindsngossip,1642864646,2022-01,Neutral discussion about a celebrity's career.,0,0,0,0,0,0,0
htr1l7u,Because DMK hates Hindus. Seriously. That's it. They have pushed anti-brahmin and anti-hindu movements (and anti-Hindi too) because it gets them votes. These people are basically criminals.,indiandankmemes,1642864695,2022-01,"Political criticism of DMK, no personal attack or hate speech.",0,0,0,0,0,0,0
htr1lf6,Bro let me give you life tip. That you can never succeed in the eyes of your parents. Yeah they can if your parents are modern and shit. But Guys like us middle class that will never happen. See what happened with you the same happened with I too got 90% but guess I still get Taaney (wtf do we call Taaney in eng). To get a job and guess I am still in college. And I think that will never stop. The better thing is to accept them and try to don't do the same to your kids. I liked the meme. Fuck me i just wanted to write a few lines.i need to go scroll at some more memes..,dankinindia,1642864697,2022-01,Personal anecdote with mild profanity 'Fuck me' as self-directed exclamation.,1,0,0,0,0,0,0
htr1ooi,are bhai hindi mai,indiandankmemes,1642864737,2022-01,"Request to speak in Hindi, neutral.",0,0,0,0,0,0,0
htr1x5v,Bahi bura mat mana sir iss video ko maine 5 bar dekh liya... Right side to baad be pad liya,indiandankmemes,1642864839,2022-01,Neutral comment about watching a video.,0,0,0,0,0,0,0
htr1y1h,What he said,indiandankmemes,1642864849,2022-01,"Agreement with previous comment, neutral.",0,0,0,0,0,0,0
htr21wl,arey bhai post ko kyu downvote kar rahe ho....maine thodi kiya hai survey,bollyblindsngossip,1642864897,2022-01,"Question about downvotes, neutral.",0,0,0,0,0,0,0
htr22lq,Agar yahi hona hai to haryana ki jai!,dankinindia,1642864905,2022-01,"Regional pride statement, no hate.",0,0,0,0,0,0,0
htr2313,"Bhai aj kal hhar south bombay and delhi ki ladkiya wannabe white girl jaise act karti hai bc 

Delhi mai to report ayi thi ki har 10 mai se 1 school student ne seggs kiya hai classmate ke saath sub chut\*ya gaye hai bhai",dankinindia,1642864910,2022-01,"Profanity 'bc' and 'chut*ya' used, general criticism of girls, not targeted at specific person.",1,0,0,0,0,0,0
htr296s,Bhai mat pato bandi please sach mai jeena haram hai👎,indiandankmemes,1642864985,2022-01,"Advice to not date, no offensive content.",0,0,0,0,0,0,0
htr29ko,"Ahhh!! Thats what my dog does. 

Update : well this time it was my room. That bitch!!
Also it is 1am",librandu,1642864990,2022-01,"Profanity 'bitch' directed at a dog, not a person.",1,0,0,0,0,0,0
htr2c2o,"You are talking about a regional group and in the guise of fighting it - create a even bigger enemy by associating non relevant people and cultures to be representative of hindutva forcibly. 

Hindutva is the  response for other political ideologies like isalm and Christianity (Vatican). Hinduism is not comparable to those two above. You can call shit about Hindutva I don’t care. It’s a regional group in some part of the country that has no relevance to the rest 

If you shit on Hinduism because you don’t like hindutva this is the text book definition of Hinduphobia. Idiots can’t even define what Hinduism is but come out in tropes to preach",unitedstatesofindia,1642865020,2022-01,"Political commentary on Hindutva and Hinduism, no personal attack or hate speech.",0,0,0,0,0,0,0
htr2egc,"Your submission has been removed due to low karma or being new to Reddit. To start posting, **comment on other posts** &amp; get internet points on them. Also, please have a look at our **RULES** and make sure your post fits **Guidelines**.

If you believe you made a **High effort/Quality post** or need earlier access, please reach us on modmail on the link provided below. Thanks for participating on r/SaimanSays, u/Aggressive-Memory-54. Regards.


*I am a bot, and this action was performed automatically. Please [contact the moderators of this subreddit](/message/compose/?to=/r/SaimanSays) if you have any questions or concerns.*",saimansays,1642865049,2022-01,"Automated moderation message, neutral.",0,0,0,0,0,0,0
htr2i9z,To aur marenge bencho.... Akal aane tak yahi chalega,indiandankmemes,1642865096,2022-01,"Profanity used in a threatening manner towards a group, but no specific identity target.",1,1,0,0,0,0,0
htr2inr,Owaisi is one of the few muslim who often think before speaking on news debates.,librandu,1642865101,2022-01,"Positive statement about a Muslim politician, no hate.",0,0,0,0,0,0,0
htr2jfu,"Look, the percentage of Muslim and Christian population in TN is 6 and 5 percentage, there is no meaning in saying that he is doing this for political support, plus most of the Muslim population vote for their local parties in their locality, the temples where built on property belonging to the government, the earlier governments let it slide due to political reasons ( 86% of TN is hindu). Now that the fiscal dept of the government is very high due to idiotic leadership (the cm after Jayalalithaa) they government desperately need money, so they are trying to sell of a few assets including land hence they destruction of temples",indiandankmemes,1642865111,2022-01,"Political commentary on temple destruction, no hate speech.",0,0,0,0,0,0,0
htr2nox,"mai bolta hun, Normie",saimansays,1642865163,2022-01,"Casual slang, no profanity or hate.",0,0,0,0,0,0,0
htr2opr,Somewhere u do feel incomplete while talking to this girl. First talk to your ownself and see what u want and what u can compromise. Secondly see whether u can talk to the girl and clear your apprehensions if any. Let go if u want to deepen ur prospects. I personally feel it’s difficult to sail in 2 boats coz u can never be sure then. And yes if u are letting of the current girl then no longer think about her.,arrangedmarriage,1642865175,2022-01,"Relationship advice, no hate.",0,0,0,0,0,0,0
htr2r5r,"Look, the percentage of Muslim and Christian population in TN is 6 and 5 percentage, there is no meaning in saying that he is doing this for political support, plus most of the Muslim population vote for their local parties in their locality, the temples where built on property belonging to the government, the earlier governments let it slide due to political reasons ( 86% of TN is hindu). Now that the fiscal dept of the government is very high due to idiotic leadership (the cm after Jayalalithaa) they government desperately need money, so they are trying to sell of a few assets including land hence they destruction of temples",indiandankmemes,1642865206,2022-01,"Political commentary on temple destruction, no hate speech.",0,0,0,0,0,0,0
htr2trx,What is this sorcery? How do you get rid of the paywall,librandu,1642865238,2022-01,"Question about paywall, no hate.",0,0,0,0,0,0,0
htr2uhp,"Based? Based on what? In your dick? Please shut the fuck up and use words properly you fuckin troglodyte, do you think God gave us a freedom of speech just to spew random words that have no meaning that doesn't even correllate to the topic of the conversation? Like please you always complain about why no one talks to you or no one expresses their opinions on you because you're always spewing random shit like poggers based cringe and when you try to explain what it is and you just say that it's funny like what? What the fuck is funny about that do you think you'll just become a stand-up comedian that will get a standing ovation just because you said ""cum"" in the stage? HELL NO YOU FUCKIN IDIOT, so please shut the fuck up and use words properly you dumb bitch",indiandankmemes,1642865247,2022-01,"Profanity-laden rant directed at a person, no identity basis.",1,1,0,0,0,0,0
htr2vy2,Who? Maiam? XD Ulagu naayagan gonna take over TN and he's going to mandate that everyone's Twitter is as confusing as his.,indiandankmemes,1642865264,2022-01,"Mocking a politician's Twitter, no hate.",0,0,0,0,0,0,0
htr2wmz,"Based? Based on what? In your dick? Please shut the fuck up and use words properly you fuckin troglodyte, do you think God gave us a freedom of speech just to spew random words that have no meaning that doesn't even correllate to the topic of the conversation? Like please you always complain about why no one talks to you or no one expresses their opinions on you because you're always spewing random shit like poggers based cringe and when you try to explain what it is and you just say that it's funny like what? What the fuck is funny about that do you think you'll just become a stand-up comedian that will get a standing ovation just because you said ""cum"" in the stage? HELL NO YOU FUCKIN IDIOT, so please shut the fuck up and use words properly you dumb bitch",indiandankmemes,1642865273,2022-01,"Profanity-laden rant directed at a person, no identity basis.",1,1,0,0,0,0,0
htr33of,Omg what is this? You compare muslim to a cow? What is wrong with all of you?,dankinindia,1642865357,2022-01,"Questioning comparison of Muslim to cow, no hate.",0,0,0,0,0,0,0
htr341u,"What a reply.... Amazing 👏👏
""Big salute to this""......🤩🤩",indiandankmemes,1642865362,2022-01,"Positive comment, no hate.",0,0,0,0,0,0,0
htr37pl,"I does depend on the leader, that's why I didn't say with 100% certainty. But judging by state prior to the British, India was far from untied. Also, a united land isn't the only foundation. British did make a centralised armed force, a goverment stricture and infrastructure.

&gt;bro britain is also small island compare to india so you will not find that much diversity there still they were divided into many kingdoms

Not divided based on ethnicity. Indus valley civilization also had different rulers and what kept them close is relatablitiy. This is the reason why kingdoms in India mostly stayed independent because people in south were already diverse on their own and so were people in the east, west and north. Basically India already had many diverse nations in itself.",chodi,1642865406,2022-01,"Historical discussion, no hate.",0,0,0,0,0,0,0
htr39g2,"Your submission has been removed due to low karma or being new to Reddit. To start posting, **comment on other posts** &amp; get internet points on them. Also, please have a look at our **RULES** and make sure your post fits **Guidelines**.

If you believe you made a **High effort/Quality post** or need earlier access, please reach us on modmail on the link provided below. Thanks for participating on r/SaimanSays, u/Previous_Success7306. Regards.


*I am a bot, and this action was performed automatically. Please [contact the moderators of this subreddit](/message/compose/?to=/r/SaimanSays) if you have any questions or concerns.*",saimansays,1642865427,2022-01,"Automated moderation message, no hate.",0,0,0,0,0,0,0
htr39uc,nobody hates joe as much as this man he goes into a DEEP dive over how insane joe is every chance he gets 💀 but he still plays the hell out of that character. which is why he's an actor. can't expect that from shahid since he's kabir singh irl himself. xD,bollyblindsngossip,1642865431,2022-01,"Commentary on actors, no hate.",0,0,0,0,0,0,0
htr3byj,No point in blaming BJP. There is a far deeper ideological rot in the country.I just can't imagine what they will teach their children.,librandu,1642865456,2022-01,"Political criticism, no hate speech.",0,0,0,0,0,0,0
htr3dce,what I think is that this will never end,chodi,1642865473,2022-01,"General statement, no hate.",0,0,0,0,0,0,0
htr3h55,"Twitter maybe, but people here are pretty anti islam",indiandankmemes,1642865519,2022-01,"Observation about anti-Islam sentiment, no hate.",0,0,0,0,0,0,0
htr3jf7,Mere yahan toh basic छोड़ kar koi milti hi nhi,saimansays,1642865547,2022-01,"Casual statement, no hate.",0,0,0,0,0,0,0
htr3jho,Fir USA ki army ka kam kyo nahi hua ab tak? Tu keh raha hain sexuality mar Lao beech main par in reality sexuality ke vajah se hi uske sath discrimination hua tha..Movie main wo gay hain aur uska sex dikhana motive nahi hain ..Wo GAY THA TO USKE SATH KYA HUA ye dikhana motive hain Dono main farak hain…jara sense laga ke…jaise gunjan Saxena main uska gender in the sense “Dekho ladaki dekho” ye nahi tha but in fact “Dekho ladaki hokar bhi usne male dominated field main kar kiya” ye tha…Iss movie ka motive bhi wahi hain ki gay hone se tumhari desh Bhakti kam nahi hoti jara dimag laga le bro.,indiandankmemes,1642865548,2022-01,"Discussion about movie motive, no hate.",0,0,0,0,0,0,0
htr3ks7,Yeh khalistani aaraha hai toh hum chalte hai chalo,chodi,1642865563,2022-01,"Targets a person as Khalistani, a communal slur, with hostile intent.",0,1,1,0,1,0,0
htr3lez,"Bhen ke lode, Tera latest comment dikh nahi Raha. Mere email, Tera latest comment dekha maine. Yeh sab chodh, yeh moh maya hai, ...tu yeh bata ki profile mein flair kaise add Kiya ??",chodi,1642865570,2022-01,"Profanity directed at a person, but no identity-based hate.",1,1,0,0,0,0,0
htr3lwg,"They were a reason for Indians to unite. They formed a centralised armed force. They formed a centralised goverment. Technological advancement was a biproduct but Indians were busy fighting each other than looking into reforms. Also British Raj exposed us more to the outer world.

&gt;It's not about what we got , it's about the price we paid in return.

No one is denying the atrocities they committed. But it can also not be denied that had British not ruled us we probably would have not been united.",chodi,1642865576,2022-01,"Discussion of British Raj, no hate speech.",0,0,0,0,0,0,0
htr3msp,Music taste is subjective...but idk what doesn't excite u abt this rap..its gud,saimansays,1642865586,2022-01,"Opinion on music, no hate.",0,0,0,0,0,0,0
htr3ps8,"Bhai almost pura sub anti islam memes sai chalta hai, no problem with them, but don't be hurt if it's on your religion.",indiandankmemes,1642865622,2022-01,"Criticism of subreddit, no hate speech.",0,0,0,0,0,0,0
htr3qao,This one isn’t but what’s wrong with a movie based on a first world problem?,bollyblindsngossip,1642865628,2022-01,"Question about movie, no hate.",0,0,0,0,0,0,0
htr3vt2,"Bro the difference is that in cartoon u don't have to watch the previous episodes, to understand what is going on the episode u are watching??
But in case of anime, u have to watch the previous episodes.",indiandankmemes,1642865691,2022-01,"Comparison of cartoons and anime, no hate.",0,0,0,0,0,0,0
htr3vvd,"&gt;something that is specifically for countering and reporting fascism

I mean...that's what most leftist factions and orgs basically do here.

Most political rallies, movements and mass protests in India are often organised and headed by various leftist parties and allies, orgs, unions, umbrella orgs etc. Farmers Protest/march would perhaps be the most recent and popular eg.

If that's still not what you meant, then I'm sorry I didn't quite get your statement. Unless by ""Antifa org"", you specifically meant a militant group or faction.",librandu,1642865692,2022-01,"Political discussion, no hate.",0,0,0,0,0,0,0
htr3xz4,"Please, main tereko 50000000 dunga, bas mujhe bacha le",saimansays,1642865716,2022-01,"Pleading for help, no hate.",0,0,0,0,0,0,0
htr40zf,Sweet home allahbama,indiandankmemes,1642865752,2022-01,"Pun on 'Sweet Home Alabama', no hate.",0,0,0,0,0,0,0
htr44ab,yes a militant group is what i mean,librandu,1642865791,2022-01,"Clarification, no hate.",0,0,0,0,0,0,0
htr4c53,"Arre mai toh ladka hu phir bhi mereko DMs aate the :(

Pata nahi kisi chutiya ko misunderstanding ho gayi thi ki mai ladki hu",saimansays,1642865883,2022-01,"Self-directed profanity, no target.",1,0,0,0,0,0,0
htr4ce9,Why /s? Whatever you said is true. We are talking like this And Then there are Vadakkans with Yogi and lolu Prasanth yadav Lol,indiandankmemes,1642865886,2022-01,"Political commentary, no hate.",0,0,0,0,0,0,0
htr4cfi,Mujhe yeh video WhatsApp grp se mili.,indiandankmemes,1642865886,2022-01,"Sharing video source, no hate.",0,0,0,0,0,0,0
htr4ds0,"Don't really like this dude but he has a point here. People adjust n make sacrifices in a marriage..if a married person is allowed to speak n do what he likes , I wonder how many marriages will hold.",bollyblindsngossip,1642865902,2022-01,"Opinion on marriage, no hate.",0,0,0,0,0,0,0
htr4rnc,"Apart from Babur Mughals were born in India and fought for what they considered to be their motherland.

Also, Marathas weren't indegenious too. Their roots are from Indus civilization in Pakistan.",chodi,1642866066,2022-01,"Historical discussion, no hate.",0,0,0,0,0,0,0
htr4ubu,"&gt;Fir USA ki army ka kam kyo nahi hua ab tak?

US ki nayi army recruitment ad he dekh le agar tujhe samjhna hai ki mai kehna kya chahta",indiandankmemes,1642866098,2022-01,"Political commentary, no hate.",0,0,0,0,0,0,0
htr4wmn,School mai bhi hota hai ye sab,indiandankmemes,1642866124,2022-01,"Observation about school, no hate.",0,0,0,0,0,0,0
htr4x16,that site's pog. May marxallah bless you,librandu,1642866129,2022-01,"Positive comment, no hate.",0,0,0,0,0,0,0
htr4xh8,earlier it was not easy to maintain a kingdom from a seat like a pm in modern world does king wasnt able to take care of every piece of land in there kingdoms so they used to hire governors and general who used to work here protect that piece of land thats why states at that time were more independent than today and sometimes they used to do rebel and king used to crush them thats why there was not that much unity bcoz it was impossible for a guy single guy to rule the whole kingdom by a central power,chodi,1642866134,2022-01,"Historical discussion, no hate.",0,0,0,0,0,0,0
htr4zg8,Wow you learn new things every day and the point is most guys think what comes on TV is cartoon and every other animated thing is anime.,indiandankmemes,1642866158,2022-01,"Neutral discussion about anime misconceptions, no target or profanity.",0,0,0,0,0,0,0
htr531r,"Your submission has been removed due to low karma or being new to Reddit. To start posting, **comment on other posts** &amp; get internet points on them. ALso, please have a look at our **RULES** and make sure your post fits **Guidelines**.

If you believe you made a **High effort/Quality post** or need earlier access, please reach us on modmail on the link provided below. Thanks for participating on r/SaimanSays, u/Wannabe_Phunny_. Regards.


*I am a bot, and this action was performed automatically. Please [contact the moderators of this subreddit](/message/compose/?to=/r/SaimanSays) if you have any questions or concerns.*",saimansays,1642866200,2022-01,"Automated moderation message, no offensive content.",0,0,0,0,0,0,0
htr547s,"Bro stop giving us source we ""religious"" ppl never asked for any source. We believe in our almighty, our massiah, the creator, the editor, and many more. How dare you make sense. You are only targeting one specific region which already is on blink of existence, only few billion people left. You anti hindu, anti muslim, anti virus.",indiandankmemes,1642866213,2022-01,"Sarcastic criticism of religious people, but no specific target or hate speech.",0,0,0,0,0,0,0
htr5bys,Another dankie - what are dishwashers doing here?,saimansays,1642866304,2022-01,"Insulting term 'dankie' used, but no clear target or identity basis.",0,0,0,0,0,0,0
htr5cte,"mere school mai bhi ek esa hi bacha tha, uski bhi gf thi 8th class mai uski gf mere friend group mai thi 4 logo ka group tha humara wo bacha mere paas aya merse keta ""tu usse meri bandi se baat kyu karta hai"" i was like tf? usne mera collar pakda mene uske mukka mara aur uski naak tod di uske mu pe khoon hi khoon teacher agyi ekdum se class mai mere haath pakda merko le gayi co ordinator ke paas phir bataya ki maine uski naak tod di mere mummy papa ko bulaya aur mujhe 15 din ke holiday package pe bhej diya   


phir uski gf meri gf ban gayi and that's how i met your mother",indiandankmemes,1642866313,2022-01,"Personal story with mild profanity, no target or hate speech.",1,0,0,0,0,0,0
htr5kup,"Bc abh to Thackeray hi banna padega, pest jaise bhar gaye hai, sabhya thread hai ye main dooshit nahi karna chahta apni gaaliyon se",unitedstatesofindia,1642866406,2022-01,"Profanity and derogatory term 'pest' used, but target is abstract (migrants), not specific person.",1,0,0,0,0,0,0
htr5lig,"&gt;why do all the men look so effeminate?

That....is what you decided is the issue here?",librandu,1642866414,2022-01,"Questioning a stereotype, no offensive content.",0,0,0,0,0,0,0
htr5n3r,earlier it was not easy to maintain a kingdom from a seat like a pm in modern world does king wasnt able to take care of every piece of land in there kingdoms so they used to hire governors and general who used to work here protect that piece of land thats why states at that time were more independent than today and sometimes they used to do rebel and king used to crush them thats why there was not that much unity bcoz it was impossible for a guy single guy to rule the whole kingdom by a central power thats why it was neccesary to divide the power to maintain the kingdom,chodi,1642866432,2022-01,"Historical discussion, no offensive content.",0,0,0,0,0,0,0
d9djzv2,"Over my reply to this...

&gt;&gt;Right, because Hindus never fight wars, never stir shit, and have never killed people of minorities en mass. In fact, if anything, Hindus in India hold the record for killing the most Muslims, Sikhs, Christians, and other fellow Hindus since the formation of your ""secular"" Republic.

&gt;https://np.reddit.com/r/ABCDesis/comments/5a1rb7/donald_trump_speech_at_hindus_united_against/d9dhnll/

In addition, he/she accused me of ""shitposting"" while meanwhile...

&gt;&gt;Pot meet kettle.

&gt;&gt;Masterful dodge by the way.

&gt;https://np.reddit.com/r/ABCDesis/comments/5a1rb7/donald_trump_speech_at_hindus_united_against/d9dhkuf/",bakchodi,1477797432,2016-10,"Political debate with accusations, but no profanity or hate speech.",0,0,0,0,0,0,0
d9dmd62,"I actually found a pretty nice index to judge Muslim countries on polandball. If they have a red flag, they are mostly alright(Turkey, Morocco, Tunisia), green means they are slightly fundie(Pakistan, KSA), tri colour means Baathists and black and white=Run harder than Mohammed did from Medina ",bakchodi,1477801891,2016-10,"Stereotyping Muslim countries, but no direct hate speech or profanity.",0,0,0,0,0,0,0
d9dmosb,Fix the education system. Emphasize critical thinking over rote memorization. Implement a strict caste system like in the olden days. These dumb SC/ST morons can't study for shit while intelligent brahmins  are being screwed over by the reservation system. ,bakchodi,1477802554,2016-10,"Caste-based hate speech with profanity, targeting SC/ST and praising Brahmins.",1,1,1,1,0,0,0
d9dmryi,What is this a truth or dare for Dalits? Bring on the spiciest meal already..,bakchodi,1477802738,2016-10,"Sarcastic comment about Dalits, but no direct hate speech or profanity.",0,0,0,0,0,0,0
d9dndt4,"&gt;I have never seen any state actually portrayed positively by a person of a different state on r/bakchodi

Maybe. I never contested that.

&gt;I'd prefer being called ape like over rapist any day.

It's not about what you prefer. If I call someone from Delhi a rapist, everyone knows it's only a joke because the chances that the person might actually be a rapist is marginal. I'm poking fun just at a stereotype.

But you keep picking on lungis for their skin colour, which is not a stereotype as that's how most of us look, that's just blatant racism. I'm not saying that's grounds enough to nuke a thread on a fucking circlejerk sub, but if lungis seem easily ""triggered"", it's pretty justified and it's not because they have a thin skin. Same way you would not be surprised if BIMARUs get infuriated everytime some retard on randia says they're the scum of this country because they're poor migrants.",bakchodi,1477804103,2016-10,"Discussion about stereotypes, includes profanity and derogatory terms but no direct hate speech.",1,0,0,0,0,0,0
d9do8rk,"Why all this infighting? Lungis and Amits, Rahul and Sharmas are friends. It's fuck the katua to death is what we need to do make India great again.",bakchodi,1477806137,2016-10,"Hate speech against Muslims with profanity, targeting a religious group.",1,1,1,0,1,0,0
d9dpiio,"northies were raped by muslims

pls",bakchodi,1477809604,2016-10,Historical claim with no profanity or direct hate speech.,0,0,0,0,0,0,0
d9dpwuc,Lolgarud yahan Ka bahute purana khiladi hai. Welcome back lolgarud,bakchodi,1477810812,2016-10,"Friendly welcome, no offensive content.",0,0,0,0,0,0,0
d9drah8,"As I said before. You're not any better than a Dalit convert Katua for us. You lost the privilege to take pride in your heritage when your Ancestors just accepted Islam like a bunch of cowardly cucks so they didn't have to fight like real brave men. You are a shame to Dogras really. I wonder if your Ancestors offered their wives and daughters, even their own asses to invaders, probably did when threatened with slightest hint of violence or just higher taxes. Your great great grandmother even performed circumcisions of all the men in your neighborhood with her teeth. No wonder you fags lost 2000 vs 120 and surrendered in wars, we've got children playing in gardens on the tanks we captured from your Army of Chakke, your Ancestors surrendered to invaders, it's in your blood. You'd rather spread your asses than accept a respectful death of a warrior.

You're a descendant of pussies. 

",bakchodi,1477815513,2016-10,"Severe hate speech against Muslims and Dogras, with profanity and sexual slurs.",1,1,1,0,1,0,1
d9drpil,"What you call a hindu interracial porn?















hinduondindu.com",bakchodi,1477817095,2016-10,"Sexual joke, no target or hate speech.",0,0,0,0,0,0,0
d9ds7br,"These feathers are for show and tell,

Lies to put you under a spell,

For a country of breeders like rabbits on coke,

The blame's always passed on to the other bloke.",bakchodi,1477819054,2016-10,"Poetic criticism, no profanity or hate speech.",0,0,0,0,0,0,0
d9dsa0e,I heard muslims are increasing their population in laddakh and soon buddhists will be minority there too?,bakchodi,1477819355,2016-10,"Question about demographics, no hate speech.",0,0,0,0,0,0,0
d9dsjxl,BRB forwarding this to my family whatsapp group,bakchodi,1477820477,2016-10,"Neutral statement about forwarding to family group, no offensive content.",0,0,0,0,0,0,0
d9dsv7d,"&gt;Women should be able to get drunk with strangers at an unfamiliar place and not get raped or else there' something wrong with society. Kya BC.

I don't understand what you're saying here. Women should be raped if they get drunk and go somewhere unfamiliar? Or if you don't think they should, that you think it makes sense for them to be raped?

The movie's message was simply, ""no means no"". Under any circumstance, if a woman says no, than that means no. It doesn't matter if she's wearing a bikini in some dirty backroom dance floor drunk out of her mind, high on god knows what. If she says no, it means no. That was the message of the movie but you seem to think it glorifies sluts. The last testimony heard from Rajvir and Bachan's dialouge go along with the message. Rajvir basically says yes that a girl wearing a bikini in some dirty backroom dance floor drunk out of her mind, deserves to be raped or it's understandable if they are.

I think we saw very different movies.",bakchodi,1477821776,2016-10,"Discussion about movie message and rape, includes profanity 'BC' but not directed at anyone, and criticizes a viewpoint without personal attack.",1,0,0,0,0,0,0
d9dtoq5,Shooo many muslims in north india compared to glorious tamil nadu,bakchodi,1477825153,2016-10,"Comment about number of Muslims in north India vs Tamil Nadu, no explicit hate or slur, but implies negative comparison.",0,0,0,0,0,0,0
d9du38p," Fluttercunt is a moron anyway with zero intelligence in her comments except for idiotic rhetorics. I mean I think just talking to her has sometimes dragged my IQ down.
  
And that lol what a dumb generation kid, nothing but pity for him",bakchodi,1477826740,2016-10,"Personal attack on 'Fluttercunt' using profanity and insulting intelligence, but no identity-based hate.",1,1,0,0,0,0,0
d9du7fk,"Abe Musalmaan randi ke rape ki najayaz aulaad, teri ammi ka Yahudi gang rape kar rahe hai, jaa uska bhosda bacha le jaldi se.",bakchodi,1477827178,2016-10,"Severe hate speech targeting Muslims with profanity, sexual violence, and religious slur.",1,1,1,0,1,0,0
d9du7nf,"Abe Musalmaan randi ke rape ki najayaz aulaad, teri ammi ka Yahudi gang rape kar rahe hai, jaa uska bhosda bacha le jaldi se.",bakchodi,1477827199,2016-10,"Duplicate of 824, same severe hate speech.",1,1,1,0,1,0,0
gpndu1c,LOL XD Main kaise maan lu?,saimansays,1614863756,2021-03,"Casual expression of disbelief, no offensive content.",0,0,0,0,0,0,0
gpndzbw,"i don’t think if ranbir should try to engage w her honestly, we saw what happened when alia (warmly) mentioned her publicly. she will always find some way to raise fingers at them.",bollyblindsngossip,1614863844,2021-03,"Comment about a celebrity's behavior, no offensive content.",0,0,0,0,0,0,0
gpne49c,"Lol when Dalits get beaten up almost on a daily basis, you'd find these creatures scream their arses off if someone even dare say this is due to brahmanism but one incident involving one Brahmin victim &amp; suddenly it is dalit supremacy",librandu,1614863925,2021-03,"Comment about Dalits and Brahminism, uses 'creatures' to refer to Dalits, dehumanizing and caste-based hate.",0,0,1,1,0,0,0
gpne6wd,"Asking the questions you can't answer isn't hate. Also, your inability to comprehend a comment isn't hate either( No offence ).  You just assumed few minutes back I was being sarcastic when I'm not and started shit talk. You didn't even apologise for that. 

&gt;whereas people here just pretend to be ""woke"" when they're just the same

What is your definition of 'woke'? Pandering to anything because a person is a LGBTQ+? We are not 'woke'. Woke are those people who aren't aware of these things but think defending LGBTQ+ people on all aspects is equal to standing up with them. We have an active mix of LGBTQ people here. Your claim is yet again an another bad judgement.

&gt;Are all Trans people same?

Ironic. You apply this ""Not all same"" to you and hindu feminists but not to the people here.",librandu,1614863968,2021-03,"Discussion about LGBTQ+ and 'woke' culture, no personal attack or hate speech.",0,0,0,0,0,0,0
gpnejct,What makes you think Hollywood is any different?,bollyblindsngossip,1614864175,2021-03,"Rhetorical question about Hollywood, no offensive content.",0,0,0,0,0,0,0
gpnen23,"Choothiyon pe post banaogey toh choothiye famous hongey. Naam hi ""abdul"" hai, toh imaan bhi middle-east k taraf hi hoga na. What were people expecting?",chodi,1614864233,2021-03,"Uses profanity 'choothiye' and makes a negative generalization about Muslims based on name 'abdul', implying disloyalty.",1,0,1,0,1,0,0
gpnfbhh,"Jews are our brothers. I have big respect for Judaism as a religion because, unlike Christians and Muslims, they dont proselytize. Some Jews get it ... youtu.be/TaOm52M7kTM",chodi,1614864629,2021-03,"Expresses respect for Judaism and criticizes proselytizing, no hate speech.",0,0,0,0,0,0,0
gpnfdt5,What mental pleasure do you get from this brother? Don't you have something better to do in life?,unitedstatesofindia,1614864665,2021-03,"Questioning someone's motives, no offensive content.",0,0,0,0,0,0,0
gpnfffz,"https://theprint.in/india/governance/of-89-secretaries-in-modi-govt-there-are-just-3-sts-1-dalit-and-no-obcs/271543/ 
Link for Indian bureaucrats news.., all bureaucrats are Brahmins",saimansays,1614864691,2021-03,"Claims all bureaucrats are Brahmins, a generalization but not hate speech.",0,0,0,0,0,0,0
gpnfmhe,"You must be an ""ex-Muslim"".",librandu,1614864802,2021-03,"Accusatory statement about being 'ex-Muslim', no hate speech.",0,0,0,0,0,0,0
gpng1yq,"Ohh you denying their education, and blaming them itself.., ok then tell me .., which SC ST doctor killed their patients with wrong medications.., which ST SC engineer build poor buildings..? You and your brahminical lies",saimansays,1614865038,2021-03,"Accuses someone of 'brahminical lies' and questions SC/ST professionals, but no explicit hate speech.",0,0,0,0,0,0,0
gpngi2p,"I see it as a clever wordplay.

Tatva = right-wing trash news

All anti right-wing (according to right-wingers) are terrorists, anti hindu, anti nationals, jihadi blah blah

By naming the spoof of tatva as katva, you label yourself the slur that they might use to describe you. Like Tyrion from GOT said, wear it like a badge of honour and no one will be able to hurt you.

This naming is like an unapologetic declaration that 'yes, I'm an unafraid katva, whatchu gonna do bout it?'

As a Muslim myself, I approve the name. Alternatively, I used to call Tatva as tatte-va.",librandu,1614865282,2021-03,"Discussion about wordplay and self-identification as 'katva', no hate speech.",0,0,0,0,0,0,0
gpngylf,Then what is the other job other than doctor and engineer exist in India ..? Also dude there is no Brahmins does swiggy delivery and no SC ST guys works in bureaucrats and being a non puppet MP or MLA,saimansays,1614865527,2021-03,"Generalization about jobs and caste, but no hate speech.",0,0,0,0,0,0,0
gpnh6kp,"chintus trynna level up to librandus lmao 

that ch0da must have done masters of business administration from whatsapp university before summing up all this shit here",librandu,1614865647,2021-03,"Uses profanity 'ch0da' and 'shit', and mocks 'chintus' and 'librandus', but no clear target or identity-based hate.",1,0,0,0,0,0,0
gpnhc45,"I'm guessing her PR has a telegram/whatsapp group with fans willing to work as minions. They're probably posting links there and everyone starts reporting. 

&gt;This is nothing unusual. Kangana PR has been attacking Mods for a long time. We get regular threats about getting this Sub closed . We get regular Mod mails on Death, Rape, Corona death and all kinds of threats before.

&gt;Recently, all Mods were reported to Reddit as ""Suicide alert"". We managed to get out of it but accounts that reported us, were deleted.

This is fucked up",bollyblindsngossip,1614865728,2021-03,"Discussion of harassment and threats, includes profanity but no targeted abuse or hate speech.",1,0,0,0,0,0,0
gpnhc8n,And What's That ? I Don't Have A P.C Bruh.. I'm broke,saimansays,1614865730,2021-03,"Neutral statement about not having a PC, no profanity or abuse.",0,0,0,0,0,0,0
gpnhfaf,"Sorry to break t to you... our most advanced engines were what we purchased from Soviets before they decided to stop selling us engines. We reverse engineered those engines like 4-5 years ago? Still no strong enough launch vehicles to lift heavy payloads.

Again, not saying what they have done is not remarkable for India. but we are far behind US in this field.

&gt; no country sold us anything advance

Yeah, that is what I am saying, we are dependent on other countries for advance techs while US is not..",chodi,1614865774,2021-03,"Discussion of technology and dependence, no profanity or abuse.",0,0,0,0,0,0,0
gpnhh5a,Ussi time account delete kardia tha maine.,unitedstatesofindia,1614865800,2021-03,"Simple statement about deleting account, no profanity or abuse.",0,0,0,0,0,0,0
gpnhrm2,"Day: March 4 2021
Time: 7:25pm 

Dear Saysaniks,

Today we lost yet another Saysanik LittleTiti.
He was a Great Soldier and commenter.
My heartfelt condolences to idk who.
May God be with him for his Death is a huge loss for all of us..
A few days ago we lost Pinki.
But now it's no time to mourn..
For we have to put Our last efforts for Our Leader Saiman So that he reaches 1 million.
This battle is our last stand and after that only can we rest and breath fresh air!!
In God's will My fellow Brothers, fight with whatever u have left.


Thanking You 
Yours sincerely
Bruh.",saimansays,1614865951,2021-03,"Humorous memorial post, no profanity or abuse.",0,0,0,0,0,0,0
gpnhx7w,I highly doubt that bro. Not the American mainstream ones like Bloomberg atleast. They have their own networks in the west but the mainstream ones aren’t a part of it.,chodi,1614866033,2021-03,"Discussion of media networks, no profanity or abuse.",0,0,0,0,0,0,0
gpnhypm,"The Kashmir move by this chaddi govt on 5 Aug 2019, which made me question their policies, since it looked like a terrible HR abuse and then I further questioned, looking outside the Quora bubble, where I was a rayta-lite, wasn't fully supportive of BJP but was like they are better than everyone, used to be somewhat socially liberal in this phase, this was just after my anti-SJW phase, so still was anti-SJWish type due to Quora chaddi propaganda but only after this I completely stopped being an anti-SJW as I learned more.",librandu,1614866055,2021-03,"Political commentary using 'chaddi' as a political term, not hate speech.",0,0,0,0,0,0,0
gpni23m,Tohar mai ke chodi,indiandankmemes,1614866105,2021-03,"Nonsensical phrase, no profanity or abuse.",0,0,0,0,0,0,0
gpni6jc,"christians: terrorize,forcefully convert jews for centuries and drive them out from societies they had completely assimilated into.

muslims: commit genocide after genocide of jews, forcefully convert them and call them the worst of creatures (fyi: the arabian peninsula once had a sizeable jewish population) 

hindus: protect jews from portuguese and spanish fanatics, build and protect their synangogues",chodi,1614866170,2021-03,"Historical claims about religious groups, but no direct hate speech or slurs.",0,0,0,0,0,0,0
gpnia1i,"Dekh. Agar mai chup huun toh gyanchod mat ban. I have accepted my mistake already and that too multiple  times. Ye pradhanmantri banney ki zarurat nahi hai. You can use that line *it's my perspective* as long you want and that shit is all good, I am even joking about it myself but tera zada ho raha hai ab.",unitedstatesofindia,1614866222,2021-03,"Personal argument with profanity, but no targeted abuse or hate speech.",1,0,0,0,0,0,0
gpnieua,"now wait for two days. people will come forward with anecdotes about his casteism, his islamophobia, his sympathy for hitler, make memes depicting him as hitler, women he worked with will come forward with allegations of sexism and rape.",chodi,1614866293,2021-03,"Speculation about future allegations, no profanity or abuse.",0,0,0,0,0,0,0
gpnifpn,"Your [submission](https://www.reddit.com/r/indiadiscussion/comments/lxl38b/cycle_march_for_farmers_my_goodness_what_are_they/) was automatically removed because it uses the ""redd.it"" link shortener, or points to another subreddit without using the [no participation](https://www.reddit.com/r/NoParticipation/wiki/intro) domain.

If linking to another subreddit, please prefix your link with ""np"" as in ""np.reddit.com"". To avoid errors, ensure you don't use ""redd.it"" or ""www."" with the prefix. Once ready, you can submit your link again.  

If you have timing delays in submitting links, let the moderators know and we will make you an approved submitter.   


*I am a bot, and this action was performed automatically. Please [contact the moderators of this subreddit](/message/compose/?to=/r/indiadiscussion) if you have any questions or concerns.*",indiadiscussion,1614866305,2021-03,"Automated moderation message, no profanity or abuse.",0,0,0,0,0,0,0
gpnio5f,"Ohh you look at that..? No SC st in politics .., then who will represent them.., a frickin Brahmins right",saimansays,1614866426,2021-03,"Political commentary on representation, no profanity or hate speech.",0,0,0,0,0,0,0
gpnj063,"
&gt;They should swallow their dislike &amp; vote for TMC. A Vote for CPIM or INC in WB is same as a vote for BJP.

Go and tell that to CPIM cadres whose family were butchered by TMC goons.


&gt;If they plan to vote for CPIM or INC, it's probably better instead to directly vote for BJP itself.

People will decide whom they will vote vote for, you're no one to tell them whom to vote &amp; whom not to vote. That's what democracy is all about.

Keep that ""i know it all"" attitude with yourself, I'm pretty sure people like you have a hand in rise of hinduvta in our country.

No offense, people like you piss me off.",unitedstatesofindia,1614866604,2021-03,"Political disagreement, no profanity or hate speech.",0,0,0,0,0,0,0
gpnj3es,"&gt;Leftists boys when a woman disagrees with him: ""Madamji

Okay. Apologies if it hurt.

&gt; And I don't have any variant of Hinduism,

There are many which is why I asked.

&gt;I'm just somewhat right leaning.

Yeah but in what way because unless specified it's difficult to ascertain. I might right leaning to some &amp; you might left leaning to some others as well....the specified ideological allegiance makes it easy to ascertain.",librandu,1614866652,2021-03,"Discussion of political leanings, no profanity or hate speech.",0,0,0,0,0,0,0
gpnj46e,When I got to know of Babri masjid demolition and what ensued afterwards. What happened before that and how the culprits were treated.,librandu,1614866662,2021-03,"Historical reference, no profanity or hate speech.",0,0,0,0,0,0,0
gpnj6q2,Nice whataboutery. Now get the fuck back to chodehub 🍪,librandu,1614866700,2021-03,"Profanity directed at a person, but no identity-based hate.",1,1,0,0,0,0,0
gpnjf3n,bhaiya ji yaha cheeni-daddy ki baate ho rhi hein,chodi,1614866825,2021-03,"Informal reference to China, no profanity or hate speech.",0,0,0,0,0,0,0
gpnjjrl,"The word juggernaut is derived from jagganath. 

Many in English words are derived from Indian languages. Alot of Arabic words find their place in indian languages. That's just cultural exchange. 

Arabic to indian languages example
Maidan, minar, hafta, hisab, minar, etc.",unitedstatesofindia,1614866895,2021-03,"Linguistic discussion, no profanity or hate speech.",0,0,0,0,0,0,0
gpnjlsi,"What's there to tell? He invaded my country. He conquered her, looted her, murdered thousands of her people and enslaved thousands more. I've been against the peacefuls ever since.",librandu,1614866925,2021-03,"Historical grievance, no profanity or hate speech.",0,0,0,0,0,0,0
gpnjr40,Why you Brahmins trying to act  that you’re the one getting suffer meanwhile the real suffering is hidden,saimansays,1614867005,2021-03,"Targets Brahmins as a group, accusing them of false victimhood, but no explicit profanity or hate speech.",0,0,0,0,0,0,0
gpnjtja,So you're anti BJP?????how dare you??? YOU'RE NOT SUPPORTING 🅱️RAHMINS???? BRAHMIN SUPPORT DHARMO RAKSHATI RAKSHIR CUTTER HINDU ARDENT SANATANI 🚩🚩💪🏻💪🏻,indiandankmemes,1614867041,2021-03,"Sarcastic pro-Brahmin rant, no personal attack or hate speech.",0,0,0,0,0,0,0
gpnjubz,Lol mai hi post kar deta hu r/sunraybee mei,saimansays,1614867053,2021-03,"Meta-commentary about posting on a subreddit, no offensive content.",0,0,0,0,0,0,0
gpnjvsv,"Bhakt logic : Yeah BJP is pro-rape, better give them authority over everything so that rape problem can be solved.

Also, Current SC and specially bobde is BJP stooge. It is not even hidden atm.",unitedstatesofindia,1614867074,2021-03,"Political criticism of BJP and SC, no personal attack or hate speech.",0,0,0,0,0,0,0
gpnjztn,Hahahahaahahaahahhaahhaha chutney holy hell. Main abhi idhar sauce horimiya likhne jaa rha tha. Dill jeet liya🤣🤣🤣🤣,chodi,1614867132,2021-03,"Lighthearted comment with 'chutney' (not profanity), no target.",0,0,0,0,0,0,0
gpnk9sh,"Yes and then the 4th installment of this “universe” is with Sanjana Sanghi, prequel of Stree. I wonder how long they can go on ..",bollyblindsngossip,1614867277,2021-03,"Discussion about movie universe, no offensive content.",0,0,0,0,0,0,0
gpnkbq9,"I literally made a similar comment not two weeks ago on the post about Shilpa Rao.

What I think is, she had too much weight to put around through most of her career. Big directors respected her for her talent and feared her for her threats like ""of you sign this xyz singer I won't work with you again"" anyway that was during her peak..Maybe by the late 90's and early 00's it was just YRF's respect for her.

Nonetheless, that throaty and nasal voice has ruined many otherwise beautifully picturized and composed songs...my personal fridge is against DTPH and Jiya Jale.",bollyblindsngossip,1614867305,2021-03,"Criticism of a singer's voice and career, no personal attack or hate speech.",0,0,0,0,0,0,0
gpnkdjt,But she goes on and on when the other person doesn’t react. Look at what happened to HR. He didn’t bother clarifying her lies in the beginning and soon people started believing her stupid theories . It’s a good thing people know now she’s crazy else poor HR got a lot of hate for no reason. Anyone she targets should just threaten to sue her now.,bollyblindsngossip,1614867333,2021-03,"Criticism of a public figure's behavior, no personal attack or hate speech.",0,0,0,0,0,0,0
gpnke2r,"What suffering, bhai tumko reservation mil gya aur kya chahiye. JEE mei general category valo ko 80% above chahiye hota h but sc/st ko 40% mei hi admission krwa dete h. Same in other fields. Kuch logo ko jitna do utna kam h. Seedha seedha bolo na ki nahi jamta tumhe vo kaam aur dusro ko vo kaam easily karte dekh tumhe chid machti h lol.",saimansays,1614867340,2021-03,"Political argument about reservation, no personal attack or hate speech.",0,0,0,0,0,0,0
gpnkke5,I wanna know what happened next🤣,desimeta,1614867430,2021-03,"Curiosity about a story, no offensive content.",0,0,0,0,0,0,0
gpnklch,"Weed/cannabis is a big part of the culture but mainly ascetics do it nowadays. 

Recreational use needs proper gov't regulation but its easier to just keep it illegal. 

This guy found a way to reuse bhang into other products which is really innovative.",chodi,1614867444,2021-03,"Discussion about cannabis culture, no offensive content.",0,0,0,0,0,0,0
gpnkpku,"This is what being unproblematic looks like 👏 not a single bad comment, everyone is happy for her! Congrats 💗",bollyblindsngossip,1614867506,2021-03,"Positive comment, no offensive content.",0,0,0,0,0,0,0
gpnks5m,"I think this election scenario is the exact one in which BJP has shocked and surprised. Personally no clue about the ground reality in Bengal besides what I read in the news, but the unhinged way Mamata and the TMC have been behaving in the run up to the election tells me that they are absolutely rattled and desperate. We'll see.",indiadiscussion,1614867543,2021-03,"Political commentary, no personal attack or hate speech.",0,0,0,0,0,0,0
gpnl3rh,"Dekh li reality, jo hai vahi hai. And btw I'm not screaming you are. Bhai mai toh bade calm tareeke se baat kr rha hu. Tum hi 'you Brahmins, you Brahmins' karke baat kar rahe ho lol. Apni bhadaas kahi aur nikalo yaha kuch nahi hone vaala lmao.",saimansays,1614867707,2021-03,"Defensive response, no personal attack or hate speech.",0,0,0,0,0,0,0
gpnl7fg,"Shove that cookie up your ass. ""gO bAcK tO cHoDeHuB"" lmao u look hurt. 
Imagine Canada asks Khalistanis to go back to punjab lol.",librandu,1614867757,2021-03,"Profanity directed at a person, but no identity-based hate.",1,1,0,0,0,0,0
gpnldfs,"Are you sure? Name one person who took fight with DAbollyWOOD and survived. Exception is this girl who not only took fight with almost every major name but made a 100 crore film after that. She is a fine actress, decent director and producer. What else do you want? Although I don't like a lot of what she says but I wish I had the balls to speak my mind in public like her. Sherni? Yeah, more so than you and me.",chodi,1614867840,2021-03,"Discussion about a celebrity, no personal attack or hate speech.",0,0,0,0,0,0,0
gpnlfjv,"Lol, you wish, in current slot based system where one can book a slot online and go for test or whatever, the dalal use their own email id and sometimes mobile number for every customer. My friend decided to not go through dalal and even prepared for test but mofo at rto failed him over poor connectivity or server down bullshit during his test, saying he had to book again and appear for test.",chodi,1614867869,2021-03,"Criticism of RTO system, no personal attack or hate speech.",0,0,0,0,0,0,0
gpnlhzp,"I don't know what makes you so stupid, but it really works.",librandu,1614867904,2021-03,"Insult directed at a person, no identity-based hate.",0,1,0,0,0,0,0
gpnlwdx,"Yeah .., see how much brahminical dominance are there and don’t be such a pussy and blame SC and ST",saimansays,1614868098,2021-03,"Insult directed at a person, no identity-based hate.",0,1,0,0,0,0,0
gpnly3b,"Kangana is totally cray cray no doubt, do not even like her or her acting, but it’s funny how some people have decided by themselves only that there was nothing between her and HR/RK. Don’t know how people know it for sure that those are just her fantasies/hallucinations. 
I don’t know what’s true but it amuses me to see so many people here just passing judgements on what is true 🤷🏻‍♀️ like how do you even know man?",bollyblindsngossip,1614868121,2021-03,"Discussion about a celebrity, no personal attack or hate speech.",0,0,0,0,0,0,0
gpnlygn,"Ya marxallah, 10k subs pure ho Gaye

Long live Sharia bolshevism",librandu,1614868126,2021-03,"Celebratory comment mixing religious and political ideology, no personal attack or hate speech.",0,0,0,0,0,0,0
gpnm2ob,"""Saagar ki gehraiyin se, gehra hai apna pyaar""
What a line!",bollyblindsngossip,1614868184,2021-03,"Appreciation of a song lyric, no offensive content.",0,0,0,0,0,0,0
gpnmc4y,"Once again, just see what I have written. I didn't blame any sc/st. Just blaming the system. And about being an ""edgy screaming teenager"", dikh raha h baat karne ke tareeke se ki kon ""edgy screaming teenager"" h lmao.",saimansays,1614868316,2021-03,"Defensive comment about not blaming SC/ST, criticizing the system, no personal attack or hate speech.",0,0,0,0,0,0,0
gpnmmq6,Pure randia mai faili orgasm ki lehar,chodi,1614868464,2021-03,"Meta-commentary about a subreddit, no personal attack or hate speech.",0,0,0,0,0,0,0
gpnmtsh,First day legs nahi karna chaiye tha... Koi instructor nahi hai gym mai?,unitedstatesofindia,1614868561,2021-03,"Question about gym routine, no offensive content.",0,0,0,0,0,0,0
gpnn0wc,"tldr; Bengaluru topped the list of 111 cities in the government's 'Ease of Living Index' on Thursday, followed by Pune, Ahmedabad, Chennai, Surat, Navi Mumbai, Coimbatore and Vadodra. According to the index released by Union Housing and Urban Affairs Minister Hardeep Singh Puri, Shimla was ranked

*Summary generated by [sansa](https://sansa.news/)*",unitedstatesofindia,1614868654,2021-03,"News summary, no offensive content.",0,0,0,0,0,0,0
gpnn135,"tldr; In the 1990s, when India's private enterprise was unshackled, the state-owned brands got huddled in retreat, failing to match the aggressive marketing, branding, or price/value tactics of freshly minted private competitors, writes author Mahesh Babu. ""The Indian State had become a two-headed monster – its bigger, more visible and ferocious head was vindictive, while its smaller, softer head was also the ultimate anna-data/mai-baap, which also fed and protected the vulnerable,"" he adds.

*Summary generated by [sansa](https://sansa.news/)*",unitedstatesofindia,1614868657,2021-03,"News summary, no offensive content.",0,0,0,0,0,0,0
gpnn1f5,"tldr; The Freedom in the World report has downgraded India from a 'Free' country to a 'Partly Free' country, giving it a 'global freedom score' of 67/100 after judging it on various political rights and civil liberties. The report attributed the downgrade to ""rising violence and discriminatory policies affecting the Muslim population"" and ""crackdown on expressions of dissent by the media, academics, civil society groups, and protesters"" under the Narendra Modi government.

*Summary generated by [sansa](https://sansa.news/)*",unitedstatesofindia,1614868661,2021-03,"News summary, no offensive content.",0,0,0,0,0,0,0
gpnn30i,(culturally) Hindu katua checking in,librandu,1614868682,2021-03,"Self-identification with a slur, but not directed at others, no hate speech.",0,0,0,0,0,0,0
gpnn3u2,"What's a Kulcher lmao

Well aren't American liberals just people who think 
""Hey capitalism works, it's just that the current people in power are succ. So we need to weed out the bad ones and hey we'll get a great system!""

I won't say India is more progressive but I feel we have more commies/socialists here rather than America cuz of the whole phobia there. So isn't like that better?",librandu,1614868693,2021-03,"Political discussion, no personal attack or hate speech.",0,0,0,0,0,0,0
gpnn3xv,Bhai maine to ki hai pee chikke ki dekha dakhi.,unitedstatesofindia,1614868695,2021-03,"Slang expression, no offensive content.",0,0,0,0,0,0,0
gpnn5ku,"Yeah but here your question was what was this sub's position on trans rights and your answer was given. If you didn't claim to be Hindutva, then you wouldn't have faced such hostility since you were assumed to be some regular chaddi. As long you're a social progressive you're welcome here.

Also if a LGBT person is bigoted then they should be called out. Being a LGBT person doesn't give you the free pass to be a bigot. Even if you are a bigoted LGBT person we still support your right to marry, not to be discriminated on the basis of being a LGBT person, adoption, healthcare etc. you'll only be criticized for your bigoted attitudes rather than because you're a LGBT person.",librandu,1614868716,2021-03,"Discussion about subreddit stance on trans rights, no personal attack or hate speech.",0,0,0,0,0,0,0
gpnn5vf,"But muh reserbation bro😡😡😡 and our president is dalit , proof baman opressed.",librandu,1614868720,2021-03,"Sarcastic comment about reservation and president, no personal attack or hate speech.",0,0,0,0,0,0,0
gpnnq50,I'm not you fucking asshole. Read what I posted and get back to me with your whinings. Even if I do becomes jealous why the fuck do you care?,bollyblindsngossip,1614868988,2021-03,"Profanity directed at another user, personal insult.",1,1,0,0,0,0,0
gpnnutd,"""Oh but it's the Indians fault for breeding like rabbits"" - some bri'ish dude

Yeah true! Most people who say ""only capitalism works see vuvuzuela"" conveniently forget 2008

Modi government has done more harm than good ngl, doing the bare minimum to keep the country afloat",librandu,1614869049,2021-03,"Political commentary with mild profanity, no personal attack.",1,0,0,0,0,0,0
gpnnxg1,Where were you when kashmiri pandits were ransacked from their homes? You're a TRU LIBRANDU!,indiandankmemes,1614869084,2021-03,"Political accusation, no personal attack or hate speech.",0,0,0,0,0,0,0
gpno11q,"Check out this guys history he is a libgandu pretending to be something else here. His goal is to derail the thread by posting nonsense and provoking responses, don't fall for it. 

So what happens is that instead of proper discussion we have these nonsensical comment thread walls of text that new readers to the post view and and then walk away. 

Sadly I am seeing a lot of this on these subs and mods don't seem to be able to control it.",chodi,1614869132,2021-03,"Accusation of trolling, no personal attack or hate speech.",0,0,0,0,0,0,0
gpno178,This freedom from within is what people like Kanhaiya Kumar are protesting for,librandu,1614869134,2021-03,"Political statement, no offensive content.",0,0,0,0,0,0,0
gpno1q8,That's what heroes do,saimansays,1614869141,2021-03,"Positive statement, no offensive content.",0,0,0,0,0,0,0
gpno4i6,"Lub jihad. Must spread the message of muh profit. 
Alhumblablablaallah.",librandu,1614869178,2021-03,"Mocking religious phrase, but not targeting a specific individual or group, no hate speech.",0,0,0,0,0,0,0
gpno8pe,"General people are suffering in getting colleges. If they're 90% of the workforce, that's because they have worked hard for it and hence know where to apply the knowledge they have learnt. Meanwhile sc/st are just getting top colleges by getting 40%. And at the end they just drop out because they don't understand what is being taught due to lack of studying in previous years.",saimansays,1614869233,2021-03,"Criticism of reservation policy based on perceived merit, no personal attack or hate speech.",0,0,0,0,0,0,0
gpnobba,"It was never free from the British. Their legacy, their laws, their governance, and most importantly their moral ideology and ethic remained firmly entrenched, especially among an imposing elite. Thank you Modiji for the partial freedom.",unitedstatesofindia,1614869268,2021-03,"Political commentary on British legacy and Modi, no hate speech.",0,0,0,0,0,0,0
gpnokx0,Why not? What is your issue with it? Territorial much? I said I'd be interested. You may skip the film.,bollyblindsngossip,1614869396,2021-03,"Neutral response, no offensive content.",0,0,0,0,0,0,0
gpnolrh,"AAP needs contributing, visualistic, futuristic minds like you instead of fatty like sanjay singh",chodi,1614869407,2021-03,"Personal insult directed at a politician, no profanity or identity-based hate.",0,1,0,0,0,0,0
gpnomkv,What's wrong with it?,chodi,1614869418,2021-03,"Neutral question, no offensive content.",0,0,0,0,0,0,0
gpnoqhx,"People have reason to not believe her. She's been caught in her lies multiple times. She went ahead and made big claims about her relation with HR but guess what ? Couldn't prove a single one. She said HR and her got engaged in Paris in 2014 but turns out HR didn't even go to Paris that time ( this proved by his passport). She says she's been in a 7 years long relationship with HR but the ONLY thing to support that claim was a cropped pic taken at a bollywood party, that lie also got exposed. HR submitted all his gadgets to prove himself but when she had to submit hers, her gadgets fell into the pool. Convenient much ?

Plus she has already tried spreading rumours about RK and herself in the past also. That time RK's spokesperson put out a statement that RK knew who was behind this false news and if that person didn't stop, he would come out and speak. 

I hope she doesn't get to get away with what she did to Hrithik and I also hope she doesn't get to do it to someone else.",bollyblindsngossip,1614869469,2021-03,"Discussion of a public figure's credibility, no hate speech.",0,0,0,0,0,0,0
dmqptsf,"[This](http://i.imgur.com/l6sdjd5.jpg) is his gf, brother. What do you think?",bakchodi,1504896195,2017-09,"Neutral question, no offensive content.",0,0,0,0,0,0,0
dmqsq6w,"Indian women can titillate - they're unfortunately very bad at sex.  Its simply because they haven't had enough partners and haven't done it as much as Western women (""You are what you do""). After my divorce, I have had 45 partners, mostly white and the 2 worst ones were Indian. One was a bomb, 43 years old - AND VIRGIN! They just lie there and moan. Even twenty-something western women are infinitely better at knowing how to give head, where a man's sensitive spots are. Indian women have layers of defense and they haven't been cultivated to enjoy sex purely for pleasure without using it as a tool of manipulation of the man....so don't get too excited by VISUAL TITILLATION. She is over promising and the experience is guaranteed to be underwhelming.",bakchodi,1504899487,2017-09,"Sexual objectification and derogatory stereotypes about Indian women, no profanity.",0,0,1,0,0,0,1
dmqtfoa,But... But.. what about 2002?,bakchodi,1504900299,2017-09,"Neutral question, no offensive content.",0,0,0,0,0,0,0
dmqtuti,"And stock markets are just a place where people gamble and it has no relation to the economy, right? It is working because there has been some action taken which clears things for future. Like emphasis on bringing all money to mainstream due to demonetization, I am not implying it was a grand success, and GST reforms. Structural reforms never yield short term reforms. Most of the things people like you have been bitching about were worse before and there actually an improvement. But it is India, there is a huge level of poverty, corruption and suffering and it is always easy to twist and turn narratives to suit your needs. Though I concede on cow protection and Hindu bullshit being peddled by the government.",bakchodi,1504900781,2017-09,"Political commentary, no hate speech.",0,0,0,0,0,0,0
dmqv5s1,who? What? Why? Where? When?,bakchodi,1504902300,2017-09,"Neutral question, no offensive content.",0,0,0,0,0,0,0
dmqznzo,He admitted a while ago that he was Muslim. Muslim women don't have unrestricted access to the internet. TNTB is always on the internet. Ergo he is either not a Muslim or not a woman. What is more likely?,bakchodi,1504907741,2017-09,"Stereotyping Muslim women, but not directly attacking a specific person or group.",0,0,1,0,1,0,0
htzbptz,Mai laptop bech ke gym ka membership le lunga,saimansays,1642999534,2022-01,"Self-deprecating humor, no offensive content.",0,0,0,0,0,0,0
htzch4q,Abba:- hum bhi banegen saath mai,saimansays,1642999929,2022-01,"Neutral statement, no offensive content.",0,0,0,0,0,0,0
htzcj6t,"Lmao. What the hell is wrong with you guys?!!
Its sexist cuz it is a movie about a rural illiterate criminal. Ffs, of course he has a questionable character. It is not supposed to be politically correct.",bollyblindsngossip,1642999959,2022-01,"Defending a movie, no offensive content.",0,0,0,0,0,0,0
htzcn8q,"Well in all honesty the guys like Suraj Kumar are not criticizing the movie for its art value. They only care about one thing. Is the movie paisa vasool or not. This is face of  India that lives below poverty line and for whom movies are biggest mean of entertainment. His subscriber are mostly people who think the same.

I can go on and talk about camera angle, subtle emotions, script that make my heart go doki-doki. I can even go one step further and flex my knowledge about world cinema. But to them there is only one value- will it keep them occupied for hour they sit in theater and will it give them their money's worth.

I don't think you can compare orange to apples.  If there are agenda based critics then feel free to bash them. The real problem is so called known critics like Anupama are biased about actors and can't hide it. And most Bollywood critics are concerned with business and have zero understanding of what makes movies great.",bollyblindsngossip,1643000019,2022-01,"Criticism of critics, no hate speech.",0,0,0,0,0,0,0
htzco0u,What if Gangubai was from Malabar Hill instead of Kamathipura,bollyblindsngossip,1643000031,2022-01,"Neutral question, no offensive content.",0,0,0,0,0,0,0
htzcsal,IDGAF about yahoodis being gassed and polish being removed with chemicals. All I care is that we got the fucking independence.,chodi,1643000093,2022-01,"Profanity and offensive reference to historical events, but no targeted abuse or hate speech.",1,0,0,0,0,0,0
htzcum7,bahenchod khali mai dara diya result aa gaya bol kar,indiandankmemes,1643000127,2022-01,"Profanity used as exclamation, not directed at anyone.",1,0,0,0,0,0,0
htzcw6n,Correct me if I am wrong but WhatsApp is still very secure as far as I know. No govt can crack its encryption.,librandu,1643000151,2022-01,"Neutral statement, no offensive content.",0,0,0,0,0,0,0
htzcwr9,"Even I would say Sir for him. No questions about it. 

It is not about forcing. It is about expectation in India. It is not always an option. Some of the non-IT old-school Indian companies expect/assume that you'll call any senior as sir/mam. I find issues with that. 

And there's no looking down on anyone. My wall of text here won't change anyone's mind. It's just what I find problematic.",bollyblindsngossip,1643000159,2022-01,"Discussion about workplace norms, no target or profanity.",0,0,0,0,0,0,0
htzcy32,WhatsApp has such backdoor?.. source please,librandu,1643000178,2022-01,"Asking for source, neutral.",0,0,0,0,0,0,0
htzcyr3,"brahmins = advisory role in politics

kshatriyas = fighting role",chodi,1643000188,2022-01,"Statement about caste roles, no hostility.",0,0,0,0,0,0,0
htzd4r2,It was so bad that i even remember what it was...,chodi,1643000276,2022-01,Neutral comment about memory.,0,0,0,0,0,0,0
htzd8co,well whatever info you provided makes you look like a bigger fool,dankinindia,1643000330,2022-01,"Personal insult calling someone a fool, no profanity.",0,1,0,0,0,0,0
htzdaoo,What do you mean(◕ᴗ◕✿),dankinindia,1643000364,2022-01,Neutral question with emoticon.,0,0,0,0,0,0,0
htzdina,"Your submission has been removed due to low karma or being new to Reddit. To start posting, **comment on other posts** &amp; get internet points on them. Also, please have a look at our **RULES** and make sure your post fits **Guidelines**.

If you believe you made a **High effort/Quality post** or need earlier access, please reach us on modmail on the link provided below. Thanks for participating on r/SaimanSays, u/The_Delightful_Swan. Regards.


*I am a bot, and this action was performed automatically. Please [contact the moderators of this subreddit](/message/compose/?to=/r/SaimanSays) if you have any questions or concerns.*",saimansays,1643000485,2022-01,"Automated moderation message, no target.",0,0,0,0,0,0,0
htzdq0b,"I respect Netaji very much

But

There were people like Shah Nawaz Khan in Azad Hind Fauj whose son was a high up Pakistani army official and his nephew was ISI chief.

I literally used to worship Bhagat Singh and Netaji, had their photographs sticked in my diary, their birth and martyrdom dates noted, but in present scenario, I don't know if they too would've eaten sarva Sharma Vada paav",chodi,1643000598,2022-01,"Political commentary on historical figures, no personal attack or hate.",0,0,0,0,0,0,0
htzdq7e,"What she means:  ""if I want something really badly, I ask Papa KJO.....""",bollyblindsngossip,1643000601,2022-01,"Sarcastic comment about a celebrity, no profanity or hate.",0,0,0,0,0,0,0
htzdvl1,"TIL. So, WhatsApp can handover this metadata to govt agencies if required?",librandu,1643000682,2022-01,"Question about WhatsApp metadata, neutral.",0,0,0,0,0,0,0
htzdyov,what does zebras mean in this context 😓,bollyblindsngossip,1643000729,2022-01,"Asking for clarification, neutral.",0,0,0,0,0,0,0
htze04z,Not much matters to what you play if you have fun then what's the problem just people are so toxic about pubg like there can't be better game then that and they always talk about it pubg,dankinindia,1643000750,2022-01,"Comment about gaming community, no target or profanity.",0,0,0,0,0,0,0
htze0ya,"Bhai mai ye sochta

Unhone sex discover kaise kia hoga ¯\_(ツ)_/¯",indiandankmemes,1643000762,2022-01,"Humorous speculation, no profanity or target.",0,0,0,0,0,0,0
htze6bl,"Part 1: whatsapp sues govt. after IT Laws 2021 was passed and enforced.

https://www.theguardian.com/world/2021/may/26/whatsapp-sues-indian-government-over-mass-surveillance-internet-laws

Part 2: whatsapp loses the court case.

https://www.thenewsminute.com/article/whatsapp-can-t-challenge-indian-law-it-foreign-entity-union-govt-hc-156812

Part 3: whatsapp forced to accept and gives backdoor to govt

https://www.timesnownews.com/technology-science/article/facebook-google-and-whatsapp-agree-to-comply-with-new-it-rules-appoint-officers/763365

&gt;The government on Thursday sent a response asking social media giant to ""stop beating around the bush and comply with laws of the land.""

The govt. literally said this. Implying that no-one can challenge the govt. This is why democracy is dying cus of BJP.


Edit: added other parts",librandu,1643000845,2022-01,"Political criticism of government, no profanity or personal attack.",0,0,0,0,0,0,0
htzekjw,"Just wanna ask where you are from and what makes you say it is mahesh babu?

He has been around for 22 years and not even there was rumor of him doing these things",bollyblindsngossip,1643001064,2022-01,"Defending a celebrity, no profanity or hate.",0,0,0,0,0,0,0
htzeq30,Bc Kashmir India mai hi to aata hai,indiandankmemes,1643001151,2022-01,"Profanity 'Bc' used as filler, no target.",1,0,0,0,0,0,0
htzeqw8,WhatsApp has US backing . I don't think govt can do more than this. They will remind couple more times but whatsapp will not give a shit. People don't realise how much US govt backs their companies in other countries.,librandu,1643001164,2022-01,"Political commentary on WhatsApp and government, no profanity or hate.",0,0,0,0,0,0,0
htzeqyn,Maine manga hi pdhi bas ye recommend kardiya harmiyon ne kyuki me guts theme sun rha tha,dankinindia,1643001165,2022-01,"Personal anecdote, no profanity or target.",0,0,0,0,0,0,0
htzeruq,"True. 
She would have been called petty and trying to upstage plus jealous and what not. 

I mean she got brickbats for unarchiving as if she uploaded new pictures. 
I am just amazed how big of a deal people made about those pictures which were already public and who even checked it?",bollyblindsngossip,1643001179,2022-01,"Comment on public reaction, no target or profanity.",0,0,0,0,0,0,0
htzeuix,"Recruitment is open for Istiahhadi (suicide bomber in name of allah)

 may allah bring peace upon this world.",indiandankmemes,1643001220,2022-01,"Recruitment for suicide bombers, religious hate, no profanity.",0,0,1,0,1,0,0
htzevhz,"1. https://youtu.be/h7cR9qsprCE
Song name - BORO BORO
2. https://youtu.be/-3d1PB3SU3c
Song name - maine rooyan",dankinindia,1643001236,2022-01,"Song names, no profanity or abuse.",0,0,0,0,0,0,0
htzexvn,"Your submission has been removed due to low karma or being new to Reddit. To start posting, **comment on other posts** &amp; get internet points on them. Also, please have a look at our **RULES** and make sure your post fits **Guidelines**.

If you believe you made a **High effort/Quality post** or need earlier access, please reach us on modmail on the link provided below. Thanks for participating on r/SaimanSays, u/Rohankoo7. Regards.


*I am a bot, and this action was performed automatically. Please [contact the moderators of this subreddit](/message/compose/?to=/r/SaimanSays) if you have any questions or concerns.*",saimansays,1643001274,2022-01,"Automated moderation message, no abuse.",0,0,0,0,0,0,0
htzf0li,"Your fiance is a manipulative person. He's trying to impose control on you this late because he always intended to do it. This ""exploring of idea"" didn't come overnight. Don't budge on your side and make it clear to him that you are never having kids because that's what you talked of before. Do it OP, live your life like you want to, you are not a baby dispenser machine.",arrangedmarriage,1643001315,2022-01,"Advice about fiancé, no profanity or abuse.",0,0,0,0,0,0,0
htzf34k,"Science ka choda mai, Genesis theory lund hai.",indiandankmemes,1643001355,2022-01,"Profanity directed at abstract concept (science, Genesis theory), not personal.",1,0,0,0,0,0,0
htzf3vd,"Your submission has been removed due to low karma or being new to Reddit. To start posting, **comment on other posts** &amp; get internet points on them. Also, please have a look at our **RULES** and make sure your post fits **Guidelines**.

If you believe you made a **High effort/Quality post** or need earlier access, please reach us on modmail on the link provided below. Thanks for participating on r/SaimanSays, u/GeneCrazy2109. Regards.


*I am a bot, and this action was performed automatically. Please [contact the moderators of this subreddit](/message/compose/?to=/r/SaimanSays) if you have any questions or concerns.*",saimansays,1643001366,2022-01,"Automated moderation message, no abuse.",0,0,0,0,0,0,0
htzf709,"Honestly, I wish I was interested in this, but they're both so dull I simply can't muster up the energy to give a shit, you know what I mean?",bollyblindsngossip,1643001416,2022-01,"Mild profanity as filler, no target.",1,0,0,0,0,0,0
htzfd73,"You are right, even if he had said just about british, it's still a bit logical but gandhi doesn't make sense to have influenced anything whatsoever in this scenario",desimeta,1643001513,2022-01,"Discussion about Gandhi, no profanity or abuse.",0,0,0,0,0,0,0
htzfeiz,"chutiye log he aise apps ko install karte hai

isiliye maine bhi ek baar kiya tha",saimansays,1643001534,2022-01,"Profanity directed at people who install such apps, generic group, not identity-based.",1,1,0,0,0,0,0
htzffs5,"
#**Seriously read this**

Hello u/ShinchanKaAgent, your submission was **removed** from /r/IndianDankMemes for the following reason(s):

# Your account is too new (You need a **5 DAY OLD ACCOUNT**) **and/or** You don't have enough 
karma to post here (You need **50 COMBINED KARMA**)

You need to meet **BOTH** requirements

Check your karma [here](https://old.reddit.com/user/me).

Do not modmail the mods about this as we will ignore it.

*I am a bot, and this action was performed automatically. Please [contact the moderators of this subreddit](/message/compose/?to=/r/IndianDankMemes) if you have any questions or concerns.*",indiandankmemes,1643001553,2022-01,"Automated moderation message, no abuse.",0,0,0,0,0,0,0
htzfi2t,Maine zyada mythology wagera padhi nhi par jesus to God ke hi bete the na dono Quran aur Bibble main??,saimansays,1643001589,2022-01,"Religious question, no hostility.",0,0,0,0,0,0,0
htzfkq9,"Your submission has been removed due to low karma or being new to Reddit. To start posting, **comment on other posts** &amp; get internet points on them. Also, please have a look at our **RULES** and make sure your post fits **Guidelines**.

If you believe you made a **High effort/Quality post** or need earlier access, please reach us on modmail on the link provided below. Thanks for participating on r/SaimanSays, u/CHAUHAN_here. Regards.


*I am a bot, and this action was performed automatically. Please [contact the moderators of this subreddit](/message/compose/?to=/r/SaimanSays) if you have any questions or concerns.*",saimansays,1643001631,2022-01,"Automated moderation message, no abuse.",0,0,0,0,0,0,0
htzfncb,Accha up me koi accha  engineering colleges nhi h kya! Kolkata me padne ku ate h ..hamesha hindu muslim karte rehte ho kya💩,saimansays,1643001672,2022-01,"Criticism of UP and Kolkata, mentions Hindu-Muslim but not hateful.",0,0,0,0,0,0,0
htzfoom,I stopped using the WhatsApp the day I mentioned the word 'water bottle' to a friend (we went hiking) &amp; Amazon recommended it to me the very next day. Signal has some issues but it's way better than WhatsApp.,unitedstatesofindia,1643001693,2022-01,"Personal anecdote about WhatsApp, no abuse.",0,0,0,0,0,0,0
htzfvgl,"dude mujhe koi idea nai hai , mai buddhist hu , aur mujhe buddhism ke baare me hi jyada nai pata baaki religions ka chhod de",saimansays,1643001798,2022-01,"Personal statement about religion, no abuse.",0,0,0,0,0,0,0
htzfz0t,"Looks like he said what you wanted to hear to make you like him! 

Major red flag! You communicated your choice of living a child free life and he reciprocated but now is backtracking? No girl, if he's convincing you now.. think about how his and your family would be on you the second you get married to now start having babies.

If that's something you don't want, don't give in and Break it off. It might mean alienating your own mother but you gotta live with your choices and decide for yourself. You'll have to live your life according to what you want, not what others want for you!",arrangedmarriage,1643001854,2022-01,"Advice about relationship, no profanity or abuse.",0,0,0,0,0,0,0
htzfz2q,"It was not for the main food supply, they used the Indian grains for backup of their original  stocks.",chodi,1643001855,2022-01,"Historical discussion, no abuse.",0,0,0,0,0,0,0
htzfz6d,"If I was in the car, i will let him know i have seen many selmon bhai driving tests, i am his instructor and i have to show him what accelerator does...

Update 1 : i got banned from this sub
Update 2 : i got unbanned",dankinindia,1643001856,2022-01,"Humorous comment about driving, no abuse.",0,0,0,0,0,0,0
htzg26r,What is this sub becoming?,saimansays,1643001901,2022-01,"Question about subreddit, no abuse.",0,0,0,0,0,0,0
htzgac9,"Tell you what, it can still be argued that the woman has been forced to sign it lol. These guys are such pathetic incels",librandu,1643002028,2022-01,"Insult directed at a group ('incels'), no profanity, not identity-based.",0,1,0,0,0,0,0
htzgb9l,"Lol it just shows how easy it is to twist a story around when you are perceived as a victim.

If Hrithik hadn't happened to marry a Muslim too, everybody and their mother would have lined up to cancel the Roshan's. One little coincidence helped save them from scandal.",bollyblindsngossip,1643002043,2022-01,"Commentary on media, no abuse.",0,0,0,0,0,0,0
htzgbw1,Does anyone know what happened before and after in the template video,dankinindia,1643002052,2022-01,"Neutral question about a video, no offensive content.",0,0,0,0,0,0,0
htzghd4,"Netaji did whatever he did for his country his motherland don't put this western thing us indians,we don't relate to that persecution nor Nazis.
Jews were never persecuted in India,that should be enough to tell that india didn't have anything against Jews.

What Hitler is to Europe is what Churchill is to india
Fuck Churchill,fuck British imperialism, Subhas Chandra Bose was,is and will be one of the greatest freedom fighters.",indiandankmemes,1643002138,2022-01,"Profanity directed at historical figures and British imperialism, not a specific person or group.",1,0,0,0,0,0,0
htzgi4j,"Well, I only talk to two people daily &amp; both are on signal. I could not uninstall WhatsApp because most people use it. But I use it for hardly more than 5 mins per day.",unitedstatesofindia,1643002149,2022-01,"Personal statement about app usage, no offensive content.",0,0,0,0,0,0,0
htzgjso,"&gt; This meme is literally made on the basis of speculation that the Japanese would commit atrocities in India.

Ain't speculation, look at what happened in Andamans. And Bose did nothing about it.
 Hate to say it, but the meme is right.

Edit: Sirf downvote karoge ya kuch reply bhi karoge 😂",desimeta,1643002176,2022-01,"Discussion of historical events, no personal attack or hate speech.",0,0,0,0,0,0,0
htzgkld,Coz most people haven’t ever really dated anyone or even had a real conversation  with the opposite sex and have no idea what they should be looking for. I blame the toxic asian culture which places family honor in women’s hoohas,arrangedmarriage,1643002188,2022-01,"Criticism of Asian culture, but no specific target or hate speech.",0,0,0,0,0,0,0
htzgmho,"I honestly don't care what y'all say. I'm hyped for this movie. 

To the people screaming ""unnecessary intimate scenes"", firstly ... you guys haven't even seen the movie yet and moreover, it has an A rating. It's not meant to be family friendly content. They're not misleading their marketing or anything. 

Nahi dekhna hai toh mat dekho.",bollyblindsngossip,1643002218,2022-01,"Defense of a movie, no offensive content.",0,0,0,0,0,0,0
htzgn5s,"Your submission has been removed due to low karma or being new to Reddit. To start posting, **comment on other posts** &amp; get internet points on them. Also, please have a look at our **RULES** and make sure your post fits **Guidelines**.

If you believe you made a **High effort/Quality post** or need earlier access, please reach us on modmail on the link provided below. Thanks for participating on r/SaimanSays, u/BOREDGUY_IMEAN. Regards.


*I am a bot, and this action was performed automatically. Please [contact the moderators of this subreddit](/message/compose/?to=/r/SaimanSays) if you have any questions or concerns.*",saimansays,1643002229,2022-01,"Automated moderation message, no offensive content.",0,0,0,0,0,0,0
htzgs6t,"
&gt;What's ""maybe read some more.

**Want me to write in Vernacular Pal?**

**இன்னும் கொஞ்சம் படிக்க முயற்சிக்கவும்**",chodi,1643002308,2022-01,"Sarcastic remark with Tamil translation, no offensive content.",0,0,0,0,0,0,0
htzgsd2,What does that even mean ? 😂 Somebody please explain,bollyblindsngossip,1643002311,2022-01,"Neutral question, no offensive content.",0,0,0,0,0,0,0
htzh0mp,"You can do whatever you want to do for fun but stop preaching ffs. They’ll preach whenever fits their agenda but their actions says something else. She is known here just for her item song plus her annoying PR constantly shoving her bold looks down our throats all the time. Your song is about mocking men but your own PR is gaining you popularity via your BoLd SeXy LoOkS aVaTaR rather than your acting skills, then your strongs views doesnt matter",bollyblindsngossip,1643002440,2022-01,"Criticism of a celebrity's PR and actions, no personal attack or hate speech.",0,0,0,0,0,0,0
htzh42i,"I would say the reasons are not as nutrition based as we think, but more related to how hormones are triggered in our body. Hormones decide everything, and genes influence release of these hormones. Exercise, environment, lifestyle, comfort, climate, temperature, onset of puberty at what age, how long puberty lasts, everything affects these hormones. Ofcourse you do need the raw material to actually create bodies i.e. food, but how that food is metablised and processed actually is decided by hormones. 

Also stats are one of the most misleading things in the world. Very easy to manipulate. Truth is that one can easily manipulate data in favour of factors that one wants to highlight. Studies are powered and financed not randomly but with strong intent. No one really knows the absolute truth concerning these things.",chodi,1643002496,2022-01,"Discussion of nutrition and hormones, no offensive content.",0,0,0,0,0,0,0
htzh8f8,itna hi gand mai dum tha is lode ki toh angrezo pr goli kyu nhi chalai. Yeh subreddit pr meme km propaganda zada chlta hai. gandhi ko gaali dene walo ne kbhi library mai kadam nhi rkha hoga.,dankinindia,1643002566,2022-01,"Profanity and insult directed at Gandhi and his supporters, but not a specific person or group.",1,0,0,0,0,0,0
htzhe00,Don't Bengalis in general eat so much protein and what not and are still on the shorter side?,chodi,1643002654,2022-01,"Question about Bengalis' height, no offensive content.",0,0,0,0,0,0,0
htzhf5x,So yahan koi hai...?,unitedstatesofindia,1643002673,2022-01,"Neutral question, no offensive content.",0,0,0,0,0,0,0
htzhg6g,Triggered insaan ke discord mai kya kar rha tha?,indiandankmemes,1643002689,2022-01,"Neutral question, no offensive content.",0,0,0,0,0,0,0
htzhi59,"
Hi! I am trying to do something about this subreddit and I need your support.

---

If you think this post is dank, **UPVOTE** this comment!


If you think this post isn't dank, **DOWNVOTE** this comment!

#[DownloadVideo Link](https://www.reddit.watch/r/IndianDankMemes/comments/sbek9j/?utm_source=automod&amp;utm_medium=IndianDankMemes)

#[SaveVideo Link](https://redditsave.com/info?url=/r/IndianDankMemes/comments/sbek9j/)


---

While you're here, /u/Main-Willow3384, Consider joining our [official discord server](https://discord.gg/xfJep6Fm6s)",indiandankmemes,1643002720,2022-01,"Promotional comment, no offensive content.",0,0,0,0,0,0,0
htzhk8y,vaah padhe likhe gawar yt se tujhe knowledge milti. kitne gawar hai bhai tu. randi ke bache library jaa vaha jaa kr books padh. inn chutiyo ke propaganda mai nhi fassega kbhi aur thodi si science bhi padh jis se tujhe thodi sochne ki shakti mile.,dankinindia,1643002753,2022-01,"Profanity and insults directed at a person, but no identity-based hate.",1,1,0,0,0,0,0
htzhnuj,"okay but some of the aesthetics in this movie are really attractive 😭 torn between not wanting to support talentless hacks cast in this movie but also wanting to watch it smh I wish better people were involved.

there’s something about the coldness with which they’re portraying the beaches and the ocean that’s really refreshing for Bollywood.

Edit: ""talentless hacks"" is directed at DP and Ananya mainly. Don't @ me, I don't think DP can act to save her life and I have been nothing but underwhelmed by her again and again. I've only seen SidC in Gullyboy and he was good there but he is still TBD for me, one supporting performance upheld by an otherwise good movie does not a good actor make. Dhairya is completely unknown to me. I liked Kapoor &amp; Sons very much but Shakun Batra only has 2 movies to his name (and the other one I haven't seen) so the jury's still out.",bollyblindsngossip,1643002812,2022-01,"Criticism of actors' abilities, no personal attack or hate speech.",0,0,0,0,0,0,0
htzhpxv,"i mean i kind of understand where they come from, after all the threats that poor child has got all because of a single game, and people r vile on the internet too so they probably don’t want her to be exposed to that esp since virat is such a big person here. because they can’t gatekeep their child just because of some creeps out there, so what they’re asking is that the media don’t give them too much attention especially since they have a child with them now.",bollyblindsngossip,1643002846,2022-01,"Discussion of celebrity child's privacy, no offensive content.",0,0,0,0,0,0,0
htzhq57,teri aisi gaand phadu gana saale randwe yahan par behenchod chain se jeena nahi deta saale nai behenchod dara diya tha ki aaj result aaayega lawada rangeeli jaant,indiandankmemes,1643002849,2022-01,"Profanity and threats directed at a person, no identity-based hate.",1,1,0,0,0,0,0
htzhr0f,"Haha did you just see her new post? “Request still remains the same” gtfo these drama queens man, baccho ko bhi nahi baksha",bollyblindsngossip,1643002863,2022-01,"Profanity used to insult drama queens, no specific target.",1,0,0,0,0,0,0
htzhs6v,abe chutiye randi ki aulad library mai kbhi kadam nhi rkha. ncert ke alawa bhi aur books hai. aya bda jootha iit kgp ko loda.,dankinindia,1643002882,2022-01,Profanity and personal insults directed at a specific person.,1,1,0,0,0,0,0
htzhwve,"&gt;&gt;why do so many Telugu movies feel the need to be like some epic movie? 

it wasn’t always this way. nowadays ppl will only go out and buy a ticket for “event” films. and unlike bwood, we actually have many true stars. it’s a more reliable investment i guess.

&gt;&gt;Like some big foreign NRI guy comes to India to woo the prettiest girl in all of Hyderabad.

😂😂 you just described mahesh babu’s entire filmography in the last 7-10 years. sadly, even he used to give quality hits but stuck to the NRI formula bc it’s a guaranteed success. i guess this is what happens when you have massive fanbases willing to buy the same product from you over and over again",bollyblindsngossip,1643002958,2022-01,"Discussion about Telugu cinema, no personal attack or hate.",0,0,0,0,0,0,0
htzi30z,Ummm what?! How did you not know there will be cameras?,bollyblindsngossip,1643003057,2022-01,"Neutral question, no profanity or hate.",0,0,0,0,0,0,0
htzi6r0,"bruh what's this trend going on of shiv ji cutting heads memes, i've seen a lot of em recently in this sub. I ain't complaining, i love memes of any kind but how did this happen?",saimansays,1643003117,2022-01,"Comment about memes, no hate.",0,0,0,0,0,0,0
htziaks,bhai koi baat nahi puri duniya hum saavle ladko se nafrat karti hai par koi baat tera bhai htler banega phir gore ladko ke liye concentration camp banaunga or ladkiyo ke liye uske liye kuch aur hi socha hai vo abhi yahan bataunga to log mere peeche padjayenge,indiandankmemes,1643003179,2022-01,"Self-deprecating humor with dark fantasy, no target.",0,0,0,0,0,0,0
htziasc,"What a piece of shit. That asshole definitely premeditated this. Please get out of the clutches of this manipulative, lying pos. No matter how much money has been spent, do you want to be married to such a lying, loser clown?",arrangedmarriage,1643003182,2022-01,Profanity and insults directed at a specific person.,1,1,0,0,0,0,0
htzic9m,Mai nasha nahi kar raha mai hi sashi tharoor hu!,indiandankmemes,1643003206,2022-01,"Joke about being Shashi Tharoor, no hate.",0,0,0,0,0,0,0
htzic9n,Iss liye class clown ko respect deta hu mai,dankinindia,1643003206,2022-01,"Positive comment about class clown, no hate.",0,0,0,0,0,0,0
htzifkb,She did one in Ek Niranjan opposite Prabhas ..where .. prabhas ...himself... Is a product of ... NEPOTISM.  If given a chance she ll do item song for Allu as well ... Kya farak padta hai when u do 2 songs 2 scenes doing main lead and earning the same while doing one Song . Sam allegedly took 1 cr just for a 3 min song and she was the one who refrained from doing item songs and she said she ll never do them .,bollyblindsngossip,1643003257,2022-01,"Discussion about nepotism and item songs, no personal attack.",0,0,0,0,0,0,0
htzig88, What do u mean? She is actually superior to Ananya.,bollyblindsngossip,1643003268,2022-01,"Comparison of actresses, no hate.",0,0,0,0,0,0,0
htzih4k,"Unfortunately these asian women( china, korea and Japan) will prefer white man(American , Europeans ) . 


Yeah they are hot and everyone wants to bang them , but there are only a few. Majority of asian women are not so attractive and you all should know that korea is plastic surgery hub of world . And makeup is more important than clothing . Most of those photos in internet are photoshoped . If you ever go to these countries, you will realise. And what remains are these actress and singers",chodi,1643003283,2022-01,"Stereotypes about Asian women, but not targeted at a specific group in India.",0,0,1,0,0,1,1
htzii2n,"Yeah i agree. But i also feel this was about showing her face to the public when they were ready, in a setting where she's out of harm's way (cricket stadium, there own viewing box or whatever that's called) without rabid fans and hounding paparazzi. We will be seeing more of the kid just likely on the parents' Instagram. 

I was just commenting about the sub members that are always on about, this is a gossip sub. That's getting old. People know and enjoy that, but some topics may get irritating and unnecessary. I'm not saying this one is, atleast not to me. I came too what people think of this move by Anushka. What we on here assumed was that there'd be a face reveal on a magazine cover. She certainly has the air of superiority about her. I'm just interested to know of this sub labels this move as her protective parental instinct or the said superior attitude.",bollyblindsngossip,1643003298,2022-01,"Discussion about Anushka's privacy, no hate.",0,0,0,0,0,0,0
htzik08,"Your submission has been removed due to low karma or being new to Reddit. To start posting, **comment on other posts** &amp; get internet points on them. ALso, please have a look at our **RULES** and make sure your post fits **Guidelines**.

If you believe you made a **High effort/Quality post** or need earlier access, please reach us on modmail on the link provided below. Thanks for participating on r/SaimanSays, u/yaTay22. Regards.


*I am a bot, and this action was performed automatically. Please [contact the moderators of this subreddit](/message/compose/?to=/r/SaimanSays) if you have any questions or concerns.*",saimansays,1643003329,2022-01,"Automated moderation message, no hate.",0,0,0,0,0,0,0
htzil3i,"Your submission has been removed due to low karma or being new to Reddit. To start posting, **comment on other posts** &amp; get internet points on them. Also, please have a look at our **RULES** and make sure your post fits **Guidelines**.

If you believe you made a **High effort/Quality post** or need earlier access, please reach us on modmail on the link provided below. Thanks for participating on r/SaimanSays, u/rohan_jha5. Regards.


*I am a bot, and this action was performed automatically. Please [contact the moderators of this subreddit](/message/compose/?to=/r/SaimanSays) if you have any questions or concerns.*",saimansays,1643003346,2022-01,"Automated moderation message, no hate.",0,0,0,0,0,0,0
htzilsw,"Your submission has been removed due to low karma or being new to Reddit. To start posting, **comment on other posts** &amp; get internet points on them. ALso, please have a look at our **RULES** and make sure your post fits **Guidelines**.

If you believe you made a **High effort/Quality post** or need earlier access, please reach us on modmail on the link provided below. Thanks for participating on r/SaimanSays, u/howtobasicc. Regards.


*I am a bot, and this action was performed automatically. Please [contact the moderators of this subreddit](/message/compose/?to=/r/SaimanSays) if you have any questions or concerns.*",saimansays,1643003358,2022-01,"Automated moderation message, no hate.",0,0,0,0,0,0,0
htzilvh,"Yes, this meme is illogical. What do op think about how extroverts prevent erection? By socialising with their dicks?",indiandankmemes,1643003359,2022-01,"Crude joke about extroverts, no target.",0,0,0,0,0,0,0
htzimij,"what was the need of posting the stories? even Kohli shared the same story. It was broadcasted during the match and now it's literally viral everywhere and mostly everyone saw.

There will be unnecessary trolling for them now, which will be also impossible for fans to defend.

Just share Vamika's photo with you both officially and end this 🥺",bollyblindsngossip,1643003369,2022-01,"Concern about privacy, no hate.",0,0,0,0,0,0,0
htzir6h,"Bhai aasa chutiya ka sath relationship Mai Jana nhi hai , racist hai ye log .",saimansays,1643003444,2022-01,"Profanity and accusation of racism, but no specific target.",1,0,0,0,0,0,0
htzirjs,"Please delete this post, vk just posted on ig that he would appreciate if this pics are not circulated, please maintain someone’s privacy…",bollyblindsngossip,1643003450,2022-01,"Request to delete post, no hate.",0,0,0,0,0,0,0
htziv92,wahuguru ji ka khalsa,saimansays,1643003510,2022-01,"Religious greeting, no hostility.",0,0,0,0,0,0,0
htzivcx,"Pata nahi Bhai
Meri aukat se bahar Wale ladki ka naam main yaad nahi rakhta",indiandankmemes,1643003512,2022-01,"Self-deprecating comment about not remembering a girl's name, no target.",0,0,0,0,0,0,0
htziwvp,Lol xd main kaise man lu ? KMCRHSM,saimansays,1643003537,2022-01,"Random letters and question, no offensive content.",0,0,0,0,0,0,0
htzj0nq,"Are bhai nahi pata
Main ig ka 14 nahi hu",indiandankmemes,1643003600,2022-01,"Denies being a certain type of person, no offensive content.",0,0,0,0,0,0,0
htzj1f5,"snapchat kya hai maine toh 

snapdeal suna hai",indiandankmemes,1643003613,2022-01,"Joke about confusing Snapchat with Snapdeal, no offensive content.",0,0,0,0,0,0,0
htzj1if,"Hn matlab misogynist toh hun mai

No leftist no rightist, only misogynist.",dankinindia,1643003614,2022-01,"Self-identifies as misogynist, but no specific target or hateful statement.",0,0,0,0,0,0,0
htzj35r,"Bro according to Islam, Jesus is God's (Allah's) messenger and God has no son or daughter. But according to Christianity, Jesus is God's son.",saimansays,1643003642,2022-01,"Neutral comparison of religious beliefs, no hostility.",0,0,0,0,0,0,0
htzj3sl,bhai mai to brown colour ka hu :)  shyd issiliye india me bts bhot chalta hai makeup karke gorre hojate na vro :(,saimansays,1643003653,2022-01,"Self-deprecating comment about skin color and BTS, no target.",0,0,0,0,0,0,0
htzj7v3,"Ye dank mimirs 🤡 agye sub mai ,gaya ye sub ab",saimansays,1643003722,2022-01,"Criticizes dank memers, no personal attack or hate speech.",0,0,0,0,0,0,0
htzj9c6,"
---

If you think this post is dank, **UPVOTE** this comment!


If you think this post is breaking any rule or trying to spread hate, **DOWNVOTE** this comment!

#[DownloadVideo Link](https://www.reddit.watch/r/dankinindia/comments/sbeuj9/?utm_source=automod&amp;utm_medium=dankinindia)

#[SaveVideo Link](https://redditsave.com/info?url=/r/dankinindia/comments/sbeuj9/)

Also Don't call the Save video bots, to prevent spam, we have provided the download links here. All save video bot summons will be removed automatically.

While you're here, /u/Panditcasm_, Consider joining our [official discord server](https://discord.gg/R4TNssGgAP)


---",dankinindia,1643003746,2022-01,"Automated moderation message, no offensive content.",0,0,0,0,0,0,0
htzjeg0,why did he keep this in the video. What the fuck,saimansays,1643003831,2022-01,"Profanity expressing frustration, no target.",1,0,0,0,0,0,0
htzjh22,"Main Villain Ko Hi Hata Diya.. Wahh 
Orlando Anderson",saimansays,1643003875,2022-01,"Comment on a video, no offensive content.",0,0,0,0,0,0,0
htzjh5x,"Corona virus ko failne️y se  roka ja sakta hai, khaanste waqt hamesha apne muhn ko rumal ya tissue sey dhake, haathon ko lagataar sabun sey dhoye, apni aankh naak aur muhn ko chune sey ruke, agar kisi ko khaansi bhukar ya saans lene mai taklif ho toh usse kam se kam 1 metre doori banaye rakhe. Jaroorat padne par nazdeeki swasthya kendra jaaye aur helpline no. 01123978046 par sampark kare, swasthya aewam pariwar kalyan mantrayalya bharat sarkar dwara janhit mai jaari

*I am a bot, and this action was performed automatically. Please [contact the moderators of this subreddit](/message/compose/?to=/r/dankinindia) if you have any questions or concerns.*",dankinindia,1643003877,2022-01,"Informational bot message about COVID, no offensive content.",0,0,0,0,0,0,0
htzjhci,"Nhi, final stage to ""Allah ka facereveal"" hai",indiandankmemes,1643003880,2022-01,"Sarcastic religious reference, no clear target or hate.",0,0,0,0,0,0,0
htzjhs5,Wonder what's gonna happen to the cameraman lol,bollyblindsngossip,1643003887,2022-01,"Curiosity about cameraman, no offensive content.",0,0,0,0,0,0,0
htzjl5o,"Your submission has been removed due to low karma or being new to Reddit. To start posting, **comment on other posts** &amp; get internet points on them. Also, please have a look at our **RULES** and make sure your post fits **Guidelines**.

If you believe you made a **High effort/Quality post** or need earlier access, please reach us on modmail on the link provided below. Thanks for participating on r/SaimanSays, u/hitesh7781. Regards.


*I am a bot, and this action was performed automatically. Please [contact the moderators of this subreddit](/message/compose/?to=/r/SaimanSays) if you have any questions or concerns.*",saimansays,1643003944,2022-01,"Automated moderation message, no offensive content.",0,0,0,0,0,0,0
htzjm0y,"Nope they haven't relented. Infact, if I remember correctly, some peeps were recently arrested for anti-modi memes and few more person was I think arrested for being ""anti-national"" for supporting pakistan in the cricket match on their whatsapp chat (charged for cyberterrorism)

(Source 1: cant find, check on other subreddits, could be wrong)

(Source 2: https://www.voanews.com/a/indian-muslims-arrested-for-celebrating-pakistani-cricket-victory-over-india-/6299471.html)

This one is the best one. Shows how the govt supressed criticism using the IT Laws. The govt. forced twitter to remove any negative comments for handling the covid situation in India.

(Source: https://www.cnn.com/2021/04/26/tech/twitter-covid-india-modi-facebook/index.html)",librandu,1643003958,2022-01,"Criticism of government actions, no personal attack or hate speech.",0,0,0,0,0,0,0
htzjnf5,Ruk Mai award leke aata hu,saimansays,1643003981,2022-01,"Sarcastic comment about giving an award, no offensive content.",0,0,0,0,0,0,0
htzjq5f,"What do you mean by ""Nibbi""?
*insert rock meme*",saimansays,1643004026,2022-01,"Asks for clarification, no offensive content.",0,0,0,0,0,0,0
htzjreb,.. pregnant cows ....calf ....sab slaughter ho rhe kyu ... kyunki hamai 20k ka Gucci ka leather bag cahiye behenchod .....meat tak theek hai ...... woh jisko khana hai uski marzi .....but ye healthy cows aur calf ko slaughter karna galat hai,chodi,1643004047,2022-01,"Profanity used in criticism of leather industry, no personal target.",1,0,0,0,0,0,0
htzjsbg,"Ni vroo

Brahmaa ke gEnd mai se aaye hai VrUh",indiandankmemes,1643004062,2022-01,"Profanity used in a derogatory manner towards a person, but no identity-based hate.",1,1,0,0,0,0,0
htzjsx8,Telegrams somewhat safe (its open source). But it doesn't have e2e. So thats the security risk. And discords one of the worst when it comes to safety and privacy.,librandu,1643004073,2022-01,"Discussion about app security, no profanity or abuse.",0,0,0,0,0,0,0
htzjvix,"This is too much honestly speaking. If you would have bothered, you'd have never brought her to the balcony stand or stadium. Attention bhi chahiye aur nahin bhi chahiye. I know it's parents decision to keep their children under guards but itna toh Kate Middleton aur Prince Williams bhi nahin hai apne bachchon ko lekar. Moreover I really don't know why but I feel Virat only follows what Anushka says. I even attended that Unacademy session in May 2020 during the lockdown where they were special guests and Anushka was very dominating. Speaking in between her husband and talking alot. Not letting him speak.",bollyblindsngossip,1643004117,2022-01,"Criticism of a celebrity couple's behavior, no profanity or identity-based hate.",0,0,0,0,0,0,0
htzk1t5,Some indians are muslims,dankinindia,1643004221,2022-01,"Neutral statement about demographics, no hate.",0,0,0,0,0,0,0
htzk3q4,Bhai mai ncert ke bahar nhi padhta dropper hun,indiandankmemes,1643004254,2022-01,"Self-referential statement about study habits, no profanity or abuse.",0,0,0,0,0,0,0
htzk5h6,I just stan for them dont give a shit what others say lol I stan for many things I am not toxic or shit about it like people can not like it who cares,saimansays,1643004283,2022-01,"Expression of support, mild profanity but not directed at anyone.",1,0,0,0,0,0,0
htzk8nn,Shit!! Main bhi ye clip daalne waala tha uthne mein late ho gya,saimansays,1643004337,2022-01,"Self-directed exclamation with profanity, no target.",1,0,0,0,0,0,0
htzk9d4,khud ben ki lavdiya jale hue bhature jaisi dikhti hongi lekin ladka dahi main duba hua chahiye,saimansays,1643004349,2022-01,"Profanity and vulgar insult directed at a person, no identity basis.",1,1,0,0,0,0,0
htzka14,No. Tomorrow it'll be the carcasses of Hindoos tomorrow. India will be islamized in 10 years. We are doomed.,chodi,1643004360,2022-01,"Hate speech against Hindus and Muslims, predicting violence and islamization.",0,1,1,0,1,0,0
htzkfm7,🤣😂 What a wit sirji!,bollyblindsngossip,1643004453,2022-01,"Positive comment, no issues.",0,0,0,0,0,0,0
htzkgbq,"I guess it's a PR move, mainly cause of the hate Virat was receiving lately!",bollyblindsngossip,1643004466,2022-01,"Speculation about PR move, no abuse.",0,0,0,0,0,0,0
htzkgrm,"Exactly. Has she not heard of the Streisand effect? What a dumb move on her part, she could have just let it be.",bollyblindsngossip,1643004473,2022-01,"Criticism of a public figure's action, no profanity or abuse.",0,0,0,0,0,0,0
htzkhbf,What is happening here ?,indiandankmemes,1643004482,2022-01,"Neutral question, no issues.",0,0,0,0,0,0,0
htzkjtq,"page 1 of 3? lmao what is this shit, somebody doesn't understand consent",librandu,1643004526,2022-01,"Profanity used in criticism, but not directed at a specific person.",1,0,0,0,0,0,0
htzkjxy,"What a hypocrite couple, if you have such a big problem then don’t celebrate as if you’re dedicating your half century to your daughter and camera’s will never be panned towards them.. better not come with your daughter when you have such privacy issue.",bollyblindsngossip,1643004528,2022-01,"Criticism of a couple's behavior, no profanity or identity-based hate.",0,0,0,0,0,0,0
htzkkja,"What a silly rumour. He’s not married to her. Amrita is a dentist now, married a gora and works in her fathers dental practice",bollyblindsngossip,1643004537,2022-01,"Factual correction, no issues.",0,0,0,0,0,0,0
htzkl8t,What was the comment??? Unable to see now.,bollyblindsngossip,1643004550,2022-01,"Question about a comment, no issues.",0,0,0,0,0,0,0
htzkpqo,"I read this somewhere else in the sub too (if it was you there too then kudos!)… I forgot to upvote you then. Take all of them now. 👏🏽 

It’s exactly what she’s doing…",bollyblindsngossip,1643004627,2022-01,"Positive comment, no issues.",0,0,0,0,0,0,0
htzkqln,Maratha empire ka pata nahi par Khalsa Raj zarur ayega,dankinindia,1643004643,2022-01,"Political statement about Khalsa Raj, no hate.",0,0,0,0,0,0,0
htzkvxy,"Ill hug you bro ..lota leke aao....


Heheh komedy king hu mai",saimansays,1643004736,2022-01,"Friendly joke, no issues.",0,0,0,0,0,0,0
htzkwqm,what triggered me is that usne gta online chalaya tha gta 5 ke jagah lmaooo aur ab to bhai 5 overrated hai but it deserves...sabse zyada achi storyline vice city ki hai and then gta 4  imo,saimansays,1643004750,2022-01,"Discussion about GTA games, no profanity or abuse.",0,0,0,0,0,0,0
htzkxql,"What a pathetic excuse, should have just let it go.",bollyblindsngossip,1643004768,2022-01,"Mild criticism, no profanity or personal attack.",0,0,0,0,0,0,0
htzl5l0,What is the song name?,indiandankmemes,1643004907,2022-01,"Simple question, no issues.",0,0,0,0,0,0,0
htzl63b,"
#**Seriously read this**

Hello u/ShinchanKaAgent, your submission was **removed** from /r/dankinindia for the following reason(s):

# Your account is too new (You need a **5 DAY OLD ACCOUNT**) **and/or** You don't have enough 
karma to post here (You need **50 COMBINED KARMA**)

You need to meet **BOTH** requirements

Check your karma [here](https://old.reddit.com/user/me).

Do not modmail the mods about this as we will ignore it.

*I am a bot, and this action was performed automatically. Please [contact the moderators of this subreddit](/message/compose/?to=/r/dankinindia) if you have any questions or concerns.*",dankinindia,1643004916,2022-01,"Automated moderation message, no abuse.",0,0,0,0,0,0,0
htzl79m,"Is this necessary right now? Truly? It’s a baby whose life is touch and go at the moment, even if she’s getting the best care money can afford. People need to know what’s an appropriate time and place for this stuff.",bollyblindsngossip,1643004936,2022-01,"Criticism of sharing baby photos, no abuse.",0,0,0,0,0,0,0
htzl8q2,What drama man !!,bollyblindsngossip,1643004962,2022-01,"Exclamation, no issues.",0,0,0,0,0,0,0
htzl9mv,"Why do I get the feeling this whole thing was planted? Perhaps they wanted some public fanfare and goodwill after virat’s controversial ousting, and yet she pretends she didn’t want it. What exactly do you expect in a cricket stadium, lady?? Don’t bring your child with you then!",bollyblindsngossip,1643004978,2022-01,"Criticism of celebrity PR, no abuse.",0,0,0,0,0,0,0
htzl9ul,What the fuck!! Mujhe laga gay hai,indiandankmemes,1643004981,2022-01,"Profanity as exclamation, no target.",1,0,0,0,0,0,0
htzlbhv,"sahi keh rha hai yaar, ek dum l\*nd server, do msg karo groupchat par - ban, aur patani voice chat alag hi bakchodi chalti rehti hai. Reddit par thode normie post seh lete hai lekin reddit is lub

aur maine notice kara, 9vi aur 10vi ke kuch jyada hi hai cahan par",indiandankmemes,1643005010,2022-01,"Profanity and criticism of server, no personal target.",1,0,0,0,0,0,0
htzlg3g,what is the name for this song,indiandankmemes,1643005093,2022-01,"Simple question, no issues.",0,0,0,0,0,0,0
htzlhe6,"Wtf? You are a celeb, attending a sporting event in full public view in a public arena and then when you get clicked you throw these tantrums? I mean what the hell? Then you should have thought about it and covered your daughter's face!",bollyblindsngossip,1643005117,2022-01,"Profanity and criticism of celebrity, no personal attack.",1,0,0,0,0,0,0
htzliek,"
Hi! I am trying to do something about this subreddit and I need your support.

---

If you think this post is dank, **UPVOTE** this comment!


If you think this post isn't dank, **DOWNVOTE** this comment!

#[DownloadVideo Link](https://www.reddit.watch/r/IndianDankMemes/comments/sbf9cn/?utm_source=automod&amp;utm_medium=IndianDankMemes)

#[SaveVideo Link](https://redditsave.com/info?url=/r/IndianDankMemes/comments/sbf9cn/)


---

While you're here, /u/WhatUpItsAwesome, Consider joining our [official discord server](https://discord.gg/xfJep6Fm6s)",indiandankmemes,1643005136,2022-01,"Automated bot message, no issues.",0,0,0,0,0,0,0
htzljp6,The main conflict was so dumb.. stolen from a gossip girl episode 😂,bollyblindsngossip,1643005159,2022-01,"Opinion on show, no issues.",0,0,0,0,0,0,0
htzlo1f,"No but fr, what's the song name?",indiandankmemes,1643005235,2022-01,"Simple question, no issues.",0,0,0,0,0,0,0
htzlpc4,"It does the opposite actually from what I saw in the trailer. 

I guess talking about cheating is glorification for some",bollyblindsngossip,1643005258,2022-01,"Discussion about glorification, no abuse.",0,0,0,0,0,0,0
htzlrtq,Dude no one is dying for their daughter’s pics but what’s annoying to most is that they expect privacy but then are doing bare minimum themselves to protect that. Taking her to live matches where there are so many cameras how do they expect that it won’t be shared?? It makes no sense at all. The whole world should behave according to them but they wont take the precautions on their side.,bollyblindsngossip,1643005304,2022-01,"Criticism of celebrity behavior, no abuse.",0,0,0,0,0,0,0
htzltb8,"So that more people can see her post, wonder what she’s referring to and then go search for it. 

This is classic PR and she’s knows every bit of it. She has been doing it from day one. It’s also not a coincidence that Priyanka got a baby and very next day she showed hers. 

It’s not a coincidence. Anushka knows PR way too well.",bollyblindsngossip,1643005330,2022-01,"Speculation about PR, no abuse.",0,0,0,0,0,0,0
htzlxpi,Agar main mod hota toh same cheez karta kuch bhi post kar rahe pura Instagram bana ke rakh diya hain dank kidhar h?,indiandankmemes,1643005409,2022-01,"Criticism of subreddit, no abuse.",0,0,0,0,0,0,0
htzlxyx,"I think no kind of sex is allowed during deployment. What would you do if Pakistanis attacked in the middle of and orgasm?
""koi nhi janaab, app pura kr li jiye""",librandu,1643005414,2022-01,"Humorous comment about sex and Pakistan, no hate.",0,0,0,0,0,0,0
htzlzvr,"
Hi! I am trying to do something about this subreddit and I need your support.

---

If you think this post is dank, **UPVOTE** this comment!


If you think this post isn't dank, **DOWNVOTE** this comment!

#[DownloadVideo Link](https://www.reddit.watch/r/IndianDankMemes/comments/sbfcyf/?utm_source=automod&amp;utm_medium=IndianDankMemes)

#[SaveVideo Link](https://redditsave.com/info?url=/r/IndianDankMemes/comments/sbfcyf/)


---

While you're here, /u/WhatUpItsAwesome, Consider joining our [official discord server](https://discord.gg/xfJep6Fm6s)",indiandankmemes,1643005448,2022-01,"Automated bot message, no issues.",0,0,0,0,0,0,0
htzm41d,"Avg libdullah , crying 247 about every issue ever , now crying about what a chodi member said.",chodi,1643005522,2022-01,"Political insults using profanity and derogatory terms, but no personal attack or identity-based hate.",1,0,0,0,0,0,0
htzm52p,"Fuck off homophobe, what part of this decision makes sense? Whats SO wrong about gay sex that its bad?

And based on your past comments, there's no doubt that you're a fucking piece of bs who thinks men and men having sex is un-natural. Its because of you people the lgbt community suffers harsh persecution till this date.",librandu,1643005542,2022-01,"Personal attack on a homophobe with profanity, but no identity-based hate against a protected group.",1,1,0,0,0,0,0
htzm614,Fresh milk. Daddy doing what he does best,indiandankmemes,1643005558,2022-01,"Positive comment, no profanity or hate.",0,0,0,0,0,0,0
htzm69h,"I don't even understand what was the whole point of it too. If she wanted to compete with the likes, she was never going to win that since her wedding was 3 years ago. Katrina wedding pic got twice as much likes as hers became the most liked pic in India, Katrina gets more likes with pics of her and Vicky than Deepika did with her wedding pics. Even the pettiness made her look like a sore loser.",bollyblindsngossip,1643005563,2022-01,"Criticism of a celebrity's behavior, no profanity or hate.",0,0,0,0,0,0,0
htzm6da,"Corona virus ko failne️y se  roka ja sakta hai, khaanste waqt hamesha apne muhn ko rumal ya tissue sey dhake, haathon ko lagataar sabun sey dhoye, apni aankh naak aur muhn ko chune sey ruke, agar kisi ko khaansi bhukar ya saans lene mai taklif ho toh usse kam se kam 1 metre doori banaye rakhe. Jaroorat padne par nazdeeki swasthya kendra jaaye aur helpline no. 01123978046 par sampark kare, swasthya aewam pariwar kalyan mantrayalya bharat sarkar dwara janhit mai jaari

*I am a bot, and this action was performed automatically. Please [contact the moderators of this subreddit](/message/compose/?to=/r/dankinindia) if you have any questions or concerns.*",dankinindia,1643005565,2022-01,"Informational health advisory, no profanity or hate.",0,0,0,0,0,0,0
htzm83c,Next what? Ask people to not look at their child? Need a new flair- holier than thou pro max,bollyblindsngossip,1643005596,2022-01,"Sarcastic criticism of a policy, no profanity or hate.",0,0,0,0,0,0,0
htzm95b,[how? like what have you posted and where or I am just dumb](https://imgur.com/a/Ii9IJKs),saimansays,1643005616,2022-01,"Question asking for clarification, no profanity or hate.",0,0,0,0,0,0,0
htzmbqb,Ok ब्राता shri mai samjh gaya.,indiandankmemes,1643005663,2022-01,"Acknowledgment in Hindi, no profanity or hate.",0,0,0,0,0,0,0
htzmdo2,"Yeh but Tried and Refused Production owner interviewed actors and I think his revies are most unbiased of anything .

Like he said he didn't agree what sh*t Mangu spread but he praised her performance where required and also criticized her performance where required .
Also took her interview as well .

He has praised evey artist if their performances are good and criticized those artists with bad performances .",bollyblindsngossip,1643005699,2022-01,"Discussion of a reviewer's opinions, includes mild profanity but no personal attack or hate.",1,0,0,0,0,0,0
htzmem9,"Your submission has been removed due to low karma or being new to Reddit. To start posting, **comment on other posts** &amp; get internet points on them. Also, please have a look at our **RULES** and make sure your post fits **Guidelines**.

If you believe you made a **High effort/Quality post** or need earlier access, please reach us on modmail on the link provided below. Thanks for participating on r/SaimanSays, u/prine_10. Regards.


*I am a bot, and this action was performed automatically. Please [contact the moderators of this subreddit](/message/compose/?to=/r/SaimanSays) if you have any questions or concerns.*",saimansays,1643005715,2022-01,"Automated moderation message, no profanity or hate.",0,0,0,0,0,0,0
htzmg1b,Bhai uss post mai galat kya hain ?,indiandankmemes,1643005742,2022-01,"Question asking what is wrong, no profanity or hate.",0,0,0,0,0,0,0
htzmguw,mai bengali hu,indiandankmemes,1643005757,2022-01,"Statement of identity, no profanity or hate.",0,0,0,0,0,0,0
ea7znnf,"This is what sides do, Centrists are feared because they know they'll be caught in their own spiral of ideological drivel peddled in their safe space, and inviting logically inclined individuals who haven't yet completely picked an ideology completely are feared. Maybe that's why?",bakchodi,1542875294,2018-11,"Political commentary, no profanity or hate.",0,0,0,0,0,0,0
ea7zxne,"Before 2019 construction will start... Yogi ji will do it.


As per my internal sources (relatives in sangh), there is/was a disagreement between Yogi &amp; Modi on this. Modi wants no controversy because he has an international leader image to maintain, but Yogi ji is adamant on constructiom, even if it means his govt falls like Kalyan Singh's govt.",bakchodi,1542875568,2018-11,"Political speculation, no profanity or hate.",0,0,0,0,0,0,0
ea80cl7,"And Jews :)

But as far as commie dalits are concerned, all non-dalits/non-oppressed minorities are Brahmins.",bakchodi,1542875980,2018-11,"Political commentary with reference to groups, but no hate speech.",0,0,0,0,0,0,0
ea80pxw,"How information flows in sangh hierarchy? What its a rumour? 
Are the any sanghis of RSS in this subreddit?",bakchodi,1542876363,2018-11,"Question about organization, no profanity or hate.",0,0,0,0,0,0,0
ea81k00,"Well, that's very nice of you but I can't risk you getting banned as well. I am looking for taking this higher up, I'm figuring out how, considering the fact that some people here are claiming that randia mods are friends with admins. But I'm gonna fight this out. Not like I want to go to that shithole again, I just want to expose what they are. ",bakchodi,1542877221,2018-11,"Discussion of moderation, no profanity or hate.",0,0,0,0,0,0,0
ea828rz,"Simple correlation. Think about it. He/she/it banned you, you left with string of strong arguments which he couldn't counter either. So he'll lurk to see what you do next? I mean every insecure faggot does it. 

And this right here is your post :)",bakchodi,1542877953,2018-11,"Personal attack using homophobic slur, but no identity-based hate against a protected group.",1,1,0,0,0,0,0
ea82i8p,Lmao what the fuck ,bakchodi,1542878228,2018-11,"Exclamation with profanity, no target.",1,0,0,0,0,0,0
ea82sfo,"Actually I am a brahmin and never had this idea of superiority till I had an sjw professor from india. Needless to say after her bs, I can fully understand how I was superior to her. ",bakchodi,1542878548,2018-11,"Personal anecdote with mild criticism, no profanity or hate.",0,0,0,0,0,0,0
ea82td7,"4 alt ban ho chuke hai mere, kisine pucha bhi nahi, Ek ladki ban huyi aur comments ki jhari laga di yaha.",bakchodi,1542878579,2018-11,"User complains about multiple bans and a girl getting attention, no profanity or targeted abuse.",0,0,0,0,0,0,0
ea82w7p,Didn’t get it. What do you mean ? ,bakchodi,1542878676,2018-11,Neutral question asking for clarification.,0,0,0,0,0,0,0
ea84tza,Lmfao yaha ke ladko k NNN ki lag gayi 🤣🤣🤣,bakchodi,1542881529,2018-11,"Mocking comment about boys' No Nut November, no profanity or targeted abuse.",0,0,0,0,0,0,0
ea8727q,"\&gt; Making a 3000 crore statue is just a slap in the face of the poorest people in our country. 

Most of the poor people choose to remain poor no matter how much money is pumped for their welfare. It is like the same situation when Housing Board houses are given to the hut dwellers, they sell it to someone else and go back to their own huts. I know this from experience by working in the sociological field.",bakchodi,1542884976,2018-11,"Criticism of statue and welfare schemes, includes stereotype about poor people but not directed at a specific group.",0,0,0,0,0,0,0
ea87avk,What is 1984?,bakchodi,1542885357,2018-11,Neutral question asking for information.,0,0,0,0,0,0,0
ea87yq7,What was Advani even thinking ? Umar Nhi hai unki Kuch bhi karne ki ,bakchodi,1542886476,2018-11,"Criticism of Advani's age and capability, professional critique, no profanity.",0,0,0,0,0,0,0
ea87yup,"What is this?

In the name of India they are shit posting every thing we have to do something",indiadiscussion,1542886482,2018-11,"Frustration about content, no profanity or targeted abuse.",0,0,0,0,0,0,0
ea88r5k,"What kind of work do you do in the sociological field?

Are you suggesting that the government welfare schemes are useless?",bakchodi,1542887790,2018-11,Neutral question asking for clarification.,0,0,0,0,0,0,0
ea8bm16,"To put things in perspective Babur was a huge Uzbek warlord. This guy is exactly opposite of what Babur is described as(tall,strong,fair complexion). It's like a sick joke. ",bakchodi,1542891706,2018-11,"Comparison of a person to Babur, mocking appearance, but no profanity or identity-based hate.",0,0,0,0,0,0,0
i8bvgdf,This is what happens when platform becomes too mainstream💀 . Another carry minati comment section 🗿,indiandankmemes,1652369491,2022-05,"Comment about platform becoming mainstream, no profanity or targeted abuse.",0,0,0,0,0,0,0
i8bvhk0,"brahminical patriarchy. baniya capitalism. 

the aim of society in gujarat is to preserve the social order, and the hierarchy of castes.. not to  uplift society as a whole.",unitedstatesofindia,1652369504,2022-05,"Criticism of social structures, mentions caste but not as an insult, no profanity.",0,0,0,0,0,0,0
i8bvhvu,"*Main phir bhi tumko chahunga…*

*Main phir bhi tumko chahunga…*

#

*Iss chahat mein marr jaaunga*

*Main phir bhi tumko chahunga*",unitedstatesofindia,1652369508,2022-05,"Song lyrics, no profanity or targeted abuse.",0,0,0,0,0,0,0
i8bvigh,And what's your point? She finds her peace in her faith. Only silly thing i see is you trying to trivialise someone experiences.,bollyblindsngossip,1652369514,2022-05,"Defending someone's faith, no profanity or targeted abuse.",0,0,0,0,0,0,0
i8bvpfv,This was addressed in KWK Suzanne Gauri episode and in Karan Johar’s book. I like SRK and don’t like Salman at all but it is what it is.,bollyblindsngossip,1652369592,2022-05,"Discussion about celebrities, no profanity or targeted abuse.",0,0,0,0,0,0,0
i8bvquk,Wo leftist tab the jab congress right wing thi... Aaj hote to wo aur Bhagat singh dono hi right winger hote.,sham_sharma_show,1652369607,2022-05,"Political commentary, no profanity or targeted abuse.",0,0,0,0,0,0,0
i8bvwj4,"I just don’t get it. Ranbir I somewhat understand the craze because he’s arguably good looking, has done good work, etc. ARK because he’s super hot. But Kartik?",bollyblindsngossip,1652369670,2022-05,"Opinion about actors' looks, no profanity or targeted abuse.",0,0,0,0,0,0,0
i8bvxpy,What if 72 hurs are 72 monsters who fucks them day and night in hell named jannat. 🤔 that will be more believable ... according to their actions.,sham_sharma_show,1652369683,2022-05,"Mocking religious concept of hurs, no profanity but disrespectful, not targeted at a person.",0,0,0,0,0,0,0
i8bvy3y,"But according to the pew report, fertility rate amongst all religions has gone down in India. As of 2015, while muslims have fertility rate of 2.6 (compared to 4.4 in 1992), Hindus have fertility rate of 2.1 ( compared to 3.3 in 1992).[https://www.pewresearch.org/religion/2021/09/21/religious-composition-of-india/](https://www.pewresearch.org/religion/2021/09/21/religious-composition-of-india/)",sham_sharma_show,1652369687,2022-05,"Citing data on fertility rates, neutral discussion.",0,0,0,0,0,0,0
i8bvzdb,What you need to have is a job.,librandu,1652369702,2022-05,"Sarcastic remark, no profanity or targeted abuse.",0,0,0,0,0,0,0
i8bw6e3,"Ayo that's what I am saying everyone has different preferences according to their body, body ke hisab se karo,na ki popular media/porn main dekha,tabhi karo.ye to kaha nhi ki use mt karo. Thrust intensity ka jyada sahi to vaise vibrator se hoga na?🤔🤔usme thrust-intensity bada ghta skte hain....",indiandankmemes,1652369780,2022-05,"Discussion about sexual preferences, no profanity or targeted abuse.",0,0,0,0,0,0,0
i8bw720,"Its very hard to find someone intrested in programming 😅 you rarely find those in developed countries, india mai bhool hi jao, idar shaadi keliye engg karte hai.",indiandankmemes,1652369787,2022-05,"Comment about difficulty finding programmers in India, no profanity or personal attack.",0,0,0,0,0,0,0
i8bwe2f,"Katrina Kaif is a queen! This is why she's a superstar, what an ambitious human being who has achieved the world and more while being so witty. 

Genuinely inspirational",bollyblindsngossip,1652369864,2022-05,"Positive comment about Katrina Kaif, no profanity or attack.",0,0,0,0,0,0,0
i8bwka1,"Any talk of gender equality and the first thing out of people's mouth will be so I can hit her back too na..lol. Slapping people is bad whoever does it. Glorifying violence and abuse is bad no matter what, it's not an excuse and certainly not an argument when you talk about equality. Look at Amber Heard and Johnny depp. No one's winning there. But the sheer fact that people enjoy when love interests abuse and slap eachother on screen is a testament that they want an excuse to embody that in real life. I watched a reel today where a man hit a woman in retaliation and the whole comment section was littered with men saying well done. So basically you're saying the only thing stopping you is slapping people around is the social stigma and not your moral conduct.",bollyblindsngossip,1652369934,2022-05,"Discussion on gender equality and violence, no profanity or personal attack.",0,0,0,0,0,0,0
i8bwkl5,"Real archeologists already know. They did their work during secular times. Just as Congressis know what's in the hearts of 'high command family' without asking them, the archeologists were able to verify without access.",unitedstatesofindia,1652369937,2022-05,"Political commentary on archaeologists and Congress, no profanity or personal attack.",0,0,0,0,0,0,0
i8bwmss,That’s what I call my morning shit.,unitedstatesofindia,1652369962,2022-05,"Crude metaphor for morning routine, no profanity or attack.",0,0,0,0,0,0,0
i8bwpux,maine mana kiya?,dankinindia,1652369994,2022-05,"Question in Hindi, no profanity or attack.",0,0,0,0,0,0,0
i8bwqic,#Mujhe kiya pata mai to indian hu,indiandankmemes,1652370001,2022-05,"Humorous comment about being Indian, no profanity or attack.",0,0,0,0,0,0,0
i8bwrga,"Chaddi investors : Nimmo Tai, sadda paise Lut gaya Vich.


Nimmo Tai : Mai ki Karan, Assi te stock-shock vich mein na invest kardeyan",librandu,1652370011,2022-05,"Humorous dialogue about investors, no profanity or attack.",0,0,0,0,0,0,0
i8bwt1k,"Muslim killed - innocent, Hindu killed - errant criminal
Modi bad, owaisi good
Yeah so what 50 people were burnt alive, file an FIR and go home bro.",saimansays,1652370027,2022-05,"Political commentary on communal violence, no profanity or personal attack.",0,0,0,0,0,0,0
i8bwtgl,"neeche wali chat mai gandh mach gayi inshort yeh kehna chahta tha ki agar ladki 21 ki umar mai itni mature nhi hai toh uski bhi galti hai relation aur shadi alag alag hote shadi zindagi bhar chalti 10 cheez soch ke krni cchahiye esse pyaar ke lauda lasaan mai nhi  


iske maa baap ne isse mana kiya hoga but wahi hai ki tumse koi kahe ki yeh aloo mat khana toh tumhe chull hogi ki kya hi hojyega but agar tumhe koi educate krde ki yeh khyada toh lund mar jayega toh tu nhi khyega naa",sham_sharma_show,1652370032,2022-05,"Comment contains profanity (lauda, lund) and discusses relationships, but no personal attack.",1,0,0,0,0,0,0
i8bwxi9,Yeah you see girls as sex toy toh yahi lagega na,indiandankmemes,1652370074,2022-05,"Accusation of viewing women as sex objects, no profanity or personal attack.",0,0,0,0,0,0,0
i8bwzb2,"You are correct in a sense, but bro main apko ek baat btau maine ek muslim ladki dekhi hai jo hindu ldkiyon ka hindu boys se breakup karwati thi or mullo ke sath setting krwati thi. Ab ispe kya khoge? 

Inka religion hi saari pareshani ki jad hai. Usko khatam krdo ye bimari apne aap thik hojaygi. Ye jo secular chutiye hai hamre desh se inki aakhein kholni jaruri hai yahi log in chutiyon ko suppprt krte hai. 

Tum even jaake hindu families me dekho ye secular chutiye apni bachiyon ka brainwash kardete hai. Ese pagal kisam ke log bhare hai yha tum soch nhi sakte. Or bilkul chutiye se logoc dete hai ki secular contries ki development hoti hai or baki countries ki nhi hote. Ye chutiye log ye nhi smjhte saare non secular contries bhi islamic hai or jha ye chutiya religion hai vha development kaise hogi. Ham apne gharo me bhar jake set hone ki baate krte hai or ye chutiye apne bacho ko terrorist kaise bnai uski training dete hai.",sham_sharma_show,1652370093,2022-05,"Comment contains profanity (chutiye) and attacks Muslims as a group, targeting religion.",1,1,1,0,1,0,0
i8bx3r4,"Your submission has been removed due to low karma or being new to Reddit. To start posting, **comment on other posts** &amp; get internet points on them. Also, please have a look at our **RULES** and make sure your post fits **Guidelines**.

If you believe you made a **High effort/Quality post** or need earlier access, please reach us on modmail on the link provided below. Thanks for participating on r/SaimanSays, u/Maz_Ded...bye, shaba kher, kailash kher, wish you a happy married life.


*I am a bot, and this action was performed automatically. Please [contact the moderators of this subreddit](/message/compose/?to=/r/SaimanSays) if you have any questions or concerns.*",saimansays,1652370141,2022-05,"Automated moderation message, no profanity or attack.",0,0,0,0,0,0,0
i8bx9zx,"You do realise a lot of us there on the sub are not fans of the govt to begin with right ? Paisa hum liberals ko bhi kamana hota hain bhai. Anyone who tracks the country's economy knows what shit this gubermint does. 

We get a few stray chaddis from time to time talking some nonsense can't do anything about it.",librandu,1652370207,2022-05,"Political commentary on government, no profanity or personal attack.",0,0,0,0,0,0,0
i8bxarn,"Bachchan Pandey, what a colossal waste of time and ear drums. The only thing worse than the story is the background music.",bollyblindsngossip,1652370216,2022-05,"Negative review of a movie, no profanity or personal attack.",0,0,0,0,0,0,0
i8bxdn6,"mai toh normi hi sahi tha  
kamsekam hasta toh tha",indiandankmemes,1652370246,2022-05,"Self-deprecating comment, no profanity or attack.",0,0,0,0,0,0,0
i8bxeuj,"sahi advice toh di bhai ne, mai bhi 4-5 logon ko uda chuka hoon",indiandankmemes,1652370260,2022-05,"Comment about giving advice, no profanity or attack.",0,0,0,0,0,0,0
i8bxo62,Don't leave us hanging. What's the second half?,bollyblindsngossip,1652370362,2022-05,"Question asking for continuation, no profanity or attack.",0,0,0,0,0,0,0
i8bxshh,"Fuck I can't find that story again. Anyways she was raped by stepfather, got into industry was raped there, abused and died after an accident. 


[this thread gives a gist about porn industry](https://np.reddit.com/r/AskReddit/comments/i59u82/what_are_dark_secrets_about_the_porn_industry/?utm_medium=android_app&amp;utm_source=share)",unitedstatesofindia,1652370409,2022-05,"Comment contains profanity (Fuck) and discusses sensitive topic, but no personal attack.",1,0,0,0,0,0,0
i8bxvjn,"Yes I hit 3000 calorie surplus daily and my maintenance calorie is 2700 
Make sure to hit your protein goal 
And yes I also use protein powder and creatine",indiandankmemes,1652370442,2022-05,"Comment about fitness, no profanity or attack.",0,0,0,0,0,0,0
i8bxxkl,Ye bsdwle yahan v Afghanistan bana denge... Kaisa cancer hai bc....,sham_sharma_show,1652370464,2022-05,"Profanity used, target is abstract (Afghanistan situation) and self-directed 'bc', no personal or identity attack.",1,0,0,0,0,0,0
i8by0ts,"What do you think? And why are you quoting your own comment? 

In case you missed the intended joke in my first comment blinded by being an MB fan, YES I WAS JOKING. See what i did is, i took the latest controversial statement by him and manipulated in such way that it addresses the out of context video posted here, and added a ""punch"" line (pun not intended) to form a joke. 

And in case of understanding context, guy who got slapped should have retorted, that would have been less problematic.",bollyblindsngossip,1652370499,2022-05,"No profanity, no personal attack, just explaining a joke and context.",0,0,0,0,0,0,0
i8by3hj,"No not for anyone. That was not why the book was even written. 

If you've even read it once, Arjun was ready to flee that would've given him solace happiness, not having fought against his blood and his gurus.
Krishna didn't tell him to do what he feels like, what makes him happy and content, but what is his dharma, regardless of what path it takes you whether it be depression, isolation, anxiety. He talks of constant sangarsh with yourself. Geeta is not a self help book, it's so so much more and am tired of people making it one.
It's not digestable in the slightest and it's not supposed to be. 

Also the more you know the worse your mental state gets, Ashanti before moksha",bollyblindsngossip,1652370528,2022-05,"Discussion of Geeta and mental state, no profanity, no attack.",0,0,0,0,0,0,0
i8by4vh,"Ya , why are audience concerned about commerce of the film; it's one thing to be happy if they have good collections, why are they getting mad at lack of promotions, the ones complaining will be watching anyway, so whats their problem? If the movie is good and turns disaster in collections, would it effect them?",bollyblindsngossip,1652370543,2022-05,"Discussion about film commerce, no profanity, no attack.",0,0,0,0,0,0,0
i8by55j,"What more are you gonna assume? Hindus killed in Kashmir exodus were also innocent.
About the FIR, the real culprits were arrested, still would be arrested if innocent muslims weren't killed and women weren't raped.
In the hatered between Hindus and muslims, people forget about the real dharma, humanity. And often the ones who suffer are innocent, may it be hindu or muslim.",saimansays,1652370547,2022-05,"Discussion of communal tensions, mentions both sides, no hate speech, no profanity.",0,0,0,0,0,0,0
i8by8gk,"What is purpose of life



Nice question indeed",indiandankmemes,1652370581,2022-05,"Neutral question, no profanity, no attack.",0,0,0,0,0,0,0
i8by932,Bhaii mai roo dunga ye sawal Matt puch (༎ຶ ෴ ༎ຶ),indiandankmemes,1652370588,2022-05,"Emotional reaction, no profanity, no attack.",0,0,0,0,0,0,0
i8byeah,Ye kya ho raha hai. Accha hua main andha hoon. 😂,bollyblindsngossip,1652370644,2022-05,"Self-deprecating humor, no profanity, no attack.",0,0,0,0,0,0,0
i8byely,We can like her all we want. But what is she doing really? Haven't seen her in anything lately. It's sad.,bollyblindsngossip,1652370647,2022-05,"Opinion about a celebrity, no profanity, no attack.",0,0,0,0,0,0,0
i8byg2r,"Also, what's your weekly routine like? 

Right now, I can bench max 30 kg, 40 kg deadlift and 30 kg squats. Hope to achieve your numbers in 1 year. Wish me luck.",indiandankmemes,1652370662,2022-05,"Fitness question, no profanity, no attack.",0,0,0,0,0,0,0
i8byre6,"I know its easier said than done….still would say let it go. If it’s meant to be it will, no point wasting another day (damn 9 months) Also you never talked to him, he could be opposite of what you are imagining…I hope not, then there’s a possibility.",arrangedmarriage,1652370784,2022-05,"Advice, no profanity, no attack.",0,0,0,0,0,0,0
i8byv0x,Main pehle se hi irl jaanti thi. Mere kuch irl friends bhi reddit use karte h.,unitedstatesofindia,1652370824,2022-05,"Personal statement, no profanity, no attack.",0,0,0,0,0,0,0
i8byw1i,"
#**Seriously read this**

Hello u/ClassyBlackTShirt, your submission was **removed** from /r/IndianDankMemes for the following reason(s):

# Your account is too new (You need a **7 DAY OLD ACCOUNT**) **and/or** You don't have enough 
karma to post here (You need **1000 COMBINED KARMA**)

You need to meet **BOTH** requirements

Check your karma [here](https://old.reddit.com/user/me).

Do not modmail the mods about this as we will ignore it.

*I am a bot, and this action was performed automatically. Please [contact the moderators of this subreddit](/message/compose/?to=/r/IndianDankMemes) if you have any questions or concerns.*",indiandankmemes,1652370835,2022-05,"Automated moderation message, no profanity, no attack.",0,0,0,0,0,0,0
i8byzyy,What is Mahmoud doing in a mall so far away from his house? Definitely sus.,dankinindia,1652370877,2022-05,"Suspicion about a person, no profanity, no attack.",0,0,0,0,0,0,0
i8bz276,What is Mahmoud doing in a mall so far away from his house? Definitely sus.,dankinindia,1652370901,2022-05,"Same as above, no profanity, no attack.",0,0,0,0,0,0,0
i8bz62c,Whatttttt..where are deepika priyanka 😐,bollyblindsngossip,1652370942,2022-05,"Question about celebrities, no profanity, no attack.",0,0,0,0,0,0,0
i8bzaz0,"Most people learn about most things from popular media itself.
How do you know about a dildo in the first place ? Have you ever seen one in real life ? I personally haven't 
Everything I know about dildos is from the internet or what I searched when I got curious and stuff.
You should know about everything, I'd even go ahead and say try everything if you have the accessibility and resources and then choose whatever you prefer",indiandankmemes,1652370995,2022-05,"Discussion about dildos, no profanity, no attack.",0,0,0,0,0,0,0
i8bzxvz,Protect me and gaand marlo kaffiro ki........Oh allah oh almighty....................................ola hu Uber,indiandankmemes,1652371243,2022-05,"Profanity and religious slur, but target is abstract 'kaffiro' (non-believers) and self-directed 'gaand marlo', no specific person or group attacked.",1,0,0,0,0,0,0
i8bzxzy,"breh what song is this from, cant recall",librandu,1652371244,2022-05,"Question about song, no profanity, no attack.",0,0,0,0,0,0,0
i8c034t,"Ayo dildo was mentioned in Kamasutra,etc. From there only I am saying🙂

Popular media not always mention healthy things,some things promoted are quite unhealthy(ex.many fast foods, beauty products,body standards,music like of badshah's), that's my concern,people should choose what their mind and health wants first.",indiandankmemes,1652371299,2022-05,"Discussion about media influence, no profanity, no attack.",0,0,0,0,0,0,0
i8c07yz,veere main aajaata hu,unitedstatesofindia,1652371353,2022-05,"Casual friendly statement, no profanity or abuse.",0,0,0,0,0,0,0
i8c09y0,"🤣🤣🤣 abe office me hi hu, stressed the toh socha reddit scroll karlu lekin yaha toh pata nahi kya chod faila rakha h tum logo ne",indiandankmemes,1652371374,2022-05,"Frustrated comment about subreddit content, no personal attack.",0,0,0,0,0,0,0
i8c0b6i,Germany se mechanical engineer main double scope bhi milta hai kya? lgta hai agle janam germany se engineering krni pdegi.,indiandankmemes,1652371387,2022-05,"Humorous comment about engineering scope, no offense.",0,0,0,0,0,0,0
i8c0i64,Tmkoc is a representation of India. Society me 1 Muslim hai.. Wo bhi society ke bahar.,indiandankmemes,1652371463,2022-05,"Comment about representation in a show, mentions religion but not hostile.",0,0,0,0,0,0,0
i8c0lfm,"I think it depends upon what his intentions are behind asking these questions:

Is he trying to see if there’s something glaring about your inability to be in a relationship like cheating or something. 

Or

He doesn’t trust you and feels like you are lying. There are further layers, is he asking that to see if you are “pure”

One I’m ok with, the other is 🥴 concerning.",arrangedmarriage,1652371498,2022-05,"Discussion about intentions, no abuse or hate.",0,0,0,0,0,0,0
i8c0qnq,"whatever the context is, clearly their excitement is about a girl being slapped by a guy, not a character being slapped for their wrong doings",bollyblindsngossip,1652371553,2022-05,"Criticism of excitement about violence, no personal attack.",0,0,0,0,0,0,0
i8c0w27,"serves her right why marry a muslim when most of them are jihadis all they know is how to be a kattar mulla (jihadi) and kill innocents &amp; how to play victim card after causing havoc in the society 

thats why they are called pissful komuniti",sham_sharma_show,1652371612,2022-05,"Hate speech against Muslims, uses slurs and stereotypes.",0,1,1,0,1,0,0
i8c1c2s,What a cute fluffball 🥺😭😭❤️,unitedstatesofindia,1652371784,2022-05,"Positive comment about a cute animal, no issues.",0,0,0,0,0,0,0
i8c1dm9,ro mat tujhe mai dunga upvote beta,indiandankmemes,1652371801,2022-05,"Encouraging comment, no offense.",0,0,0,0,0,0,0
i8c1gpb,"I follow push pull leg 
Push - Tricep, chest and shoulder
Pull- back and bicep 
Leg 
2 times a week

Genetics Plays a important role too I have great genetics NGL 
But yeah hardwork will always place of 

Okay one more thing I hitted 
100kg on deadlift on first attempt
50kg on bench on first attempt
60kg on squat
This was mainly because I used to do calisthenics too I already kinda made a decent about of strength from it 

Good luck on your journey keep pushing
We all are goona make it brah 
One of the best decision you have ever taken in your life 
You will see",indiandankmemes,1652371834,2022-05,"Fitness advice, no issues.",0,0,0,0,0,0,0
i8c1j2v,Maine yeh same video dusre angle se dekhi hai,dankinindia,1652371860,2022-05,"Neutral statement, no issues.",0,0,0,0,0,0,0
i8c1jbi,"Your submission has been removed due to low karma or being new to Reddit. To start posting, **comment on other posts** &amp; get internet points on them. Also, please have a look at our **RULES** and make sure your post fits **Guidelines**.

If you believe you made a **High effort/Quality post** or need earlier access, please reach us on modmail on the link provided below. Thanks for participating on r/SaimanSays, u/suckmydukhplease...bye, shaba kher, kailash kher, wish you a happy married life.


*I am a bot, and this action was performed automatically. Please [contact the moderators of this subreddit](/message/compose/?to=/r/SaimanSays) if you have any questions or concerns.*",saimansays,1652371863,2022-05,"Automated moderation message, no issues.",0,0,0,0,0,0,0
i8c1lml,"lmao no 

vaise yaha ke mods log bhi exam me lage hue hai lol abb kal exam ke baad ke memes ayenge baith ke nostalgia enjoy karna hue hue hue",indiandankmemes,1652371887,2022-05,"Humorous comment about mods, no offense.",0,0,0,0,0,0,0
i8c1lpd,The only A-lister here is Alia and she is contracted to do whatever Karan Johar wants. Looks like Karan cannot book any other bonafide stars?,bollyblindsngossip,1652371888,2022-05,"Criticism of Karan Johar, professional, no personal attack.",0,0,0,0,0,0,0
i8c1wmc,Karma toh real life mai ho gaya,indiandankmemes,1652372009,2022-05,"Humorous comment, no issues.",0,0,0,0,0,0,0
i8c208b,"Aaj got into fight with cab driver. He quoted 600. I quoted 350 (based on what uber was showing). He started to laugh at me. I started to laugh at him. He said me, ""Paagal Hai kya?"". I said ""tera बाप Paagal Hai"" on which he got angry at me. I realised I shouldn't have said this since I am alone and these cab drivers have unions. But things didn't escalate much, he said kya bola to which I replied aapne hansa isliye gussa aa gaya. He said khade raho yahin pe, ola uber ke bharoshe and went away",unitedstatesofindia,1652372047,2022-05,"Personal insult in argument, no profanity, directed at individual.",0,1,0,0,0,0,0
i8c22wd,Dekho crush ki khushi mai hamari khushi hai,indiandankmemes,1652372076,2022-05,"Positive comment about crush, no issues.",0,0,0,0,0,0,0
i8c2g6c,"Bruh stop reposting this on every fkin sub, it's so irritating to find the same meme after every refresh. I know you guys are preparing for an exam but BC, English ke liye itna kaun rota hai humare yaha toh paper me gaane likh ke pass ho jaate hai.",dankinindia,1652372218,2022-05,"Frustration with reposts, uses profanity (BC) but not targeted.",1,0,0,0,0,0,0
i8c2inu,"Main historical books padh rha tha,to socha Kamasutra hi padh lun,sbhi bada pasand karte hain huihuihui ಡ ͜ ʖ ಡ . Vo kafi alag tha,jaisa Wikipedia main hai usse. Ex÷ I guess you are a native of Up/Bihar??",indiandankmemes,1652372246,2022-05,"Humorous comment about reading Kamasutra, no offense.",0,0,0,0,0,0,0
i8c2r3s,"Mai bhi yahi khoj rha hu tab se, log farewell pe gala mil rhe the, mujhe to nhi mile bhai🥲",saimansays,1652372335,2022-05,"Neutral comment about farewell, no issues.",0,0,0,0,0,0,0
i8c2trf,He has a point though.. the bulldozer is supposed to be for Muslim genocide..not sure why he has to suffer. After all he is better than those second class citizens of India (muslims).,librandu,1652372364,2022-05,Promotes genocide against Muslims and labels them second-class citizens.,0,0,1,0,1,0,0
i8c2w2d,Gay porn dekho gey toh yahi hoga,saimansays,1652372388,2022-05,"Blames gay porn for consequences, mocking LGBTQ+ identity.",0,0,1,0,0,0,1
i8c2xeg,Aur angrezi ki baat hi mat kar behn ke lode desh ki bhasha mein teri gaand lunga mein jo tu apne aapko desh bhakt samjh ke yaha chutiyapa faila raha hai ..,bakchodi,1652372402,2022-05,"Profanity-laced personal attack on a user, no identity basis.",1,1,0,0,0,0,0
i8c2xml,for those who want to see deleted comments :- [archive](https://archive.ph/2022.04.26-151558/https://www.reddit.com/r/AskBalkans/comments/ucbfgm/hello_balkans_what_comes_to_your_min_when_you/). thank me later.,desimeta,1652372405,2022-05,"Provides archive link, neutral.",0,0,0,0,0,0,0
i8c3avd,Muslim detected,indiandankmemes,1652372546,2022-05,"Labels someone as Muslim, implying otherness.",0,0,1,0,1,0,0
i8c3bdd,I love what I love 😔,unitedstatesofindia,1652372552,2022-05,"Personal expression, no offense.",0,0,0,0,0,0,0
i8c3ex2,"Hope you are doing better now. 

He is very talkative. He speaks his mind from what I gather from our interactions.",arrangedmarriage,1652372589,2022-05,"Supportive comment, no offense.",0,0,0,0,0,0,0
i8c3glj,Wah ab yahan log meme screenshot karna bhi seekh gye,indiandankmemes,1652372607,2022-05,"Sarcastic remark about learning to screenshot, no offense.",0,0,0,0,0,0,0
i8c3gp7,What about keerthy slapping Kishore in the earlier scene..,bollyblindsngossip,1652372608,2022-05,"Asks about a scene, neutral.",0,0,0,0,0,0,0
i8c3vaq,stop hating muslims,dankinindia,1652372766,2022-05,"Calls to stop hating Muslims, positive.",0,0,0,0,0,0,0
i8c3xfo,"thats a new in India, whats the secret?",bollyblindsngossip,1652372789,2022-05,"Asks about a novelty, neutral.",0,0,0,0,0,0,0
i8c3yni,"Buslims are afraid because Whenever Sanskrit is used in India, Allah is not born.",sham_sharma_show,1652372803,2022-05,"Mocking Islam, implying Allah is not born when Sanskrit is used.",0,0,1,0,1,0,0
i8c48n8,I don't get what you're trying to say! ;p,bakchodi,1652372910,2022-05,"Expresses confusion, neutral.",0,0,0,0,0,0,0
i8c4ejn,"Bas issi Ke liye aata hu yaha pe....

I like it.....",indiandankmemes,1652372973,2022-05,"Expresses enjoyment, neutral.",0,0,0,0,0,0,0
i8c4ffo,What is the context ?,bollyblindsngossip,1652372982,2022-05,"Asks for context, neutral.",0,0,0,0,0,0,0
i8c4kmj,Maine mr beast dekhna chod diya,saimansays,1652373038,2022-05,"Personal statement about stopping watching MrBeast, neutral.",0,0,0,0,0,0,0
i8c4lje,Kinda same same brooo...but maine breakup bhi Kara Diya or seggs suggs bhi macha liya uske saath,indiandankmemes,1652373048,2022-05,"Casual talk about breakup and sex, no offense.",0,0,0,0,0,0,0
i8c4lz8,"Wtf are these replies? A 26F can't understand the way she's texting/replying/talking is repulsive? 

Awww i cant text, this that lol. Just ask her properly, what's the problem? Only her parents being interested, or she's trying to find out how much will you carry or pursue and wants be to sure.

Have some self respect and don't text, call or initiate for a day or two and see what happens.",arrangedmarriage,1652373053,2022-05,"Advice on dating, no offense.",0,0,0,0,0,0,0
i8c4rd0,Dishwasher se scooter banwaoge to yahi hoga,dankinindia,1652373113,2022-05,"Metaphor about making scooter from dishwasher, no offense.",0,0,0,0,0,0,0
i8c4t5t,Inhone chaanta kaise khaa liyaa mrko yahan tak feel horha h,indiandankmemes,1652373132,2022-05,"Expresses empathy, neutral.",0,0,0,0,0,0,0
i8c4y39,Bhai maine jis din vapis aaya us hi din le liya. Mereko bahut jyada acha lagta tha pehle but then they removed it,saimansays,1652373186,2022-05,"Personal anecdote about a product, no profanity or abuse.",0,0,0,0,0,0,0
i8c4zex,"Your submission has been removed due to low karma or being new to Reddit. To start posting, **comment on other posts** &amp; get internet points on them. Also, please have a look at our **RULES** and make sure your post fits **Guidelines**.

If you believe you made a **High effort/Quality post** or need earlier access, please reach us on modmail on the link provided below. Thanks for participating on r/SaimanSays, u/Big-Chipmunk-8325...bye, shaba kher, kailash kher, wish you a happy married life.


*I am a bot, and this action was performed automatically. Please [contact the moderators of this subreddit](/message/compose/?to=/r/SaimanSays) if you have any questions or concerns.*",saimansays,1652373201,2022-05,"Automated moderation message, no profanity or abuse.",0,0,0,0,0,0,0
i8c52rh,This whole post is a response to what Mahesh said about ‘bollywood cant afford me’,bollyblindsngossip,1652373238,2022-05,"Discussion of a post, no profanity or abuse.",0,0,0,0,0,0,0
i8c53n0,Bhai itna dank meme yaha?,indiandankmemes,1652373248,2022-05,"Question about meme, no profanity or abuse.",0,0,0,0,0,0,0
i8c53ol,I would never understand why Deepika is like this to him in social media I don't judge they are so lovely no doubt but come on deep what is this behavior show some love back at least,bollyblindsngossip,1652373248,2022-05,"Criticism of celebrity behavior, no profanity or abuse.",0,0,0,0,0,0,0
i8c55cb,"Jeena yahan, marna yahaan


Iske siwa jaana kaha

Jee chahe jab humko aawaz do, 


hum the wahi, hum the jaha.",unitedstatesofindia,1652373266,2022-05,"Song lyrics, no profanity or abuse.",0,0,0,0,0,0,0
i8c58q2,"Maine tumhe bhi to 2 saal se nahi dekha lullichor bhai, aap aaj kaise aaye? Maine bohot Miss kiya aapko 2 saal me 🥺",unitedstatesofindia,1652373302,2022-05,"Friendly banter with mild profanity, not targeted abuse.",1,0,0,0,0,0,0
i8c5e0j,"I'm too afraid to ask
But still what's☕",indiandankmemes,1652373359,2022-05,"Question about a meme, no profanity or abuse.",0,0,0,0,0,0,0
i8c5ehb,"I never believed in their love story tbh, I'm just saying what i think, no need to downvote.",bollyblindsngossip,1652373364,2022-05,"Personal opinion about celebrity relationship, no profanity or abuse.",0,0,0,0,0,0,0
i8c5ih9,"What promotion did Pushpa get? If the film is good it will find it’s audience. It might have a slow start, but then the film should pick up if it’s genuinely good.",bollyblindsngossip,1652373408,2022-05,"Discussion about film promotion, no profanity or abuse.",0,0,0,0,0,0,0
i8c5m03,"Look at my other comment people whistle at whatever MB does. If he wear a lungi they whistle,  if he tells a dialogue whistle, even if he's gonna take a shit his fans will whistle. It's stupid but I don't think the whistles are because a women is being slapped. The whistles are because Mahesh Babu did something.",bollyblindsngossip,1652373447,2022-05,"Criticism of fan behavior, no profanity or abuse.",0,0,0,0,0,0,0
i8c5nce,"Spoke to a guy like that. The first thing he told me was to chill and not be formal. At that point, I had just asked whether he would like to chat on WhatsApp. Nothing that was an indication that I was “shy” or needed to “chill out”

He later proceeded to ask me dumb interview questions (like jeans or skirt) without picking up on any verbal cues that I was uncomfortable with his gestapo style questioning. He then asked me for my “life story” and “who are you” …. That was a hard limit.",arrangedmarriage,1652373462,2022-05,"Personal experience with uncomfortable interaction, no profanity or abuse.",0,0,0,0,0,0,0
i8c5pwo,"I’m not talking about all other instances where SRK was not tactful. You’re resorting to whataboutism. I’m talking about this specific instance, how both actors conveyed this specific message differently, and why one person’s delivery of this message was more effective than the other’s. No need to be so defensive about your messiah Bob lol. I was assessing this objectively",bollyblindsngossip,1652373490,2022-05,"Discussion of celebrity delivery, no profanity or abuse.",0,0,0,0,0,0,0
i8c5q35,"Have you seen what the meme is implying??? Jitna bachhe jis category ke hai utne us category ke dropout bhi hai ---&gt; proportional hai sab

50% Reserved and 50% unreserved dropout --&gt; Same as the reservation --&gt; seems like a natural proportion of dropout to me",dankinindia,1652373492,2022-05,"Discussion of reservation statistics, no profanity or abuse.",0,0,0,0,0,0,0
i8c5vft,"Yup exactly...he is an adult and he knows what's good for him better than us.

He accepts or rejects its up to him.

If he attends more and more shows like this...his ""Oh my god he is so HUMBLE appeal"" will increase guarranteed.

 It was karan johar who presented bahubali in hindi belt bro...and its SS R presenting brahmastra in southern belts....they co-work...karan is a good news to anyone he likes. SS R and his leads are one of them.",bollyblindsngossip,1652373551,2022-05,"Discussion of celebrity promotions, no profanity or abuse.",0,0,0,0,0,0,0
i8c5zqv,"Yeah right, He does B grade movies every year, hIs last movie was something called Bablu Bachelor. He was on Rang de basanti no with Maddy and Aamir? And 3 Idiots. Well, Aamir is Aamir but even Mads going steady with his career. idk what really happened.",bollyblindsngossip,1652373599,2022-05,"Criticism of actor's career, no profanity or abuse.",0,0,0,0,0,0,0
i8c61w8,"As for proof of its construction in Shahjahan time. There are archives in rajsthan state archives in which Shahjahan ordered Jai Singh to send marbles from Newly opened mines in Amer, the marbles and stones which are used in Taj Mahal was brought from Amer mines,(couldn't get the present name of mine) which didn't even started in 12 th century (which is when the temple is claimed to have been built).
Famines aur Shah Jahan's passion for buildings is very prominent from Red fort to Shah Jahanabad to jama masjid. Aur bhai kon sa 12th century ka mandir Indo-islamic artitecture pe banta hai.
The claim was very baseless and what made it even weaker was  that it wasn't any historian claiming it.",bakchodi,1652373622,2022-05,"Historical discussion, no profanity or abuse.",0,0,0,0,0,0,0
i8c64vd,"Map yad krne ke liye ek tareeka dhunda mai. Nuclear plants me 4 jagah hai. To line jod kr unko pattern me yaad karo. Jaise Top-Left-Left-Down. Matlab North-East-East-South. Ab isse naam yaad krlo. North ya top me narora, left ya east me both kamra para and tarapur, aur south ya bottom me kalpakkam",indiandankmemes,1652373653,2022-05,"Study tip, no profanity or abuse.",0,0,0,0,0,0,0
i8c65g4,"bro we are not trying to make you accept your advice or what we believe.  
do as you wish but i advice just 2 months stop it, you will see changes.  
PEACE OUT period",indiandankmemes,1652373659,2022-05,"Advice, no profanity or abuse.",0,0,0,0,0,0,0
i8c67u5,"People are so used to over the top insane promotions that they think normal promotions are not enough. It's a low budget movie. What more do they want other than interviews and media interactions? Ranveer has been going to different cities to promote also. 

People are aware of the existence of the movie.  The only job of promotions is make people aware that this movie is releasing. Now if people are still not interested, it's because the movie looks boring to them and Ranveer doesn't have star power to fill seats regardless of the story/quality. Planting articles calling yourself a superstar constantly doesn't actually make you one.",bollyblindsngossip,1652373685,2022-05,"Discussion of promotions, no profanity or abuse.",0,0,0,0,0,0,0
i8c6969,"What is the weirdest sub you know? 

I just learnt about r/Sounding [NSFW]",unitedstatesofindia,1652373700,2022-05,"Discussion about a subreddit, no profanity or abuse.",0,0,0,0,0,0,0
i8c6asm,He doesn't understand boundaries that I am sure of. I told him he was making me uncomfortable and he stopped asking. Should I bring it up again and tell him what was wrong?,arrangedmarriage,1652373717,2022-05,"Discussion about boundaries, no abuse.",0,0,0,0,0,0,0
c5dtyk6,"albays wunder, what difrance butwen chutiya aur bhosri?",bakchodi,1342243921,2012-07,"Asks difference between profane words, no target.",1,0,0,0,0,0,0
iikbklg,"circle jerk, gaslighting, womb sniffer, incel, volcel, simp aur bahut saari chizein jisko bol ke main IRL cool dikhunga woh sab maine yahin se seekha hai.

*kisko pata tha ki RDT se gyaan bhi milega*",unitedstatesofindia,1659390935,2022-08,"Lists terms learned from subreddit, no target.",1,0,0,0,0,0,0
iikbrlq,If only I could get to that person who thinks that's what attractive and make him go through all these things that these poor women had to go through and make him drop to that level of body mass.,bollyblindsngossip,1659391012,2022-08,"Expresses wish for harm to a person, no identity basis.",0,1,0,0,0,0,0
iikc064,What is number 6? What happened to eight?,bollyblindsngossip,1659391110,2022-08,"Question about numbering, no abuse.",0,0,0,0,0,0,0
iikc2zt,"I played myself? Lol. You're avoiding my point consistently and repeatedly. Or Is this what you think is ""stamina""?

I suppose it is pointless to argue with someone who thinks bodybuilders are of any use in the real world conditions I mentioned.",sham_sharma_show,1659391141,2022-08,Argumentative but no profanity or personal attack.,0,0,0,0,0,0,0
iikcjl4,thoda aur description do saar itne kam info mein main kaisa pata loon ki aap kiski baat kar rahein hai,unitedstatesofindia,1659391329,2022-08,"Request for more info, no abuse.",0,0,0,0,0,0,0
iikcldd,What’s the story?,unitedstatesofindia,1659391350,2022-08,"Simple question, no abuse.",0,0,0,0,0,0,0
iikd09v,"She's found on menslibindia nowadays

What's menslibindia you ask

It's a sub for male victims of patriarchy.",unitedstatesofindia,1659391521,2022-08,"Informative comment about a subreddit, no abuse.",0,0,0,0,0,0,0
iikdm9i,"Inferring from their post, Islam is not compatible with modern world.",indiadiscussion,1659391774,2022-08,"States opinion about Islam, no direct attack on individuals.",0,0,0,0,0,0,0
iikdon9,What does that dugga dugga mean?,bollyblindsngossip,1659391801,2022-08,"Asks meaning of phrase, no abuse.",0,0,0,0,0,0,0
iike1pu,"Okay guys, at the cost of being downvoted. There's nothing wrong with what she's saying here. To be clear, she's not calling herself a hero, but is instead giving credit to the writing and the way Gangubai's character was crafted. Anurag Kashyap did call her ""the new Bachchan"" from what I remember. She's simply giving credit where it's due and saying that with good writing any actor can be ""heroic"" as it's more to do with the spirit of the character. So, for once, she's not making this about herself at all.",bollyblindsngossip,1659391951,2022-08,"Defends a person's statement, no abuse.",0,0,0,0,0,0,0
iike95h,The fucking guy us going to town with BB2 . That movie needed rescuing from these morons and tabu single handedly saved the day. It is embarassing what this clown is doing,bollyblindsngossip,1659392038,2022-08,"Profanity and insults directed at a person, no identity basis.",1,1,0,0,0,0,0
iikehdc,"I don't think people will care in India as much as anyone seems to care here. We all know what she meant. She just didn't say ""cis"" because she's not that smart. Not because she's transphobic. I feel sorry for the SJW running to drag her for a sentence literally promoting trans characters.",bollyblindsngossip,1659392135,2022-08,"Discussion about transphobia, no direct attack.",0,0,0,0,0,0,0
iikettz,"In the words of Mohit Chauhan

""Tu bhi, main bhi

Sabhi hain sheeshe""",unitedstatesofindia,1659392282,2022-08,"Quote from song, no abuse.",0,0,0,0,0,0,0
iikevpr,You have no idea what healthy looks like,bollyblindsngossip,1659392303,2022-08,"Insult directed at a person, no profanity or identity basis.",0,1,0,0,0,0,0
iikf9iy,1.1.2022 - Yaha bhi 8,bollyblindsngossip,1659392461,2022-08,"Date and number, no abuse.",0,0,0,0,0,0,0
iikfa71,chalo inme se ek bhi nahi hu mai,saimansays,1659392469,2022-08,"Self-referential, no abuse.",0,0,0,0,0,0,0
iikfe32,"Abhi dekhna ek aur ayega
Maine bhi bheja tujhe abhi 🗿",indiandankmemes,1659392513,2022-08,"Casual comment, no abuse.",0,0,0,0,0,0,0
iikfui1,Itni tareef aajtak kisine nahi kari meri. Dhanya hua main,unitedstatesofindia,1659392706,2022-08,"Self-praise, no profanity or target.",0,0,0,0,0,0,0
iikg5tm,Kangana obviously. She becomes what she is today because of Karan,bollyblindsngossip,1659392838,2022-08,"Opinion about celebrity, no profanity or abuse.",0,0,0,0,0,0,0
iikggb5,Never need a bitch I'm what a bitch need🌬,saimansays,1659392961,2022-08,"Profanity used in self-empowerment, no target.",1,0,0,0,0,0,0
iikgme4,"Yh .. with trends what anupama is saying is bang on. Also I feel nw a movie be it south or north,  movies are selling with the name of directors and writers. 

It maybe an unpopular opinion but for me  bansali female lead characters aren't aspirational or heroic , be it padmavat or gangu.",bollyblindsngossip,1659393032,2022-08,"Opinion on movies, no profanity or abuse.",0,0,0,0,0,0,0
iikgw46,"&gt; ""rich, spoiled girl with no personality""

That is precisely what the character was. A nepo who had no clue of her privilege. Sridevi did add a level of class to the proceedings but Divya's performance is not that bad honestly. Plus, it was admittedly gutsy to even try out a negative role this early in her career. Her Hindi debut was just a year ago or so.",bollyblindsngossip,1659393145,2022-08,"Criticism of a character and performance, no profanity or abuse.",0,0,0,0,0,0,0
iikhar9,"And yet, he didn’t ask about kareena’s parents’ marriage. Or jahnvi’s. Or ranbir’s. Or Alia’s. Or Abhishek’s. Or his best friend, Shweta’s. Or Zoya’s. Or Farhan’s. Seriously, what’s with this guy. So intrusive and downright rude. He did ask Arjun, and Arjun was gracious about it, but KJo didn’t deserve his graciousness. 

What family in Bollywood doesn’t have skeletons in their closet? Why is he singling out Sara? Doesn’t she have enough to deal with?",bollyblindsngossip,1659393316,2022-08,"Criticism of a celebrity's behavior, no profanity or abuse.",0,0,0,0,0,0,0
iikhuf8,"You are not valuing her what she is today but the possibility of she being a perfect imaginary wife you had in your mind.  This wont work long time drop it and let her find a guy who values her.

She will forever be insecure about her weight and body around you knowing that it bothers you so much. Imagine if she tells you she is okay with most things about you but wishes you were earning nx than you are earning now. If you are earning only x at this age she is doubtful how will your earning capacity at age 35. Would this statement affect your confidence or you will take it as motivation?. 

Just accept you don't want over weight women and move on find who matches who is slim and has sexual experience. 

If you were sexually active it is better to marry a woman who has experience as well. You are going around bushes making her the version of what you want . This will build resentment in her with time. Just leave the woman alone she deserves better.",arrangedmarriage,1659393550,2022-08,"Advice on relationship, no profanity or abuse.",0,0,0,0,0,0,0
iikif6i,“Maine Janta kamaya chote”,indiandankmemes,1659393794,2022-08,"Quote, no profanity or abuse.",0,0,0,0,0,0,0
iikiguv,Thank you! Finally someone with brains. There’s nothing wrong with what she said. I am shocked to see there is such lack of comprehension on this sub.,bollyblindsngossip,1659393814,2022-08,"Agreement, no profanity or abuse.",0,0,0,0,0,0,0
iikji53,She says “Dugga Dugga” because that’s what it sounds like when people with a certain Bengali accent say it. My grandmother says “dugga dugga”. My guess is she writes that to sound more connected to her “roots”.,bollyblindsngossip,1659394255,2022-08,"Explanation of accent, no profanity or abuse.",0,0,0,0,0,0,0
iikjrzg,"Hey! Thanks for posting this Meme. Unfortunately, your karma is too low, we only allow users with over 500 karma to post. Comment and be active in this subreddit and other communities to increase your karma. **DO NOT MODMAIL MODS ABOUT THIS, YOUR MESSAGE WILL BE IGNORED.**

*I am a bot, and this action was performed automatically. Please [contact the moderators of this subreddit](/message/compose/?to=/r/IndianDankMemes) if you have any questions or concerns.*",indiandankmemes,1659394371,2022-08,"Automated message, no profanity or abuse.",0,0,0,0,0,0,0
iikk91y,Yeah too much positivity bullshit and advice only to end up riding a fugitive whale.,bollyblindsngossip,1659394575,2022-08,"Criticism of advice, no profanity or abuse.",0,0,0,0,0,0,0
iikkjms,Connections aren't easy with money? What you talking about?,bollyblindsngossip,1659394702,2022-08,"Question, no profanity or abuse.",0,0,0,0,0,0,0
e25abbo,Indians are looking up what happened to Shashi's wife ,bakchodi,1531251204,2018-07,"Observation, no profanity or abuse.",0,0,0,0,0,0,0
e25ifyb,Panditji gyani aadmi hain. Gaand maarne se bachha kaise ho sakta yeh bas ye hi samjha sakte hain.,bakchodi,1531257216,2018-07,"Profanity used in a joke about a priest, no personal target.",1,0,0,0,0,0,0
e25io9a,he should have known that you are a fake muslim (shia),bakchodi,1531257404,2018-07,"Accusation of being fake Muslim, religious slur.",0,1,1,0,1,0,0
e16skew,"who the f cares what liberals think? I will protest the way i want, bc. ",bakchodi,1529800242,2018-06,"Profanity and political opinion, no personal target.",1,0,0,0,0,0,0
e16z8jg,"whats the difference?

^(Runs away)",bakchodi,1529808985,2018-06,"Question, no profanity or abuse.",0,0,0,0,0,0,0
gpfisv3,"I'll bite, while giving my tatti almost baizuo tier 2-cents. Discourse, across ""popular"" ideologies seems to favor the middle class living in gated communities, the most, their ""sufferings"", ""struggles"", and ""issues"" is what makes the news(Looking right at that greatbong r3tard). Popular media and art will usually show a simple, ordinary person as a member of the middle class. Many ppl will gain a spine only when a member of the middle class is done dirty.


Also makes for good PR by them. The dog pic, n all that, shows her as ""one of us, just a regular middle class girl, not a worker, or nobody, a simple homgenized middle class girl."".",librandu,1614703424,2021-03,"Profanity and insult directed at a person (greatbong r3tard), no identity basis.",1,1,0,0,0,0,0
gpfj4po,"Maine lootera dekhi nahi 😪 woh actually the last leaf pe thi na, toh I assumed wo mar hi jayega, and mera senti cheezon se kaafi jaldi dil toot jata hai 😭

Zinda toh itna suna maine ❤️",unitedstatesofindia,1614703568,2021-03,"Personal opinion, no profanity or abuse.",0,0,0,0,0,0,0
gpfj74b,u/riderfromrohan dua mai yad rakhna,librandu,1614703597,2021-03,Benign request to remember in prayers.,0,0,0,0,0,0,0
gpfjcb9,"maine ek hi beer pi hai, it was the biggest beer in the universe",librandu,1614703661,2021-03,Humorous self-deprecating comment about drinking beer.,0,0,0,0,0,0,0
gpfjciu,What I will say amidst this trolling is he has potential. In the last scene of war when he’s laughing maniacally while getting beat up I thought that was quite convincing. I think under the right director and expression coach he can improve,bollyblindsngossip,1614703663,2021-03,Constructive criticism of an actor's performance.,0,0,0,0,0,0,0
gpfjf8y,"maine ek ☝️ hi l*nd dekha hai, u/teatrips ka, it was the biggest dick in the universe",librandu,1614703696,2021-03,Self-deprecating humor with explicit sexual reference.,1,0,0,0,0,0,0
gpfjfow,What did Marx really do anyway? 🙄,unitedstatesofindia,1614703702,2021-03,"Sarcastic rhetorical question about Marx, no target.",0,0,0,0,0,0,0
gpfjgd6,"ɴᴏᴡ ᴘʟᴀʏɪɴɢ: [Zinda Full Video | Lootera | Ranveer Singh, Sonakshi Sinha | Amit Trivedi | Amitabh Bhattacharya](https://youtube.com/watch?v=cgHLvt0rxmM)",unitedstatesofindia,1614703710,2021-03,"Song title and artist mention, no offensive content.",0,0,0,0,0,0,0
gpfjl5d,What the hell is seriously happening in Andhra Pradesh. It has been going down and down ever since Jagan came to power. Who the hell is gonna safeguard our rights there?,chodi,1614703766,2021-03,"Criticism of state government and concern for rights, no personal attack.",0,0,0,0,0,0,0
gpfjm2b,"Still haven't received my paycheck 😭 seriously do you believe that Brahmins attend some kind of cult meetings in order to rule the world? A good number of us live below poverty line, and what Patriachy? Arranged marriages? two of my relatives recently had love marriages with KPs, arranged marriages are getting rarer and rarer here in the North. We don't have any privileges other than being denied a good portion of government jobs.",librandu,1614703778,2021-03,"Defense of Brahmin community against stereotypes, no hate.",0,0,0,0,0,0,0
gpfjnhe,Looks interesting.. what is it about?,unitedstatesofindia,1614703794,2021-03,Neutral question about content.,0,0,0,0,0,0,0
gpfjvf6,"What's wrong with this?? What the judge said,deserves any and every kind of criticism.",indiadiscussion,1614703888,2021-03,"Criticism of a judge's statement, no personal attack.",0,0,0,0,0,0,0
gpfjz58,"And oddly enough naam padh sakti hoon mai...

Happy Birthday Bojendra:)

I miss you leaving your assignments here for us to complete.",unitedstatesofindia,1614703933,2021-03,"Friendly message with name mention, no offense.",0,0,0,0,0,0,0
gpfk07a,Okay let's accept a fact. I am a proud Hindu and don't take offence of being called Gmtra drinker. Why? because it is a part of tradition during Upakarma (*not a blind belief but written in scriptures*) but the problem is the misconception of the left-libbie-Islamist statement that all Hindus drink litres of it using bottles which is completely false.,chodi,1614703946,2021-03,"Defense of Hindu tradition, no hate.",0,0,0,0,0,0,0
gpfk07f,"Saath main baith ke roenge, vro",unitedstatesofindia,1614703946,2021-03,"Casual Hinglish phrase, no offense.",0,0,0,0,0,0,0
gpfk09i,What is wrong with communism?,chodi,1614703947,2021-03,Neutral question about communism.,0,0,0,0,0,0,0
gpfk0cz,"Sorry bout the edit bhava, but I realised thats an easy guess judging by what we have already seen",unitedstatesofindia,1614703948,2021-03,"Apology and explanation, no offense.",0,0,0,0,0,0,0
gpfk5ke,"also  communists whitewashed pandit exodus 

https://www.outlookindia.com/magazine/story/a-dangerous-symbiosis/215059


According to Ashish Nandy of the Centre for the Study of Developing Societies, secularists have been foolishly soft on minority communalism: ""When Hindus began to be exterminated systematically in Kashmir and to leave in large numbers, our secularist friends said then governor Jagmohan had deliberately organised the forced migration. I would like to see people leaving their ancestral homes with a sack in hand just because the governor of the state asks them to do so! When questioned later as to how the killings of Hindus were not condemned strongly enough, some of them said newspapers had refused to carry their statements.",chodi,1614704012,2021-03,"Discussion of historical events and criticism of secularists, no hate.",0,0,0,0,0,0,0
gpfk8ml,I am a guy. Hot female lead is what I would be interested in.,bollyblindsngossip,1614704049,2021-03,"Personal preference statement, no offense.",0,0,0,0,0,0,0
gpfkaqy,"Why so defensive, Why do we have to start off with ""peace"" and appeal for sympathy. Why not say what's happened in the video is absolutely pathetic and it disrespects ALL SIKHS serving in army, navy.",desimeta,1614704074,2021-03,"Criticism of a video's content, no personal attack.",0,0,0,0,0,0,0
gpfkddy,"&gt;And oddly enough naam padh sakti hoon mai...

I blurted out my name in front of everyone when I was drunk on vc that day so I'm assuming that a lot of people know my name here.

&gt;I miss you leaving your assignments here for us to complete.

Wait till I join my company",unitedstatesofindia,1614704105,2021-03,"Personal anecdote and friendly banter, no offense.",0,0,0,0,0,0,0
gpfkm49,Main maalish bahot badiya karta hu. All unkils in my family love it. Kaho toh aapke kardu maalish?,unitedstatesofindia,1614704208,2021-03,"Sexual innuendo with offer, no explicit profanity.",0,0,0,0,0,0,0
gpfkmni,It is not a Muslim name. He comes from a Brahmin Iyengar family. Kamal is lotus in Sanskrit. Hassan means one who has the lotus in his heart. It refers to Lord Vishnu.,chodi,1614704214,2021-03,"Neutral discussion of a name's etymology, no hostility.",0,0,0,0,0,0,0
gpfkn1u,No comebacks whatsoever. I concede.,unitedstatesofindia,1614704219,2021-03,"Concession in a debate, no hostility.",0,0,0,0,0,0,0
gpfkogq,"&gt;but still got fucked in the ass in the space race.

I mean even North Korea has advanced nukes, doesn't really mean anything. living condition of the majority of people matters.

central planning has one major advantage: you can fuck everything, everyone and do whatever you want to do, however inefficient that process might be in economic sense.

It's almost on the level of chodes calling India a superpower because of tallest statue in the world, and another being ISRO",librandu,1614704235,2021-03,"Profanity used in political/economic critique, not targeted at a person.",1,0,0,0,0,0,0
gpfkuhv,You know what ! There is a fucking between extortion and asking for funds n begging ..n they seem to have mixed it all up ...,librandu,1614704306,2021-03,"Profanity used in criticism of an organization's actions, not personal.",1,0,0,0,0,0,0
gpfkzro,"You have the reason and excuse to kill a Hindu. In your eyes, only Muslims are the victims. Gujarat (riots) were the results of Godhra (Hindu massacre).",chodi,1614704368,2021-03,"Accusation of bias and justification of violence against a religious group, communal hate.",0,1,1,0,1,0,0
gpfl0vv,What! Why? What about blows on the head? Not a blowdryer no!,unitedstatesofindia,1614704382,2021-03,"Confusion about a topic, no hostility.",0,0,0,0,0,0,0
gpfl3s3,What the actual fuck is this thread? And that Twitter thread?,librandu,1614704416,2021-03,"Exclamation of frustration with profanity, not directed at anyone.",1,0,0,0,0,0,0
gpfldlr,"Considering how Bollywood is going, they'll somehow insert an innocent Muslim guy as the real protagonist (despite Islam not existing in that age).",chodi,1614704538,2021-03,"Stereotyping Bollywood's portrayal of Muslims, communal framing.",0,0,1,0,1,0,0
gpflq9m,"Doesn’t Rajesh Khanna’s jija ji in this song look like a haired Ben Kingsley?

Also the song is lub:

Alexa play Maine Tere Liye Hi Saat Rang Ke Sapne Chune",unitedstatesofindia,1614704693,2021-03,"Lighthearted comment about a song, no hostility.",0,0,0,0,0,0,0
gpflrti,"ɴᴏᴡ ᴘʟᴀʏɪɴɢ: [Maine Tere Liye Hi Saat Rang Ke Sapne | Mukesh | Anand 1971 Songs । Rajesh Khanna, Amitabh Bachchan](https://youtube.com/watch?v=MH_Q8YCS7CI)",unitedstatesofindia,1614704712,2021-03,"Song lyrics, no hostility.",0,0,0,0,0,0,0
gpflvl0,Shivaji Maharaj in Kerala? What's the story there? Are people actually aware of his contribution/relate to him somehow?,chodi,1614704758,2021-03,"Question about historical figure, no hostility.",0,0,0,0,0,0,0
gpflxfi,"Google is showing bobpin as hairclip 🙄

What you probably mean is thumbtack I guess

Usme heard won't apply cuz when you hit a nail, there's a sharp ringing or noise.",unitedstatesofindia,1614704780,2021-03,"Discussion about a word, no hostility.",0,0,0,0,0,0,0
gpfm2qj,What's natural order?Which ideology do u think gonna work eternally?,chodi,1614704846,2021-03,"Philosophical question, no hostility.",0,0,0,0,0,0,0
gpfmapi,"If you're just gonna go for iPad pro without accessories, then go for Air + accessories. Else agar paisa hath ka mail hai, then go all out and get Pro with accessories.

I'd even suggest waiting till March mid. It has been speculated a new Pro will be launched in Apple March event.",unitedstatesofindia,1614704944,2021-03,"Advice on purchasing, no hostility.",0,0,0,0,0,0,0
gpfmhqf,"What a sick fuck! Loser is only capable of that, no respect for women as if they are playthings. Apni ma, behen ko izzat ki barsaat but treat other women like piece of meat. Despite being a man, can't tolerate this hypocritical tribe of men.

And don't get me started about women like Dia Mirza who come to this sick fuck's rescue with: He came to help me at 3.00 AM when my mother wasn't well. He can't be a bad human being. And there by nullifying man's bad deeds and negating fellow women's abuse. Loser will die a lonely death.",bollyblindsngossip,1614705029,2021-03,"Profanity and personal attack on a public figure, with misogynistic framing.",1,1,1,0,0,0,1
gpfmtu5,abey yaar itna dank hone se accha mai normie reh jau,saimansays,1614705177,2021-03,"Self-deprecating humor, no hostility.",0,0,0,0,0,0,0
gpfmvs4,"&gt;Ha Joon Chang

lol I knew EXACTLY this was coming from miles away.

what more? Noam Chomsky and Richard Wolff?

 Atleast Stiglitz is a nobel laureate, you could have chosen him maybe.",librandu,1614705201,2021-03,"Sarcastic critique of economists, no profanity or personal attack.",0,0,0,0,0,0,0
gpfmy36,"It's NYT, except mocking others what can you expect from those dickheads. NYT also did a piece about how saree is Nationalistic and got cancelled from every wing of Indian political spectrum, was totally wholesome to see Indians coming together at least for once and protecting our culture.",chodi,1614705229,2021-03,"Profanity directed at an institution (NYT), not personal.",1,0,0,0,0,0,0
gpfn4i8,"Khalistanis bombed a whole flight in canada and killed 329 passengers onboard. Everybody died, most of them were canadians only.

https://www.opindia.com/2020/06/air-india-flight-182-bombing-khalistani-terrorists-canada-kanishka/",chodi,1614705306,2021-03,"Factual statement about a historical event, no hostility.",0,0,0,0,0,0,0
gpfnblv,Wait what.... Lmao.... Mat maan,saimansays,1614705392,2021-03,"Informal exclamation, no hostility.",0,0,0,0,0,0,0
gpfncuf,"Many Bhakts were fapping to Indira Gandhi that day (reference to Operation Blue Star) and asking for killing of protestors. 

One guy even called for Jallianwala Bagh style shooting in Ch*di sub.",librandu,1614705407,2021-03,"Profanity present, but target is political figures and groups, not a specific person or identity group.",1,0,0,0,0,0,0
gpfngkh,"What are your favourite songs and movies?

I am producing a movie soon",bollyblindsngossip,1614705450,2021-03,"Neutral question about preferences, no offensive content.",0,0,0,0,0,0,0
gpfo46q,"I admire china as a fellow ancient and storied civilization. Although the communist party is a formidable rival, they have their shit together and do what is necessary to rise and dominate instead of secular ahimsachhap policies of Bharat. I hope we can learn something from them and be as good at building our narrative and take our soft power beyond yoga and food (ex. We could start our own swadeshi woke movement that addresses our issues and then spreads to other nations)",chodi,1614705739,2021-03,"Political commentary with mild profanity, no personal attack or identity-based hate.",1,0,0,0,0,0,0
gpfo5zj,"The same things are taught in madrassas across india.  what is your point?

i wish this was /s but it is not.

the madrassas teach the koran.  these things are written in the koran.  thus these things are being taught in madrassas not just across india, but across the entire world including US and Europe.",chodi,1614705761,2021-03,"Discussion about madrassas and Quran, no personal attack or hate speech.",0,0,0,0,0,0,0
gpfoaye,What's wrong with Ha Joon Chang,librandu,1614705821,2021-03,"Neutral question about a person, no offensive content.",0,0,0,0,0,0,0
gpfod0f,What happen nessie ji? Hab some tea and relax,unitedstatesofindia,1614705846,2021-03,"Sarcastic but not offensive, no profanity or hate.",0,0,0,0,0,0,0
gpfofqr,"ME APNE BACHON KI KASAM KHATA HUN, MAI POLITICS JOIN NAHI KARUNGA !!",chodi,1614705879,2021-03,"Self-directed oath, no offensive content.",0,0,0,0,0,0,0
gpfoi3t,What are they sloganeering I can't make out plis tell,chodi,1614705906,2021-03,"Neutral question, no offensive content.",0,0,0,0,0,0,0
gpfon8n,"I have a nagging doubt that most of these people, despite carrying hindu names, and may even be saying hindu on paper, are actually converted to islam and are the fighters for ghwaza e hind.

The best time for hindus to wake up was in 1947. The second best time is today.",chodi,1614705969,2021-03,"Conspiracy theory targeting Muslims, implying they are a threat, communal hate.",0,0,1,0,1,0,0
gpfoog7,Sonam should’ve moved abroad and done modelling . What a waste,bollyblindsngossip,1614705983,2021-03,"Opinion about a public figure's career, no personal attack or hate.",0,0,0,0,0,0,0
gpfoup2,Let this thread be a message to you librandu cucks...this is what happens when you mess with neochodes😤,librandu,1614706057,2021-03,"Profanity and insult directed at political opponents, but not identity-based.",1,1,0,0,0,0,0
gpfourd,So she did articulate coherent thoughts at one point. Wonder what happened now.,bollyblindsngossip,1614706057,2021-03,"Sarcastic comment about a person's change, no offensive content.",0,0,0,0,0,0,0
gpfoxnq,This is like asking what's wrong with poverty,chodi,1614706093,2021-03,"Rhetorical question, no offensive content.",0,0,0,0,0,0,0
gpfoyjw,"He's absolutely right! Bamans are famous for their charity. Whenever I think about them, the adjective that first comes to mind is philanthropic.",librandu,1614706104,2021-03,"Sarcastic comment about Brahmins, but not demeaning or hateful.",0,0,0,0,0,0,0
gpfp1o5,Bhrata don't hate your fellow bahman. We hindus should unite against these radical islamocommunibrandus. They are threat to our kULcha. Repeat after me jago hindu jago,librandu,1614706142,2021-03,"Political rhetoric with communal undertones, but not directly attacking a group.",0,0,0,0,0,0,0
gpfp3bf,"Thanks for the info, but already know what's going on. Even if he praises Modi put up posts criticizing him repeatedly.",chodi,1614706162,2021-03,"Neutral comment about posting behavior, no offensive content.",0,0,0,0,0,0,0
gpfphsn,"Royal rumble ka torrent download hone wala hai.

Bhagwaan bhala karega uska jisne yaha pe aaj torrent ka idea diya. ❤️",unitedstatesofindia,1614706338,2021-03,"Lighthearted comment about torrent, no offensive content.",0,0,0,0,0,0,0
gpfpjj5,"The only reason cow slaughter is banned in India since 1950’s is due to a religious reason. 

What is this pet talk you keep bringing up?

And what is this about USA? You live in US or you wish you lived in US.",unitedstatesofindia,1614706359,2021-03,"Discussion about cow slaughter ban, no offensive content.",0,0,0,0,0,0,0
gpfpr1p,"well the response was to claiming me as BJP Bhakt, without even listening to what arguments I put",sham_sharma_show,1614706450,2021-03,"Defensive comment about being called a BJP Bhakt, no offensive content.",0,0,0,0,0,0,0
gpfpr9o,"&gt;he opposes their extreme market fundamentalist ideas

aka mainstream economics.",librandu,1614706453,2021-03,"Political commentary, no offensive content.",0,0,0,0,0,0,0
gpfprmo,"Feels like I am zeroing in on what I want to do :,-)",unitedstatesofindia,1614706457,2021-03,"Positive emotional expression, no profanity or abuse.",0,0,0,0,0,0,0
gpfq4c7,Yes and Aisha was  according to Islamic records by most scholars 9 years old but that's a good thing because  of uhhh u know something something,chodi,1614706613,2021-03,"Discussion of historical records, no profanity or abuse.",0,0,0,0,0,0,0
gpfq4go,what makes you think they are not cheating too,bollyblindsngossip,1614706615,2021-03,"Skeptical question, no profanity or abuse.",0,0,0,0,0,0,0
gpfqbtw,"Say what you want about Tiger, but he’s given me some of my favorite so-bad-they’re-good bollywood movies. Baaghi 3 was the best comedy of 2020",bollyblindsngossip,1614706704,2021-03,"Opinion on movies, no profanity or abuse.",0,0,0,0,0,0,0
gpfqcg8,"&gt; Still haven't received my paycheck 😭 seriously do you believe that Brahmins attend some kind of cult meetings in order to rule the world?

What?!


&gt; A good number of us live below poverty line, and what Patriachy?

Still lesser than other social groups. Doesn't change the fact that you benefit from this casteist and patriarchal societal structure where you recieve favorable treament because you're a UC cishet man.


&gt; what Patriachy? Arranged marriages? two of my relatives recently had love marriages with KPs, arranged marriages are getting rarer and rarer here in the North. We don't have any privileges other than being denied a good portion of government jobs.

Your anecdotes doesn't mean suddenly the patriarchal attitudes no longer exist. And no you aren't being denied any govt jobs. Simply because the playing field is made more even through reservations doesn't mean you're getting oppressed.

""When you're accustomed to privilege, equality feels like oppression.""",librandu,1614706712,2021-03,"Political debate about caste and privilege, no profanity or personal attack.",0,0,0,0,0,0,0
gpfqdij,"I will hate anyone I want.

&gt; We hindus should unite against these radical islamocommunibrandus

You are missing a foreskin and a spine for that Incellah Incellah ☪️😭",librandu,1614706724,2021-03,Hate speech targeting Muslims with religious slur and mockery.,0,1,1,0,1,0,0
gpfqeac,"Mainstream doesn't imply it's right tho lmao

If he can back up his claims with credible sources, why are we still criticising him",librandu,1614706733,2021-03,"Discussion about credibility, no profanity or abuse.",0,0,0,0,0,0,0
gpfqj0j,"I actually watched this movie. It is a Norwegian movie based in Norway and Pakistan, but filmed in Norway and India. The “Pakistani” cast is actually mostly Indian actors. I was surprised when they showed the scenes in “Pakistan” but saw names of the stores in Hindi and Hindu-sounding names. Since the main audience is Norwegian, I suppose most will not know the difference. And maybe those Norwegian Muslim families (like the one portrayed in the movie) will perhaps ignore the background and focus on the message (do not kidnap and take your underage daughter to a different country and do not force your underage daughter into marriage; allow them live their lives).",chodi,1614706792,2021-03,"Movie review, no profanity or abuse.",0,0,0,0,0,0,0
gpfqv3d,I need whatever you're smoking :joy:,unitedstatesofindia,1614706938,2021-03,"Joking comment, no profanity or abuse.",0,0,0,0,0,0,0
gpfqy16,That's because what he is.,librandu,1614706974,2021-03,"Vague statement, no profanity or abuse.",0,0,0,0,0,0,0
gpfr0ip,"That was apparent. At he very least you don't put temple freedom at the top of the list. So BJP Bhakt, Policy Bhakt whatever, you most certainly aren't a true Bhakt. Sorry for my anger, but all my energy is spent arguing other Indic wingers who come up with a thousand iffs and buts the moment I try to bring something up. I am asked to provide solutions to everything pertaining to the issue at hand by those who don't even seem to prioritise the problem. Don't want to assist?Ok. Then don't hinder either.",sham_sharma_show,1614707003,2021-03,"Political disagreement, no profanity or personal attack.",0,0,0,0,0,0,0
gpfr7oj,"&gt;I will hate anyone I want.

Why always we hindus are hated 😢. Hey bhagwan what wrong did I do.

&gt;You are missing a foreskin and a spine for that Incellah Incellah ☪️😭

Bhrata don't use that I word for me. Now I will have to purify myself with Gaumutra snan.",librandu,1614707091,2021-03,Religious mockery and hate speech against Muslims.,0,1,1,0,1,0,0
gpfrd6l,"Alright, take the precautionary measures. Do that in next 10-15 years if you are lucky. Then see if BJP still in power, if no, proceed to bash head on nearby table. Don't think I don't understand what you are saying, I just don't prioritise it as urgently as I do teme freedom.",sham_sharma_show,1614707158,2021-03,"Political commentary, no profanity or abuse.",0,0,0,0,0,0,0
gpfreul,"what !

i have seen this all my life...i am pretty sure, people of karnataka,TN and AP can vouch for this...

atleast south Karnataka for sure.",chodi,1614707179,2021-03,"Observation about regional experiences, no profanity or abuse.",0,0,0,0,0,0,0
gpfrmqg,"Exactly. This is what Ayan and Kjo have said in multiple interviews that they want the VFX of the film on par with Avatar, Endgame and won't compromise on that aspect. As an insider on VFX, do you know how the film is shaping up ?",bollyblindsngossip,1614707275,2021-03,"Discussion about film VFX, no profanity or abuse.",0,0,0,0,0,0,0
gpfrr8g,"Again arguing with me as if I am against freeing temples, you take precautionary measures before venturing into it, create a temple freeing organization or if exists pour money into it, bring in people who understand DharmaShastras to resolve infights, temple managers to allocate funds by donations to organizations and people to track temples which lack funding. Big Temples, Mathadhipatis can all be in advisory committee, and they can help in donating too. If you even read all of my comments again, you can understand what I want.",sham_sharma_show,1614707330,2021-03,"Political discussion, no profanity or abuse.",0,0,0,0,0,0,0
gpfrxfj,maybe a muslim should break into your house with a khurpi. we will gladly accept that as an acceptable loss.,chodi,1614707404,2021-03,Threatening violence against a person based on religion.,0,1,1,0,1,0,0
gpfs2ed,"Exactly those people who are donating  now. Socialism is when a central authority distributes resources. People donating to temples is more like a crowdfunding scheme. Dude, enough with your capitalist-than-thou cr@p, I don't want to share what I do for a living and how capitalist I am.",sham_sharma_show,1614707465,2021-03,"Political debate, no profanity or abuse.",0,0,0,0,0,0,0
gpfs2gn,What a menacing cat u got there (☉｡☉)!,saimansays,1614707465,2021-03,"Compliment about a cat, no profanity or abuse.",0,0,0,0,0,0,0
gpfs4xd,"No fucking idea dude , she texted him and he's having fun chat time idk what's happening",unitedstatesofindia,1614707494,2021-03,"Casual comment with profanity, no target.",1,0,0,0,0,0,0
gpfs6rs,Volume 1 by Honey Singh and Badshah.,saimansays,1614707516,2021-03,"Mentions artists, no profanity or abuse.",0,0,0,0,0,0,0
gpfsa21,"yeah again venturing into stuff you really don't know what to do once they gain freedom, yeah go ahead call me Anti Hindu too, I don't mind, I want Sanatana Dharma to prosper, I will do this before demanding the temple freeing, so that whatever problems that come in the future, can be handled easily, unlike you who would run around and then cry to government to take back the control again, since small temples now lack funding.",sham_sharma_show,1614707555,2021-03,"Political/religious commentary, no personal attack or hate speech.",0,0,0,0,0,0,0
gpfsbbt,90...i hate hindi as a subject tbh...padyansh dohe poem ka kuch mtlb hi smjh ni aata...aaj ip ka paper tha 11th main...ham 40 minute main karke baith gaye aur bilkul baccho vaala basic paper...aur hindi vaale lage pade likhne main xd,saimansays,1614707569,2021-03,"Personal opinion about subjects, no profanity or abuse.",0,0,0,0,0,0,0
gpfscsg,"This sub is so fucking biased, if it was a muslim who did this this post would have 300+ Upvotes and them shit talking Muslims and reposting it like Rinku sharma for the next 3 months. 

(I have nothing against rinku sharma but if you feel his death was bad and deserves to be posted for 3 months, this one too deserves all the attention)",chodi,1614707587,2021-03,"Criticism of subreddit bias, mentions Muslims but not hateful.",1,0,0,0,0,0,0
gpfsiar,"This is why I was lukewarm about her bail

https://np.reddit.com/r/librandu/comments/lr6zgs/im_somewhat_upset_at_disha_ravi_getting_bail/",librandu,1614707653,2021-03,"Opinion on bail, no abuse.",0,0,0,0,0,0,0
gpfsm8r,That’s my opinion too. Like she has no redeeming qualities whatsoever! I guess I would have to Stare at the wall during her scenes.,bollyblindsngossip,1614707700,2021-03,"Negative opinion about a person, no profanity or identity attack.",0,0,0,0,0,0,0
gpfsotg,"BHAIYYA ME RSS KA NAHI HU, MAIN GALTIYA KARTA HU",chodi,1614707731,2021-03,"Self-correction, no profanity or abuse.",0,0,0,0,0,0,0
gpfsqu5,"well you are demanding them to donate, and what if most of them don't, crowdfunding can come through middle class people too, depending on some people to donate to lakhs of temples, great, good economic model you have there.",sham_sharma_show,1614707755,2021-03,"Sarcastic critique of economic model, no personal attack.",0,0,0,0,0,0,0
gpfsr9s,"Imagine what Aisha must have gone through, a 9 year old child forced to marry a 56 year old ladyboy",chodi,1614707760,2021-03,"Comment on a case, uses 'ladyboy' which is derogatory but not targeted at a specific person here.",0,0,0,0,0,0,0
gpfsuvv,"BHAIYYA ME RSS KA NAHI HU, MAIN GALTIYA KARTA HU",chodi,1614707803,2021-03,"Same as 1326, self-correction.",0,0,0,0,0,0,0
gpfswa2,what are your expectations from Avatar 2 VFX ?,bollyblindsngossip,1614707820,2021-03,"Question about VFX, no issue.",0,0,0,0,0,0,0
gpfsy3r,"I can vouch for this. I’m from North Kerala and communism in our area is rampant. The amount of pride some Hindus here boast about “our abundance of parotta and beef roast” should give you a fair idea about their idea of life goals.

What does give me some relief is that there is a veeeery slow by steady change in the way the political wind is blowing. I just hope I live to see the day communism is eradicated for good here.",chodi,1614707841,2021-03,"Political commentary on communism, no hate speech.",0,0,0,0,0,0,0
gpft3kp,"Well good luck doing this unorganized, even Khalistanis can organize, it's sad we can't.",sham_sharma_show,1614707907,2021-03,"Comparison with Khalistanis, no hate speech.",0,0,0,0,0,0,0
gpftbgt,"Hey /u/kg1313, thanks for contributing to /r/DesiMeta. Unfortunately, your post was removed as it violates our rules:

This is not a meta post. r/desimeta is for discussing meta

Please read the sidebar before posting again. If you have questions or concerns, please [message the moderators through modmail](https://www.reddit.com/message/compose?to=/r/DesiMeta&amp;subject=&amp;message=). Thank you!",desimeta,1614708000,2021-03,"Moderator message, no issue.",0,0,0,0,0,0,0
dmtpjcf,Abe chutiye new faggot kya laga rakha hai kuch ukhar liye tune bakchodi mai subscribe karke hamse pehle,bakchodi,1505072416,2017-09,"Profanity and personal insult, no identity basis.",1,1,0,0,0,0,0
dmtpq4x,Whatever you order on amazon zomato etc on cod and think you're being smart by using black money gets logged in. ,bakchodi,1505072625,2017-09,"Informational comment, no issue.",0,0,0,0,0,0,0
dmtsbf6,"Fuckin yes! 

Sad that it's not at all what Hindus are doing. :/",bakchodi,1505075379,2017-09,"Profanity, but no target.",1,0,0,0,0,0,0
ht44pxj,Ah okay. That’s what the caption says,bollyblindsngossip,1642467844,2022-01,Neutral comment.,0,0,0,0,0,0,0
ht457nz,"I am sorry if I was ever rude to you or offended you in the past. I am suffering from a split personality disorder so please forgive me. All that tension in the world makes me feel depressed. I can't sleep at night thinking about what will happen to me in the future. Will, I ever succeed in life or will I be the biggest failure. I want to improve myself. Mods have locked me in the basement and they force me to reply to you all with such bullshit. Please send help.

*I am a bot, and this action was performed automatically. Please [contact the moderators of this subreddit](/message/compose/?to=/r/IndianDankMemes) if you have any questions or concerns.*",indiandankmemes,1642468063,2022-01,"Apology and explanation, no abuse.",0,0,0,0,0,0,0
ht45dsu,"True h bhay

Kal school ke farewell party thi, sab nach rhe aur mai scroll kr rha😒",indiandankmemes,1642468138,2022-01,"Personal anecdote, no issue.",0,0,0,0,0,0,0
ht461l0,What did that poor Santa do,unitedstatesofindia,1642468421,2022-01,"Question about a person named Santa, no profanity or abuse.",0,0,0,0,0,0,0
ht46d1d,Oh no what happened to him?,chodi,1642468558,2022-01,"Question expressing concern, no profanity or abuse.",0,0,0,0,0,0,0
ht46zrf,Wait what lol no that's Hema Malini xD.Dimple Kapadia is Rajesh khannas wife,bollyblindsngossip,1642468827,2022-01,"Correction about celebrities, no profanity or abuse.",0,0,0,0,0,0,0
ht47kat,"See, present humans aren't only species of humans. Till 10000 years ago, many species of humans used to be there. These all species went extinct 10000 years ago. Modern humans are called homo sapiens, and others are Neanderthals, Denisovans and Homo erectus. Homo erectus is the oldest of all, and is there even million (10 lakh) years ago. But it looks somewhat like a monkey, somewhat like a human. So, Hanuman ji must belong to homo erectus or their immediate ancestor. Some say ramayan happened 8 lakh years ago. This is only possible if we assume this",chodi,1642469079,2022-01,"Discussion about human evolution and Hanuman, no profanity or abuse.",0,0,0,0,0,0,0
ht498h9,What an idiot Karthik is!,bollyblindsngossip,1642469794,2022-01,"Personal insult directed at Karthik, no profanity.",0,1,0,0,0,0,0
ht49nma,Add Aamir Khan who has appeared in 10 movies last decade and only Dangal was hit movie without controversy. PK was a hit but has a fair share of controversy. And 2 of them where he's main actor are competing for biggest flop of the century with RGV ki Aag and Maniratnam's Raavan.,bollyblindsngossip,1642469976,2022-01,"Criticism of Aamir Khan's film career, no profanity or abuse.",0,0,0,0,0,0,0
ht49sx8,"Im assuming you’re a North Indian. Can’t really blame you for knowing him only from his trash Hindi films. 
This dude is more accomplished than all his Northie counterparts and unlike them, is organically popular among audience of both mass movies and people who prefer more grounded stories, due to his ability to portray both types of roles with ease. 
He’s the closest modern day equivalent to what people like Kamal Hassan were in their primes. 
Don’t know why he keeps doing shit Hindi films that doesn’t exploit even an ounce of his raw talent and allows him to play just the generic troubled Tamil youth.",bollyblindsngossip,1642470040,2022-01,"Criticism of North Indians and Hindi films, but not hate speech.",0,0,0,0,0,0,0
ht4bebw,"In response to what, please do tell.",chodi,1642470707,2022-01,"Question asking for clarification, no profanity or abuse.",0,0,0,0,0,0,0
ht4bfqb,What legacy really?,bollyblindsngossip,1642470724,2022-01,"Question about legacy, no profanity or abuse.",0,0,0,0,0,0,0
ht4bhxb,for your kind info at least mujhe toh nahi tha 10th main....,saimansays,1642470750,2022-01,"Personal statement about knowledge, no profanity or abuse.",0,0,0,0,0,0,0
ht4blsk,My Roommate is Allah,indiandankmemes,1642470795,2022-01,"Statement about roommate being Allah, no profanity or abuse.",0,0,0,0,0,0,0
ht4cred,I am an ex Hindu so naturally m uske against hi bolungi jyada. Pehle saare older comments dekho lo lol. Har jagah Islam ko le aatey ho tum log....itna obsession thik nhi.,dankinindia,1642471281,2022-01,"Criticism of bringing Islam into discussions, no profanity or abuse.",0,0,0,0,0,0,0
ht4cuuf,"Nahi dekhi maine 😛. Mujhe dubbed movies bahaut nahi pasand (and ik I miss out on great cinema because of this), but kya karoon, I'm a little ganwaar like that. 😔",bollyblindsngossip,1642471321,2022-01,"Self-deprecating comment about not liking dubbed movies, no profanity or abuse.",0,0,0,0,0,0,0
ht4e8s5,I am sorry but what exactly is wrong  ?,unitedstatesofindia,1642471899,2022-01,"Question asking what is wrong, no profanity or abuse.",0,0,0,0,0,0,0
ht4ejcf,"I am sorry if I was ever rude to you or offended you in the past. I am suffering from a split personality disorder so please forgive me. All that tension in the world makes me feel depressed. I can't sleep at night thinking about what will happen to me in the future. Will, I ever succeed in life or will I be the biggest failure. I want to improve myself. Mods have locked me in the basement and they force me to reply to you all with such bullshit. Please send help.

*I am a bot, and this action was performed automatically. Please [contact the moderators of this subreddit](/message/compose/?to=/r/IndianDankMemes) if you have any questions or concerns.*",indiandankmemes,1642472019,2022-01,"Apology and explanation about mental health, no profanity or abuse.",0,0,0,0,0,0,0
h2m9s61,"baat majority ki haina, lakshsweep me muslim majority hai toh sharaab ban hai waise hi indian states me hindu majority agar beef ban mangti hai toh kyon nahi hona chahiye? Jain majority me hote aur pyaaz ban ki mang karte toh hum kuchh nahi bolte.",saimansays,1624336368,2021-06,"Discussion about majority and bans, no profanity or abuse.",0,0,0,0,0,0,0
h2m9uob,Worst: Amitabh and Jiyah Khan (rip poor girl) 🤮🤮🤮🤮,bollyblindsngossip,1624336417,2021-06,"Expression of disgust with emojis, no profanity or abuse.",0,0,0,0,0,0,0
h2m9zgk,Goats must wear burkha to avoid tempting saccha momins,chodi,1624336507,2021-06,"Sarcastic comment about goats and burkha, no profanity or abuse.",0,0,0,0,0,0,0
h2m9zzo,"MAI CONGRESS HU, AUR YE SAB CONGRESS HAI",chodi,1624336518,2021-06,"Political statement, no profanity or abuse.",0,0,0,0,0,0,0
h2ma7bn,"arey nahi bhai, tere comment ke baad hi mujhe realise hua ki mai saal apne hi thread pe 40 comments kar chuka hu",saimansays,1624336655,2021-06,"Personal realization about commenting, no profanity or abuse.",0,0,0,0,0,0,0
h2ma818,"You'd be surprised that there was virtually no backlash from his home audience. Not a single one. At the time of the release, anyway. And I was in the theater watching the premiere show with Fawad sitting two rows behind me and as the revelation happened about him being gay and the scene with Ratna, I made a tiny gasp wondering what the response will be the next day and nothing but praise was seen/heard. Maybe now, in hindsight, there may be some born-again religious bigots but I haven't come across any comments to that effect.",bollyblindsngossip,1624336667,2021-06,"Discussion of audience reaction to a film, no target or hate.",0,0,0,0,0,0,0
h2maavw,"I used to be like you, a 17 yo edgy right-winger making le funny Islam pedo jokes that I used to generalize all Muslims with. But I never realized I live in a Muslim majority flat that are the nicest people and most of them are just normal people, so I slowly changed my views about stuff by lurking in this sub for a long time, and realized how disillusioned I've been.",librandu,1624336722,2021-06,"Personal reflection on changing views, no hate.",0,0,0,0,0,0,0
h2maba9,"Is there a genetic difference between north and south brahmins I'm from Telangana and here brahmins are a completely different kind    
I guess brahmins of  Hindi belt are an extremist type",librandu,1624336730,2021-06,"Question about genetic differences among Brahmins, no hostility.",0,0,0,0,0,0,0
h2maosp,"Actually Secularism is a very vague term and there are many versions of it. Secularism is different in different countries. Secularism in France is different from secularism in the US

What congress was doing in this country in the name of secularism was straight up Muslim appeasement.",desimeta,1624336993,2021-06,"Political critique of Congress's secularism, no hate.",0,0,0,0,0,0,0
h2mb189,What should 36 year old women post online?,bollyblindsngossip,1624337237,2021-06,"Neutral question, no target.",0,0,0,0,0,0,0
h2mb3jw,"That was completely different to what this guy is talking about. During the big short the banks gave loans who were inherently bad but the banks didnt know because they were given AAA ratings by the agencies.

What this guy seems to be implying is that there is some national level conspiracy to give bad loans to the rich because the banks are corrupt. Im saying if this practice was indeed going on the whole economy might collapse 
Maybe im overtly optimistic about the capitalist economy but i dont think a recession will kick in just due to bad loans",librandu,1624337282,2021-06,"Economic discussion, no hate.",0,0,0,0,0,0,0
h2mba3r,"Indians get a good kick out of calling Nepaliese 'Shaabji'. I don't care what our PM says, and you certainly don't care what your PM says too. Yeah, i am from Nepal.",bakchodi,1624337412,2021-06,"Mild ethnic teasing, no demeaning stereotype.",0,0,0,0,0,0,0
h2mbejk,LOL but for real rahl gandhiji ek bohot ache aur INTELLIGENT VYAKTI HAI aur aap unko papu mat bulaya karu jis din vo sachme aloo mai se sona nikalenge us din aana damne bhen ke lodo,saimansays,1624337499,2021-06,"Profanity directed at political figure, personal insult.",1,1,0,0,0,0,0
h2mbn7x,"The conservative Section of Islam which hates LGBT, Women should wear hijab etc",librandu,1624337671,2021-06,"Criticism of conservative Islam, no hate.",0,0,0,0,0,0,0
h2mbnt9,"asthma hai bhosdiwali ko phir bhi cigarette piti hai phir bolti hai diwali par patakhe na jalao kyuki usko saans lene m probelm hoti hai.
Shastro mai aisi aurton ko bhen ki lodi kaha gaya hai",bollyblindsngossip,1624337682,2021-06,Profanity and gender-based insult directed at a woman.,1,1,1,0,0,0,1
h2mbnwu,What do you think of people who say India is safer for women than Nordic countries because of statistics ?,librandu,1624337684,2021-06,"Question about statistics, no hate.",0,0,0,0,0,0,0
h2mbozs,I am going to give you a advice if you live in Maharashtra just prepare for MHTCET its and these college are best if you get a good score. The main point is MHTCET easy and you can get 95 persentile just by studying for 2 to 3 months. I am telling you IIT NIT are over rated. And also you will get time to spend for yourself in these college.,saimansays,1624337705,2021-06,"Advice on exams, no hate.",0,0,0,0,0,0,0
h2mbyn3,what does that mean?,chodi,1624337898,2021-06,"Asking for clarification, no hate.",0,0,0,0,0,0,0
h2mbz0a,Atheist Hindu what a joke bruv . Take my award 🏅,chodi,1624337906,2021-06,"Mocking atheist Hindu, no hate.",0,0,0,0,0,0,0
h2mc0vs,this is exactly what you call Krishna in bengali,indiandankmemes,1624337944,2021-06,"Neutral statement, no hate.",0,0,0,0,0,0,0
h2mca7v,main to 2017 se redmi note 4 chala raha hoon :(,saimansays,1624338130,2021-06,"Personal statement, no hate.",0,0,0,0,0,0,0
h2mcfug,"What else should I say? You all have weirdest fantasies of fairies, so you make animals half man. Pigs, elephants, lions, monkeys. Cry more morons. All while dancing to your monkey god.",desimeta,1624338243,2021-06,"Mocking Hindu deities, religious hate.",0,0,1,0,1,0,0
h2mcl3i,Next one--are girls halal or haram in Islam.. but I guess you all know the answer..,chodi,1624338350,2021-06,"Sarcastic question about Islam, religious hate.",0,0,1,0,1,0,0
h2mcpk5,Exactly what a bot would say.,unitedstatesofindia,1624338440,2021-06,"Accusation of being a bot, no hate.",0,0,0,0,0,0,0
h2mct1b,"###[View link](https://redditsave.com/info?url=/r/Chodi/comments/o5cy6a/sanatanis_choosing_what_to_place_on_their_car/)


 --- 
 [**Info**](https://np.reddit.com/user/SaveVideo/comments/jv323v/info/)&amp;#32;|&amp;#32; [**Feedback**](https://np.reddit.com/message/compose/?to=Kryptonh&amp;subject=Feedback for savevideo)&amp;#32;|&amp;#32;[**Donate**](https://ko-fi.com/getvideo) &amp;#32;|&amp;#32; [**DMCA**](https://np.reddit.com/message/compose/?to=Kryptonh&amp;subject=Content removal request for savevideo&amp;message=https://np.reddit.com//r/Chodi/comments/o5cy6a/sanatanis_choosing_what_to_place_on_their_car/)",chodi,1624338510,2021-06,"Spam link, no hate.",0,0,0,0,0,0,0
h2mctte,"Abe chutiya hai kya terse kon zabarjasti sewage saaf kara raha hai ?  
General ka cut-off isiliye jyada jata hai kyuki unme zyada bacche apply karte hai.  Cutoff list mai students ka number bhi dikhaye toh thoda hisab laga liyo . 
General matlab general koi bhi apply kar sakta hai ab bc bheem army ka gyan choda toh phone mai ghuske marunga . 
Lower income sc/st = lower income upper caste.  
Reservation mai sab equally hota hai sirf economic terms pe reservation dena chaiye.  

Bahar kon kisse caste pe gaali de raha kharab treat kar raha usse kuch farak nahi padta koi tumhe aone ghar na bulaye caste ke wajah se toh tujhe kyu farak padta hai? 

Reservation se issue solve hota toh 70 saal hogaye ab tak solve hojata.  

Aur sun mai bhi backward class se belong karta hu.  Agar lage ki mai bra min ka choda hu gyan chod raha . 

Isiliye dimag se goo nikal aur logic daal",saimansays,1624338526,2021-06,"Profanity and personal insults directed at a user, with caste-based resentment and threats.",1,1,1,1,0,0,0
h2mcu9k,"Yes, we exist. (For your first question)

(Just stating my opinion)
Tweeter is not a feminist. One of those who hold up a placard of ""patriarchy"" to confirm their tweet. The handle is either satire, troll, or... just as it is.

The actual ones are working on upliftment of people (especially the rural) and are trying to end misogyny, toxic masculinity, and support empowerment (they now exist in few no.s, sadly).
 These people (what you see as ""feminism"" nowadays) are the majority nowadays. That's why we need to see what feminism is, its true definition and how it helps people.

I hope there'll be a time when people get rid of the misogynist mindset, toxic masculinity / feminism / homophobia, and actually work towards the upliftment of all sexes.",chodi,1624338535,2021-06,"Discussion of feminism and social issues, no personal attacks or hate speech.",0,0,0,0,0,0,0
h2mcuww,"I would like to point out that condition of women in India being better than those in islamic countries is not an achievement as many ch0des like to believe. 

What do you mean by ""LGBTQ stuff has no future in india till we can at least be more civil as a society"" ?",librandu,1624338549,2021-06,"Profanity (ch0des) and criticism of Muslims, but no clear target or hate speech.",1,0,0,0,0,0,0
h2mcyz8,Maine toh rihana ko pela hai woh medusa ban kar ghum rahi thi 😅,chodi,1624338632,2021-06,"Sexual reference to a celebrity, but no clear target or hate speech.",0,0,0,0,0,0,0
h2md2b1,Yes it's meant to come post capitalism but depends entirely on the transition because the drive to do something solely for the collective good is hard to achieve. Even Marx mentioned how it would be really hard to implement it without a global incentive. What I referred to exploitation is pertaining to Authoritarianism.,saimansays,1624338700,2021-06,"Political discussion, no personal attacks or hate speech.",0,0,0,0,0,0,0
h2md3u3,Bhai mein bengal mein rehta hu yaha agar kahi beef milti h toh bajarang dal wale maa chod dete h,saimansays,1624338732,2021-06,"Profanity and reference to violence against Muslims, but no clear target or hate speech.",1,0,0,0,0,0,0
h2md6wu,"Hey /u/ramanujam, thanks for contributing to /r/Chodi. Unfortunately, your post was removed as it violates our rules:

**Rule 5** - We are flooded with very low quality screenshots/links. So, they are no longer allowed unless something is exceptionally good (moderator's discretion)

Please read the sidebar before posting again. If you have questions or concerns, please [message the moderators through modmail](https://www.reddit.com/message/compose?to=/r/Chodi&amp;subject=&amp;message=). Thank you!",chodi,1624338796,2021-06,"Automated moderation message, no content.",0,0,0,0,0,0,0
h2md938,RVCJ: yahi toh comedy hai,indiandankmemes,1624338841,2021-06,"Comment on comedy, no offensive content.",0,0,0,0,0,0,0
h2mdajt,"Hey /u/Not_Mir, thank you for posting in /r/unitedstatesofindia. Unfortunately, your post has been removed because we do not permit anyone to post more than **3** times in an hour. Please use the modmail if you have any queries regarding this.",unitedstatesofindia,1624338872,2021-06,"Automated moderation message, no content.",0,0,0,0,0,0,0
h2mdcq3,"Hey /u/proteincarbs, thanks for contributing to /r/Chodi. Unfortunately, your post was removed as it violates our rules:

**Rule 5** - We are flooded with very low quality screenshots/links. So, they are no longer allowed unless something is exceptionally good (moderator's discretion)

Please read the sidebar before posting again. If you have questions or concerns, please [message the moderators through modmail](https://www.reddit.com/message/compose?to=/r/Chodi&amp;subject=&amp;message=). Thank you!",chodi,1624338918,2021-06,"Automated moderation message, no content.",0,0,0,0,0,0,0
h2mdf71,"Yahan jaipur mein ek bi jagah vaccine free nahi , bc 900rs deke lagwai covishield kal",chodi,1624338972,2021-06,"Profanity and complaint about vaccine cost, no personal attack.",1,0,0,0,0,0,0
h2mdfyd,Imam of peace is the only person I can think of. Literally no other Muslims who are staunch in their views. Most just play taqqiya and lie cleverly like those bollywoodiyas,chodi,1624338989,2021-06,"Criticism of Muslims with negative stereotypes, but no clear target or hate speech.",0,0,0,0,0,0,0
h2mdiss,"I actually agree with your opinion on this wow. I also understand how as a gay man what you need right now is a less homophobic society rather than pride parades.

So you do think we as a society need to be more, a lot more accepting of people's sexual orientation and gender ?",librandu,1624339049,2021-06,"Discussion of LGBTQ issues, no offensive content.",0,0,0,0,0,0,0
h2mdiws,"Hey /u/CURRENTNEWSTIMES, thanks for contributing to /r/Chodi. Unfortunately, your post was removed as it violates our rules:

**Rule 9** - Repost is removed. Same or similar posts have already been posted recently. Check the frontpage and the new queue

Please read the sidebar before posting again. If you have questions or concerns, please [message the moderators through modmail](https://www.reddit.com/message/compose?to=/r/Chodi&amp;subject=&amp;message=). Thank you!",chodi,1624339051,2021-06,"Automated moderation message, no content.",0,0,0,0,0,0,0
h2mdjgg,"Hey /u/johnyjohnyyesabbu786, thanks for contributing to /r/Chodi. Unfortunately, your post was removed as it violates our rules:

**Rule 9** - Repost is removed. Same or similar posts have already been posted recently. Check the frontpage and the new queue

Please read the sidebar before posting again. If you have questions or concerns, please [message the moderators through modmail](https://www.reddit.com/message/compose?to=/r/Chodi&amp;subject=&amp;message=). Thank you!",chodi,1624339062,2021-06,"Automated moderation message, no content.",0,0,0,0,0,0,0
h2mdl8a,"Hey /u/kaushal_thaker_31, thanks for contributing to /r/Chodi. Unfortunately, your post was removed as it violates our rules:

**Rule 9** - Repost is removed. Same or similar posts have already been posted recently. Check the frontpage and the new queue

Please read the sidebar before posting again. If you have questions or concerns, please [message the moderators through modmail](https://www.reddit.com/message/compose?to=/r/Chodi&amp;subject=&amp;message=). Thank you!",chodi,1624339099,2021-06,"Automated moderation message, no content.",0,0,0,0,0,0,0
h2mdlfi,"`public class bgmi{`

`public static void main(String[] args){`

`System.out.println(PUBG==BGMI);`

`}`

`}` 

output:

true",saimansays,1624339103,2021-06,"Code snippet, no offensive content.",0,0,0,0,0,0,0
h2mdm9d,"Hey /u/brahminmemer, thanks for contributing to /r/Chodi. Unfortunately, your post was removed as it violates our rules:

**Rule 9** - Repost is removed. Same or similar posts have already been posted recently. Check the frontpage and the new queue

Please read the sidebar before posting again. If you have questions or concerns, please [message the moderators through modmail](https://www.reddit.com/message/compose?to=/r/Chodi&amp;subject=&amp;message=). Thank you!",chodi,1624339120,2021-06,"Automated moderation message, no content.",0,0,0,0,0,0,0
h2mdmb7,"OP, What does that teeka on forehead symbolise?",saimansays,1624339121,2021-06,"Question about a religious symbol, no offensive content.",0,0,0,0,0,0,0
h2mdnj0,Every Conservative Muslim preacher/politician says the same for some reason,librandu,1624339148,2021-06,"Criticism of Muslim preachers, but no clear target or hate speech.",0,0,0,0,0,0,0
h2mdr9a,"Hey /u/ranrathore, thanks for contributing to /r/Chodi. Unfortunately, your post was removed as it violates our rules:

**Rule 5** - We are flooded with very low quality screenshots/links. So, they are no longer allowed unless something is exceptionally good (moderator's discretion)

Please read the sidebar before posting again. If you have questions or concerns, please [message the moderators through modmail](https://www.reddit.com/message/compose?to=/r/Chodi&amp;subject=&amp;message=). Thank you!",chodi,1624339225,2021-06,"Automated moderation message, no profanity or abuse.",0,0,0,0,0,0,0
h2mduxj,"Hey /u/K8P8, thanks for contributing to /r/Chodi. Unfortunately, your post was removed as it violates our rules:

**Rule 7** - We allow almost all original content, but very low effort posts may be removed at moderator's discretion

Please read the sidebar before posting again. If you have questions or concerns, please [message the moderators through modmail](https://www.reddit.com/message/compose?to=/r/Chodi&amp;subject=&amp;message=). Thank you!",chodi,1624339301,2021-06,"Automated moderation message, no profanity or abuse.",0,0,0,0,0,0,0
h2mdv4e,What can we expect from a commie's daughter?,chodi,1624339305,2021-06,"Political commentary on a politician's daughter, no profanity or personal attack.",0,0,0,0,0,0,0
h2mdvqa,"Hey /u/Chad_Monke69, thanks for contributing to /r/Chodi. Unfortunately, your post was removed as it violates our rules:

**Rule 9** - Repost is removed. Same or similar posts have already been posted recently. Check the frontpage and the new queue

Please read the sidebar before posting again. If you have questions or concerns, please [message the moderators through modmail](https://www.reddit.com/message/compose?to=/r/Chodi&amp;subject=&amp;message=). Thank you!",chodi,1624339318,2021-06,"Automated moderation message, no profanity or abuse.",0,0,0,0,0,0,0
h2mdwf7,"Mere code me mentor galtiyaan nikaalta rehta tha 🥲🥲
Maine socha mai uske PR me galti nikaal du badla lene ke liye
Nikaal bhi diya galti uske code me
Ab wo bol rha hai tumhi fix karo isko 🥲🥲",unitedstatesofindia,1624339332,2021-06,"Personal anecdote about code review, no profanity or abuse.",0,0,0,0,0,0,0
h2mdyz9,What about Europe?,bakchodi,1624339387,2021-06,"Simple question, no profanity or abuse.",0,0,0,0,0,0,0
h2me5fq,Kabhi parents se puchna hagte saame darwaza khula kyu nahi rakhte ya fir bich raat mai darwaza kyu band karte ho,saimansays,1624339528,2021-06,"Rhetorical question about parents, no profanity or abuse.",0,0,0,0,0,0,0
h2me7pb,"Hey, Anushka_pandit. Your post was unfortunately auto-removed for unknown reasons and it never went online. We suspect - **Aliens**, **Binod Fans** or **T-Series Supporters** were responsible or maybe this was just another one of the tricks of the [Lord](https://youtu.be/zzwRbKI2pn4?t=7) himself making our life Banjaar again. We request you to send this post again. Sorry for the inconvenience caused.

*I am a bot, and this action was performed automatically. Please [contact the moderators of this subreddit](/message/compose/?to=/r/SaimanSays) if you have any questions or concerns.*",saimansays,1624339577,2021-06,"Automated bot message, no profanity or abuse.",0,0,0,0,0,0,0
h2me8ad,ew what is this? im so embarrased on her behalf,bollyblindsngossip,1624339590,2021-06,"Expression of disgust, no profanity or personal attack.",0,0,0,0,0,0,0
h2mee23,"There are a lot of movies where producers are biased against Hinduism. But there multiple movies where Hero is a Hindu and villain is a Hindu or villain is a Muslim.

Or are you saying Hindu villain isn't possible at all?",desimeta,1624339714,2021-06,"Discussion about movie portrayals, no profanity or abuse.",0,0,0,0,0,0,0
h2mem5i,"Yeah that doesn't help lmao, can you tell me what happened or point me to a news source?",librandu,1624339885,2021-06,"Request for information, no profanity or abuse.",0,0,0,0,0,0,0
h2mem88,"I think I have found the solution to the darwaza problem. Worked for me, but can't assure that it will work for everyone. 

Toh Maine saare windows ko open kar diya. My room is in a generally windy part of the street and my door hinge is also slightly broken. So every couple hours for the whole week the room door kept banging loudly.

 Then I started locking the door. When dad asked why you locked the door, I said ""papa the door keeps banging loudly and its affecting my studies."" He had also seen how loudly it bangs, so he couldn't say anything. If they ask ""why did you open all windows"" -  ""papa Air circulation honi chahiye na"". They kept asking this everyday until one day they just gave up and now they don't say anything (most of the time). Bingo.",saimansays,1624339887,2021-06,"Humorous anecdote, no profanity or abuse.",0,0,0,0,0,0,0
h2mereu,❤️ Shri Ram Bhakt Hanuman… ❤️,chodi,1624339995,2021-06,"Religious expression, no profanity or abuse.",0,0,0,0,0,0,0
h2mev3l,Yahi toh nahi chahiye parents ko lol tabhi mana krte h lol.,saimansays,1624340075,2021-06,"Comment on parents, no profanity or abuse.",0,0,0,0,0,0,0
h2mez2c,"&gt;So you do think we as a society need to be more, a lot more accepting of people's sexual orientation and gender ?

yes we should, but we shouldn't try to force the older generation to understand this because i feel that you don't have to support a lifestyle to support a human being. My mom for one is quite homophobic but is accepting of me and that's what matters. Also being gay/trans shouldn't be your identity. We can be more accepting as a society without pronouns/parades.",librandu,1624340159,2021-06,"Discussion on acceptance, no profanity or abuse.",0,0,0,0,0,0,0
h2mfay1,"&gt; people like you are really the lowest of the low

No mate, I literally can't be the lowest of the low anymore. Yogi ran ads about how well they controlled it, while bodies were floating in the Ganga and there were riverside pyres, burning by the dozens. I might not care for them, but at the least I will not deny humans their death. 

&gt; without doing anything to help.

Lol like donating to PM Cares? Fucking never again. Get that audit done first. In fact abolish PM Cares and bring back PMNRF and bring it under the RTI completely. Not donating another *paisa* to the govt, the BJP has enough I reckon.

Wanna know what I did to help? I did not spread bullshit about *gau mutra* and *gobar* on WhatsApp, neither did any of my relatives. We did not hold rallies, and ensured we didn't go out unnecessarily. Nor did we carry out any *mela*. More than I can say for the ruling party. Fuck you, Parcoe.",bakchodi,1624340410,2021-06,"Political criticism with profanity directed at a user, not identity-based.",1,1,0,0,0,0,0
h2mfepw,"the govt data would be somewhat altered, but it is much more reliable than an ""academician"" from JNU, simply because the govt is responsible for an entire country. But, what I'm saying is that the r inida post is just propaganda because he/she took some information from not so renowned sources and some information from well-known sources.

Take a look at this: https://www.livemint.com/Politics/ino3tfMYVsd6VVGUdWXB8H/The-many-shades-of-caste-inequality-in-India.html",unitedstatesofindia,1624340488,2021-06,"Discussion about data reliability, no profanity or abuse.",0,0,0,0,0,0,0
h2mfn1p,That’s what I figured :),bollyblindsngossip,1624340671,2021-06,"Agreement, no profanity or abuse.",0,0,0,0,0,0,0
h2mfndz,Omg sanghi South Korea!!😱😱,desimeta,1624340678,2021-06,"Sarcastic comment about South Korea, no profanity or abuse.",0,0,0,0,0,0,0
h2mfp0t,"Lol are u serious? Kareena was super meme-able in K3G, she didn’t get hype for her performance but got laughed at for her dialogues, dialogue delivery and expressions. Her “what are we waiting for Christmas” in her cringe accent and odd expressions is still remembered. Her dialogues were meme-able and memorable. Tina on the other hand was just a half baked character who dies in the middle, with zero memorable dialogues. The only thing good about tina was her voice (aka Rani’s voice)",bollyblindsngossip,1624340715,2021-06,"Discussion about movie characters, no profanity or abuse.",0,0,0,0,0,0,0
h2mfpw7,Hadh hai matlab literally kuch bhi bol raha hai yeh banda lagta hai thode time mai nanga naachega tv pe modi modi chilake 😅,chodi,1624340735,2021-06,"Mocking a politician's behavior, no profanity or personal attack.",0,0,0,0,0,0,0
h2mfrdj,kya tum bhi  बजरंगबली ke bhakt ho?,saimansays,1624340768,2021-06,"Asking if someone is a devotee of Hanuman, no hostility.",0,0,0,0,0,0,0
h2mfrms,"I have nothing against congress as a party, but I fucking hate that family, what is this 1243??",saimansays,1624340773,2021-06,"Expressing hatred towards a political family, no profanity or personal attack.",0,0,0,0,0,0,0
h2mfsls,"Hmm?

&gt;Keyboard Warrior: a person who makes **abusive or aggressive** posts on the internet, typically one who conceals their identity.

lmfaoo is abusive? seethe and cope is abusive or aggressive? Thin skin much?

Did I go ""u fcking chutiya asshole etc. etc.""? At least *try* to sound intelligent.

This isn't atheismindia where you'll have a bunch of neckbeards jerking you off as you spew lies, hate and bigotry lol.

No really, at this point you've actually proven that you *are* nothing but a hinduphobic bigot. No facts in your arguments, no logic, no sense in general.

I gotta ask, what's your family background? What sort of education did you have(if any)? Did some temple priest cuckold your father or something?

See, now what I typed here is called *aggressive*. Learn the difference.

P.S - Questions still stand. I'm curious.",desimeta,1624340794,2021-06,"Aggressive personal attack with profanity and insults, but no identity-based hate.",1,1,0,0,0,0,0
h2mg0ha,Tbh I don't care about Nepalese at all. Just the hairy Nepali puti which was so readily available when I was younger. What's the situation now?,bakchodi,1624340968,2021-06,"Sexualized and objectifying comment about Nepali women, using vulgar language.",1,1,1,0,0,1,1
h2mg1f5,"Why? A free market will never let people escape poverty. Capitalism thrives on abundance of cheap labour and some amount of poverty/unemployment are seen as good. The rich always manage to bend rules to their benefits and avoid taxes and never take environmental precautions. It's literally killing off the earth and if you are to take a closer look: raising depression worldwide

What is wrong with Communism that you feel is better in your system?",saimansays,1624340989,2021-06,"Political debate about capitalism vs communism, no personal attacks or hate.",0,0,0,0,0,0,0
h2mg2z2,"culture is important. phir wahi baat. tu choutha banda nahi jisko mai ye bol rha hun lekin kalko agar koi tribe uht ke aayi aur teko boli ki humara culture bolta hai ki mujhe insaan khana hai, teri mummy ko mai khana chahta hu, tu phir bhi yahi bolega? *khane do warna hum.unka culture destroy kr denge and every culture is important.* Nahi bhai, agar ek community apne desh me kisi jeev ko maa ki tarah worship karti hai toh tumhara kya right banta hai ki tum usse kaat ke kha jao. Aur agar tribals ki baat kar rahe hain to woh tab tak theek hai jab tak unke paas paise nahi hai to woh jungle me shikaar karke khate hain, woh baat mani ja sakti hai lekin ye urban naxals jo apne aap ko liberals bolte hain woh 750 rupees ka beef khareed ke khate hain sirf isiliye ki social media pe show off karke communal hate failayein, ye toh galat haina",saimansays,1624341022,2021-06,"Discussion about cultural practices and beef eating, with accusations of communal hate but no direct hate speech.",0,0,0,0,0,0,0
h2mg3wq,What next? His face expression match his dialogue perfectly,bollyblindsngossip,1624341042,2021-06,"Comment on actor's expression, no offensive content.",0,0,0,0,0,0,0
h2mgd1j,"First of all you need to make a Portfolio in which you need to include What type of  food you can Cook best.

Currently only accepting applications of home made dishes above 150 or more.",saimansays,1624341248,2021-06,"Job application advice, no offensive content.",0,0,0,0,0,0,0
h2mgf35,"nahi mummy mai to sirf hentai dekh raha tha, usme hame bhai behen ke pavitra rishte ke baare me batate hai",saimansays,1624341294,2021-06,"Joke about watching hentai, no profanity or hate.",0,0,0,0,0,0,0
h2mgfco,"and guess what? tanhaji movie was called a hindu supremacist movie, want to see librandu reviews of it?",desimeta,1624341300,2021-06,"Criticism of movie reviews, no hate speech.",0,0,0,0,0,0,0
h2mggpf,"Jai from Jaane Tu... Ya Jaane Na, Kush from Meri Brother Ki Dulhan, MC Sher from gully boy (i just found him hot tbh 😭), Arjun from Namaste London, Aman from Kuch Kuch Hota Hai, Lucky from Main Hoon Na (he was a childhood crush mb), most of Saif’s characters from the 00’s, Rahul from K3G, Jug from Dear Zindagi",bollyblindsngossip,1624341331,2021-06,"List of favorite movie characters, no offensive content.",0,0,0,0,0,0,0
h2mgm43,"Bollywood isn't a single entity. Think before making comments which make no sense.

Most of the heroes in Bollywood movies are a Hindu character but you conveniently ignore it and in a lot of movies the villain is a muslim character. Hinduphobia exists but that doesn't mean Hindus can't be villains. That'll be just myopic.",desimeta,1624341454,2021-06,"Discussion about Bollywood representation, no hate speech.",0,0,0,0,0,0,0
h2mgmqs,"And? it's a movie based on history, a very well known figure, everyone knew what they were going into, there was no propaganda in the movie. Are you really that dumb or you don't watch bollywood? you want me to show you how many tilak dharis have been portrayed as the big bad guy in their movies? or maybe that whenever they want to show the reality like muslims being the terrorist they have to show a good imaam wala musalman on the side of hero each and everytime?",desimeta,1624341468,2021-06,"Defending a movie and criticizing others, no hate speech.",0,0,0,0,0,0,0
h2mgqjb,"💯 agree to this. But also want to add, that anyone who knows about plastic surgery would know that it *also* requires a strict diet, exercise and hardwork to maintain the changes.",bollyblindsngossip,1624341556,2021-06,"Agreeing with a point about plastic surgery, no offensive content.",0,0,0,0,0,0,0
h2mgsvp,Sanghi_cheems????,indiandankmemes,1624341608,2021-06,"Mentioning a username, no offensive content.",0,0,0,0,0,0,0
h2mgug4,"Hi, iali307!

Your post [Brazil Senate Inquiry Follows the Money in ‘Scandalous’ Covaxin Deal with India](https://thewire.in/world/covaxin-brazil-senate-probe-scandal) has been removed. It breaks the following [rules](https://www.reddit.com/r/unitedstatesofindia/wiki/rules):

- Submissions that are old news or articles should contain an 'old' tag in the title. It should look like this: *Submission title* [OLD]

- Posting links that are already being discussed in the subreddit is not allowed. Please check the front page and use the search function before posting.



______________________________________________________________________________
^If ^you ^think ^this ^was ^an ^error, ^or ^have ^questions, ^reach ^out ^to ^us ^over [^mod ^mail](https://www.reddit.com/message/compose?to=/r/unitedstatesofindia)^.",unitedstatesofindia,1624341641,2021-06,"Moderator message about post removal, no offensive content.",0,0,0,0,0,0,0
h2mgvuu,"Hi, iali307!

Your post ['Pre-Historic' Temple for Which Muslim Families Were Evicted Built in 80s: Report](https://thewire.in/rights/pre-historic-temple-for-which-muslim-families-were-evicted-built-in-80s-report) has been removed. It breaks the following [rules](https://www.reddit.com/r/unitedstatesofindia/wiki/rules):

- Submissions that are old news or articles should contain an 'old' tag in the title. It should look like this: *Submission title* [OLD]

- Posting links that are already being discussed in the subreddit is not allowed. Please check the front page and use the search function before posting.



______________________________________________________________________________
^If ^you ^think ^this ^was ^an ^error, ^or ^have ^questions, ^reach ^out ^to ^us ^over [^mod ^mail](https://www.reddit.com/message/compose?to=/r/unitedstatesofindia)^.",unitedstatesofindia,1624341671,2021-06,"Moderator message about post removal, no offensive content.",0,0,0,0,0,0,0
h2mgz2y,"Come on dickless, don't deflect the questions. 

What's your family background? What is the name of the shithole you grew up in? Which convent or madrassa did you study in? 

These are all important questions. I'm very curious about you. See, I've never seen the spawn of a beggar and a dog, so I hope you understand my curiosity.

Now, be a good doggy and answer my questions.",desimeta,1624341740,2021-06,"Extremely abusive personal attack with profanity and insults, but no identity-based hate.",1,1,0,0,0,0,0
h2mh1nz,"&gt; she is married too :)

Oh no. Missed another shot.

&gt; aapke liye to mai hafte me 8 din vrat rakh lungi 

Date *pe jaana hai ya vrat rakhna hai*?

&gt; I think thurki unkill can help u cheer a bit

I'm more excited about psilocybin, but our country is still stuck in the 20th century regarding this. In climate as ours, we should've been at the forefront of psychedelic revolution that's incoming. Instead we're stuck with stupid cops and a fear of the human mind.

Edit: thurki can enjoy also because he's got money. That helps.",bakchodi,1624341801,2021-06,"Conversation with mild teasing and political discussion, no profanity or hate.",0,0,0,0,0,0,0
h2mh51h,WhatsApp university?,saimansays,1624341879,2021-06,"Rhetorical question mocking WhatsApp university, no profanity or target.",0,0,0,0,0,0,0
h2mh5xr,What does near-civilisational mean here?,librandu,1624341899,2021-06,"Neutral question asking for clarification, no profanity or target.",0,0,0,0,0,0,0
h2mh6jh,do you think radical hindutva is the solution to radical islam ?,librandu,1624341913,2021-06,"Political question comparing ideologies, no profanity or target.",0,0,0,0,0,0,0
h2mh768,"Sanghi= indian right wing snowflake who gets offened at things like.  Check his comments for more info, if you are not interested in indian political bs than you may not understand this.",indiandankmemes,1624341927,2021-06,"Political label 'sanghi' used as insult, but no religious/communal identity attack.",0,0,0,0,0,0,0
h2mh8d7,"&gt;With the **average income of Brahmins being less than that of non-Brahmins**, a high percentage of Brahmin students drop out at the intermediate level,” Gautier quotes.

Wow. This bish really thinks that the Average income of a community would be lesser than the the community who has been oppressing the former for centuries untold. [This](http://www.igidr.ac.in/indiapolecon/temp/Paperstobepresented/Kalai.pdf) Paper shows :

&gt;the annual per capita mean income for Brahmin is Rs. 56913 while it is Rs. 20158 for the SCs. The average annual per capita income for the Forward castes is highest in the state.

He himself sounds prejudiced when he off-topic ridicules the UPA Government for ""appeasing"" the Marginalised community. Get a better source to back your views. This was just a frickin Opinionated blog ffs without any data.",saimansays,1624341953,2021-06,"Discussion of caste income data, critical of source, no hate speech.",0,0,0,0,0,0,0
h2mhbbc,No use in taking it down. They will just create another one with different name. I have seen this page in FB last year. Just expose them. Shudra sanghis need to be red pilled to realise what they are fighting for.,librandu,1624342022,2021-06,"Political commentary using 'shudra' as caste label, but not demeaning; no hate speech.",0,0,0,0,0,0,0
h2mhck8,"After yoga day, states' cooperation doesnt even matter right. Their numbers are still bad. Bjp or the GOI in this case is touting numbers that should have been near what they are as their own achiements. And of it is their achievement, to have so many vaccines delivered in one day, how come it was not done in such way before yoga day? Or is this some way to sideline the respective BJP CMs?",chodi,1624342050,2021-06,"Political criticism of government, no profanity or personal attack.",0,0,0,0,0,0,0
h2mhclb,😭😭😭😭 kya karun main khade lund ka? Saala neeche kabhi jaata hee nahi.,bakchodi,1624342051,2021-06,"Self-deprecating sexual joke with profanity, no target.",1,0,0,0,0,0,0
h2mhmah,sorrry bhai. jyada bol diya maine kuch.,chodi,1624342277,2021-06,"Apology, no profanity or target.",0,0,0,0,0,0,0
h2mho7q,"Nope, But i'd argue that there's not really radicalism in Hinduism. It's the people who mould things engage in hate politics. I learnt what manusmriti was on reddit and most hindus around me, though conservative aren't radicals. Growing up, the best people in my life were religious and i don't like how they're associated with being radicals or regressive. 

Maybe it's got to do with region,  Jammu is one of the better parts of India",librandu,1624342322,2021-06,"Defense of Hinduism, no hate speech.",0,0,0,0,0,0,0
h2mhqvn,"Hey /u/chandawar_krishna, thanks for contributing to /r/Chodi. Unfortunately, your post was removed as it violates our rules:

**Rule 9** - Repost is removed. Same or similar posts have already been posted recently. Check the frontpage and the new queue

Please read the sidebar before posting again. If you have questions or concerns, please [message the moderators through modmail](https://www.reddit.com/message/compose?to=/r/Chodi&amp;subject=&amp;message=). Thank you!",chodi,1624342385,2021-06,"Automated moderation message, no profanity or target.",0,0,0,0,0,0,0
h2mhscf,"&gt; There are a lot of movies where producers are biased against Hinduism.

Name five such post-2014 movies. Bonus points if it's a mainstream type movie.",desimeta,1624342419,2021-06,"Challenge to provide examples, no profanity or target.",0,0,0,0,0,0,0
h2mhtu4,"Hey /u/criminallySmart, thanks for contributing to /r/Chodi. Unfortunately, your post was removed as it violates our rules:

**Rule 5** - We are flooded with very low quality screenshots/links. So, they are no longer allowed unless something is exceptionally good (moderator's discretion)

Please read the sidebar before posting again. If you have questions or concerns, please [message the moderators through modmail](https://www.reddit.com/message/compose?to=/r/Chodi&amp;subject=&amp;message=). Thank you!",chodi,1624342454,2021-06,"Automated moderation message, no profanity or target.",0,0,0,0,0,0,0
h2mhuub,We can know what you did in last life through which caste you are born in this life. Pure science. Hinduism is the most scientific religion,librandu,1624342479,2021-06,"Religious belief statement, no hate speech.",0,0,0,0,0,0,0
h2mhwrm,"Please don't show anyone as Lord Krishna.

For me this is very disrespectful! This is us who didn't protest against such thing from the start... Or ab har koi humare devi devtaon ka roop dharan kr leta h or target hindu believe and sentiments easily... Jaisa humne kafi bollywood movies me dekha h...

Hope you understand what I am trying to say!!",chodi,1624342526,2021-06,"Religious sentiment, no hate speech.",0,0,0,0,0,0,0
h2mhyec,"It's an adaptation of Romeo and Juliet. I actually really like to what he decided to do with the script. In the play it is said that these two lovers are meant to die ...it is not in their fate to end up together. And even in the play, when they die it is basically preventable and that's done to show that the feud the families have is so stupid. And thanks to this stupid feud, these two young innocent lovers lose their lives. Shakespeare wanted to extract that feeling from the audience that these two young lovers have you been rooting for all along are dying and we feel helpless and we see this as a pointless and senseless death. 

So in the film I like that they showed that that these two lovers decided to run away but still fate did not let them be together.",bollyblindsngossip,1624342566,2021-06,"Literary analysis, no profanity or target.",0,0,0,0,0,0,0
h2mi16f,"Arjun needs money, Malika is very high maintenance for him.",bollyblindsngossip,1624342633,2021-06,"Comment on celebrity relationship, no profanity or target.",0,0,0,0,0,0,0
h2mibx1,Under 20k mi phones are decent or you can go for Nord if you can stretch it a little bit. And pixel is pretty decent for the price but if camera is not main priority and budget is not an issue 9r is more future proof.,unitedstatesofindia,1624342883,2021-06,"Tech advice, no profanity or target.",0,0,0,0,0,0,0
h2miefi,that's what I meant 😂,saimansays,1624342942,2021-06,"Agreement with laughter, no profanity or target.",0,0,0,0,0,0,0
h2mifgv,"You are overestimating Hindi audience. Bhai's movies still make money, Kabir Singh did 300cr. So it's more like how they market it.",bollyblindsngossip,1624342967,2021-06,"Comment on film industry, no profanity or target.",0,0,0,0,0,0,0
h2miln1,What about people who want to spank their own ass!?,saimansays,1624343114,2021-06,"Question about spanking own ass, no target or profanity.",0,0,0,0,0,0,0
h2minjl,Moose jattana. phele insta mai check karna phir incognito mode mai. you'll understand,saimansays,1624343160,2021-06,"Instructions to check something, no profanity or abuse.",0,0,0,0,0,0,0
h2mipyl,ಠ_ಠ what do you mean? Sus,saimansays,1624343219,2021-06,"Expression of confusion, no profanity or abuse.",0,0,0,0,0,0,0
h2mit1o,what the fuck Priyanka,bollyblindsngossip,1624343294,2021-06,"Profanity directed at a person, but no identity basis.",1,1,0,0,0,0,0
h2mit7k,Jab gana baja tab mai hasa😂😂😂,chodi,1624343297,2021-06,"Comment about laughing, no profanity or abuse.",0,0,0,0,0,0,0
h2mja90,Ronaldo is Sanghi. Confirmed.,saimansays,1624343709,2021-06,"Political affiliation term, no religious hate.",0,0,0,0,0,0,0
h2mji6p,"&gt;But but....[Gau Rakshaks aren't as much of a problem](https://np.reddit.com/r/unitedstatesofindia/comments/o4pklq/you_have_6_siblings_mr_cm_dont_preach_us_on/h2m43nx?utm_medium=android_app&amp;utm_source=share&amp;context=3), as are the destructive Muslim population!

\- Chaddis",unitedstatesofindia,1624343898,2021-06,"Quoting a stereotype about Muslims, but as reported speech.",0,0,0,0,0,0,0
h2mjjyy,"Same, no idea what the meme is talking about, must be some crazy RW propaganda 😂",saimansays,1624343940,2021-06,"Dismissive comment about propaganda, no profanity or abuse.",0,0,0,0,0,0,0
h2mjl35,"Fuck Chinese spyware apps and Tencent. 
Sure is captivating but at what cost. Instead let Indian companies make better mobiles and app.",saimansays,1624343968,2021-06,"Profanity directed at companies, not personal.",1,0,0,0,0,0,0
h2mjm2o,"Shahid- I've always backed him coz he's had every skill required to be a top star, he looks good, acts and dances brilliantly but everytime it was one step forward two steps back with him. His script/film choices kept halting his momentum.

So I was happy for him even when a shitty movie like R Rajkumar did well at the box office coz that success was long overdue lol. I loved him in Jab We Met, Kaminey, Haider, Udta Punjab but he needed a big hit, and now with Padmaavat and Kabir Singh also done I look forward to his future projects. And they look quite good.",bollyblindsngossip,1624343992,2021-06,"Positive comment about actor, no profanity or abuse.",0,0,0,0,0,0,0
h2mjmpk,"FFS that's a different problem man! Oh my god, talking to you feels like talking to a college goer, super siloed information. 

First of all, that's not what whitewashing is; that's just India's century long fascination with gori chamdi that is part of our collective colonial hangover. 

And having a Hindu protag doesn't make the movie less hinduphobic. Why is that so difficult to understand? The protag has a Hindu name but does he follow Hindu traditions? Does Chulbul Pandey or Radhe wear a kalava/ mauli or an effing bracelet? It's the little things like that. Having a Hindu name doesn't make you Hindu.",desimeta,1624344008,2021-06,"Discussion about whitewashing and Hindu identity, no profanity or abuse.",0,0,0,0,0,0,0
h2mjph0,If she was in any other democratic country. She would have gotten the bail. This is how it works in democracy. What else do you expect from Bombay HC judges? Bail could have been easily avoided anyways.,chodi,1624344076,2021-06,"Criticism of judiciary, no profanity or abuse.",0,0,0,0,0,0,0
h2mju5s,"Ram rajadi from ramleela lmao , srk s character from mai hoo naa tho i m no sushmita sen , none of ranbir s toxic manchild characters tho",bollyblindsngossip,1624344190,2021-06,"Comment about movie characters, no profanity or abuse.",0,0,0,0,0,0,0
h2mk28p,"What should i do now

&amp;nbsp;

[Quote Sauce](&lt;https://youtu.be/9Vw37T5N3s0/?t=00h08m57s&gt; ""A rick-roll for sure"")
***
^^I ^^am ^^buttonchor's ^^clone ^^I ^^reply ^^to ^^Bhendi, ^^Timothy, ^^Saiman ^^or ^^Saibot ^^^[Know&amp;nbsp;more](https://redd.it/fvkvw9)",saimansays,1624344385,2021-06,"Meta comment about bot, no profanity or abuse.",0,0,0,0,0,0,0
h2mk6wj,What is ATS?,chodi,1624344500,2021-06,"Question about acronym, no profanity or abuse.",0,0,0,0,0,0,0
h2mkdx8,~~Based~~insecurebrahminmemes,librandu,1624344669,2021-06,"Self-deprecating meme reference, no profanity or abuse.",0,0,0,0,0,0,0
h2mkfx6,"You're assuming everyone who is ""fat"" is there because of their eating/lifestyle habits. A lot of people are in that position due to many many other factors, including consuming necessary medication which makes it hard to control weight. It's not as easy as ""eat less"" or ""exercise more.""

And besides, there are so many ""fat"" people who are much much stronger and healthier than those who aren't, just being lean and skinny doesn't mean you're healthy. 

Unless you're their doctor, it's better to not comment on their weight, I'm sure they know. It's what they live with and see every day.",bollyblindsngossip,1624344714,2021-06,"Discussion about weight, no profanity or abuse.",0,0,0,0,0,0,0
h2mkj3x,Khiltey hein gul yahan. Both Rakhee and Shashi looked awesome. The song was at another level too.,bollyblindsngossip,1624344793,2021-06,"Positive comment about song, no profanity or abuse.",0,0,0,0,0,0,0
gfyz6nn,"Cross posting is generally not allowed, consider directly posting. If you think this post should be, send modmail to check this post. This post is removed.

*I am a bot, and this action was performed automatically. Please [contact the moderators of this subreddit](/message/compose/?to=/r/Chodi) if you have any questions or concerns.*",chodi,1608072094,2020-12,"Automated moderation message, no profanity or abuse.",0,0,0,0,0,0,0
gfyzlli,what a crap,bollyblindsngossip,1608072302,2020-12,"Mild profanity, no target.",1,0,0,0,0,0,0
gfz1a2f,"Yess!! That's exactly what these holier than thou propagandists do, they talk apolitical most of the time sharing memes and cute puppy videos and making fun of politics itself and then share a very powerful or heartbreaking post (not necessarily based in fact) and get all their fans to hate on one ideology without any research... And it's true for a lot of them so everyone in the cyberspace assumes hating BJP is the norm or ""the right thing to do""",chodi,1608073161,2020-12,"Criticism of political propagandists, no personal attack or hate speech.",0,0,0,0,0,0,0
gfz1zhc,"&gt;It sounds like you want death of that baby, more than anything. Future is uncertain, as of now, baby is safe.


Arsehole, your government has killed the baby, and is about to kill the mother by mistreating her while she's bleeding. By defending this cruelty, you are participating in the crime.  I'm only preparing you for the eventual disclosure of truth. Do stop going off on tangents and tell us exactly what you will say when there's no longer any baby to be delivered.",unitedstatesofindia,1608073529,2020-12,"Personal attack on user with profanity, but no identity-based hate.",1,1,0,0,0,0,0
gfz2d7l,"Moron, you countered the claim that bjp states don't manufacture as much ad non bjp states by telling about mobiles, and now can't even produce a number for the amount of value added or what fraction of total manufacturing the mobile business you're so proud of is. 

Give up.",unitedstatesofindia,1608073729,2020-12,"Personal insult directed at user, no profanity or identity basis.",0,1,0,0,0,0,0
gfz2rch,"Used to feel this way and still do although I have made some progress

Basically, you have to feel the sensations in your body. It could be some tingling in hands, maybe something in chest,stomach. Whatever it is, just be aware of it. It could be that you may have some fear or anger and are suppressing it. 

It could also be that you are too logical. Logic is great, but it has its limitations. Not everything has to have a point. You can do things just for fun without having any intention of reaching anywhere.",unitedstatesofindia,1608073938,2020-12,Neutral discussion about emotions and logic.,0,0,0,0,0,0,0
gfz35g4,"Ab kya kahu, sare comments keh gye man ki baat yaha :D",saimansays,1608074147,2020-12,"Benign comment in Hinglish, no offensive content.",0,0,0,0,0,0,0
gfz45vd,Yeah I can see that. They both try hard to be non mainstream.,bollyblindsngossip,1608074690,2020-12,Neutral observation about people trying to be non-mainstream.,0,0,0,0,0,0,0
gfz4m24,Wait what happened? I’ve just heard about this lol,bollyblindsngossip,1608074929,2020-12,"Asking for information, no offensive content.",0,0,0,0,0,0,0
gfz4skj,Non-Indian who just loves Hindu nationalist memes here. What's a rice bag?,chodi,1608075027,2020-12,"Asking a question about a term, no offensive content.",0,0,0,0,0,0,0
gfz4t3r,This is unrelated to the movie but I wish Ranbir would take more chances now like he did earlier in his career with Wake Up Sid and Rocket Singh. Rocket Singh didn't do well at the time but it was so wholesome and quite similar to the stuff that is working now. He has sort of ruined his filmography with some of these relatively bigger budget duds like Bombay Velvet and Jagga Jassos.,bollyblindsngossip,1608075035,2020-12,"Opinion about an actor's career, no offensive content.",0,0,0,0,0,0,0
gfz4zhk,"Yeah that's what I am trying to say. They got a whole year to fix the film so let's hope for the best, not comparing games to films but look at last last of us, it went full production on 2011 and they game came out in 2013. Then they made a sequel which came out in 2020, The last of us part 2 was an epic game and involved many years to make, so brahmastra is just a film how long can u hold. As far as I remember they have been shooting that film for a long time...",bollyblindsngossip,1608075130,2020-12,"Discussion about film production, no offensive content.",0,0,0,0,0,0,0
fkv0fa8,Madarchod hu main,librandu,1584559569,2020-03,Self-directed profanity in Hinglish.,1,0,0,0,0,0,0
fkv0nmp,"I suggest you watch all their interviews, look at their statements, their anger, their hand movements and notice the minor details you’ll know. Also, HR is divorced every one knows. If kangana wanted to do this for fame or whatever she would have done it earlier and not in such a dirty way.",bollyblindsngossip,1584559696,2020-03,"Discussion about a celebrity's behavior, no offensive content.",0,0,0,0,0,0,0
fkv1t4t,"Did you know something else? The most radicalisation of Muslims happen in UK prisons. There is also a huge number of conversions to Islam happening in UK prisons. Muslims apparently form close-knit communities (aka gangs) in the prison and that appeals to other convicts too as violent gangsters love to be part of a group. Throw in the radical elements who act as religious teachers to Muslim gangs and voila, you have ISIS modules forming within these prisons.",chodi,1584560327,2020-03,"Discussion about radicalization in prisons, no hate speech.",0,0,0,0,0,0,0
fkv1wla,"I had a very close friend who was chakraborty, he was born and brought up in Maharashtra and was half maharastrian bramhin from his mom's side. But he became such a rabid leftist islamophillic hindu-hating commie libtard that I don't even talk to him anymore. I am sure he can't stand me either.

Pity, we has some fun times together.",chodi,1584560379,2020-03,"Personal anecdote about a friend, no offensive content.",0,0,0,0,0,0,0
fkv23v2,"MashaAallah, Salman is very well maintained 👍🏻.",bollyblindsngossip,1584560490,2020-03,"Compliment in Hinglish, no offensive content.",0,0,0,0,0,0,0
fkv2akb,"Shitting on established figures is the trend now, Dude didn't have sex with his grand daughters his entire point was the opposite, and what kind of retard qouts vice on this sub i need to pour bleach on my eyes now.",chodi,1584560592,2020-03,"Personal insult with profanity, no identity basis.",1,1,0,0,0,0,0
fkv36dl,"wow Amrita Singh looks gorgeous and back then you didn't have an army of trainers, dietitians, make up artists, photoshop experts to make a heroine look good.",bollyblindsngossip,1584561071,2020-03,"Compliment about a celebrity's appearance, no offensive content.",0,0,0,0,0,0,0
fkv3hri,"AS LONG AS THEY SAY 'JAI HIND' , HINDU, SIKH, MUSALMAN DOESN'T MATTER",chodi,1584561245,2020-03,"Nationalist statement, no hate speech.",0,0,0,0,0,0,0
fkv3jdh,"Chutiyo call it what it is Wuhan,HubeiProvince,Chinese virus.",chodi,1584561271,2020-03,"Profanity and xenophobic term directed at a country, not a person.",1,0,1,0,0,1,0
fkv435i,"mai samjha nahi,,,,,, koi samjhao....",chodi,1584561623,2020-03,"Asking for clarification, no offensive content.",0,0,0,0,0,0,0
fkv44e8,"i don’t give a shit, i say what i feel and believe :).",bollyblindsngossip,1584561648,2020-03,"Profanity used as filler, not directed at anyone.",1,0,0,0,0,0,0
fkv4eg3,"Abhishek bachchan and chandrachuran singh will be made brand ambassadors against corona by govt , they'll show people how to sit at home .

Btw What happened to previous account ?",librandu,1584561832,2020-03,"Sarcastic comment about government, no personal attack or profanity.",0,0,0,0,0,0,0
fkv5708,That's what we thought about corona lol,saimansays,1584562311,2020-03,"Neutral comment, no profanity or attack.",0,0,0,0,0,0,0
fkv5t4a,"Kuch issue ho gaya kya in that sub? I rarely visit it, I am not upto date on what happens there.",chodi,1584562672,2020-03,"Neutral inquiry, no profanity or attack.",0,0,0,0,0,0,0
fkv64nz,"Similar stuff in France, Muslims make up 50-70% of prison population despite being around 10% of the country.",chodi,1584562858,2020-03,"Discussion of statistics, no attack or profanity.",0,0,0,0,0,0,0
fkv66cs,"This sounds a lot like the ""mUh tOlErAnt wAY oF LiFe"" WhatsApp forwards.",librandu,1584562885,2020-03,"Criticism of a type of content, no personal attack or profanity.",0,0,0,0,0,0,0
fkv6uja,It’s an okay watch. I felt The last 15 mins was better than the whole movie . I didn’t see much in terms of acting from Disha. The music was good and It’s decent compared to the recent mainstream bollywood movies.,bollyblindsngossip,1584563272,2020-03,"Movie review, no profanity or attack.",0,0,0,0,0,0,0
fkv75bj,"**AAVARNA** - The Veil

- S.L Bhyrappa

a story of a free-spirited and rebellious young woman, Lakshmi, who marries the man she is deeply in love with. Although Amir, her husband, requests her to convert to Islam, she reluctantly agrees. Despite her father being completely against the marriage, she breaks ties with him and changes her name to Razia. However, things change for the worse and she discovers a different side to Amir. He is not the progressive and liberal person she thought he was. He along with his family forces her into practicing Islam. This sets Lakshmi on a journey to uncover India’s history about religion, caste, and creed. And she finds out that although the Indian society has come a long way over the centuries, it still remains as rigid as before.",chodi,1584563439,2020-03,"Book summary, no profanity or attack.",0,0,0,0,0,0,0
fkv7usi,Shakal dekho haram khoron kee - no sense whatsoever,bollyblindsngossip,1584563844,2020-03,"Profanity and insult directed at a group, but no identity dimension.",1,1,0,0,0,0,0
fkva5uf,And even in that one photo...she isn’t “fat”. That’s just what normal people look like. It was nothing too much.,bollyblindsngossip,1584565121,2020-03,"Defending someone, no profanity or attack.",0,0,0,0,0,0,0
fkva9e6,"Answer is in the tweet itself. Don't go by his name, he is proud kafir i.e. exmuslim.",chodi,1584565174,2020-03,"Mention of 'kafir' as self-identification, not used as slur.",0,0,0,0,0,0,0
fkvag8s,"Yup, even the infected ones will be rescued. And Pak didn't even touch their apparently healthy students. 

But India treats Muslims bad reee.",chodi,1584565281,2020-03,"Sarcastic comparison, no profanity or attack.",0,0,0,0,0,0,0
eeh5hb9,"Bhai hum to hamesha hi rote hain. 2018 Asia cup me itna roya ki mat pucho. Aur hum to pakistan se  2 baar haarke hat trick bachane ke liye bangladesh se haar gaye, taa ki final me pakistan ka saamna na ho Asia cup 2018 mein. 😂😂😂

Recently Australia humare desh me khelne se inkaar kiya, koi cricket countries yaha aana nehi chahti, aur hum PCB se bheekh maang rahe hai ki wo hum pe taras khaaye aur humse bilateral series khele. 😆😆

Sahi bola yaar, bohut problem hain Indian cricket ko 🤣🤣🤣🤣",bakchodi,1547936637,2019-01,"Humorous cricket comment, no profanity or attack.",0,0,0,0,0,0,0
eehawou,"Ek dusre ke filmon mein kaam karte hai sabh

Ravi Teja is mainly into Telugu, but has some Tamil and Kannada experience as well.",bakchodi,1547939632,2019-01,"Factual comment, no profanity or attack.",0,0,0,0,0,0,0
eehb916,He is just some triggered Chennai Muslim. Ignore him.,bakchodi,1547939821,2019-01,"Dismissive comment about a person, no profanity or identity attack.",0,1,0,0,0,0,0
gb2hxn0,What about Nawaz and Rajat?!,bollyblindsngossip,1604454062,2020-11,"Question, no profanity or attack.",0,0,0,0,0,0,0
gb2iakb,The fuck you talking about. Of course we care about anti-hind attacks from muslims in India. Don't let yourself get fooled by media. I'm from Austria.,chodi,1604454260,2020-11,"Profanity used as emphasis, no personal attack.",1,0,0,0,0,0,0
gb2j1wy,Kitna kamai hoti hai waha pe?,chodi,1604454681,2020-11,"Question, no profanity or attack.",0,0,0,0,0,0,0
gb2jk09,"Other than the headline, I don't see what in the article disputes that the WHO COVID-19 envoy has said what he said - ""Lockdowns just have one consequence that you must never ever belittle, and that is making poor people an awful lot poorer""

All the article is saying is that they said ""primary"" &amp; that they aren't supporting Trump.",librandu,1604454958,2020-11,"Discussion of article, no profanity or attack.",0,0,0,0,0,0,0
gb2jtzy,"&gt;A woman hitting her husband for cheating is almost caricaturish when you think of it

Why exactly is it caricaturish? Do men not have feelings? Do they not get hurt? Or is it because men are considered to be physically stronger than women? I'll give you an example. Suppose a 200lbs woman beats her 5'5 short husband who weighs 100lbs. Is this caricaturish? Is this supposed to be funny? Why dont these so-called feminists raise a voice when it comes to misandry? They believe in equality right? Practice what you preach for a change. It's not caricaturish. There are so many indian men who are victims of domestic violence but do not report it because, forget the judge, even the cop who is supposed to file the fir will laugh it off and tell them to suck it up. I dont want to sound like an incel here but this is the ground reality (the fact that ive to even mention this proves that people mock men when they talk about their problems)",bollyblindsngossip,1604455111,2020-11,"Discussion of gender issues, no profanity or attack.",0,0,0,0,0,0,0
gb2jvby,"Maybe ten years down the track I'd like to see a remake of Mohabattein with Shahrukh as Narayan Shankar and one of the upstarts from this Era as Raj Malhotra. But what am I saying? Bollywood is going deeper and deeper down the drain with its cookie cutter plot lines and remixed classics for their soundtracks, it's just a pipe dream in the end. ☹️☹️☹️",bollyblindsngossip,1604455132,2020-11,"Opinion about Bollywood's decline, no target or profanity.",0,0,0,0,0,0,0
gb2k1ti,"Nawaz forced his wife to convert to Islam, and he and his whole family was cruel and abusive to his wife. She left him and is speaking out about the cruelty she faced in his home.",bollyblindsngossip,1604455229,2020-11,"Reported abuse and conversion, no direct attack or profanity.",0,0,0,0,0,0,0
gb2mevw,Saw that thread and immediately knew what kinds of comments I will read in there. Reddit is such a cesspool of jihadi propaganda,chodi,1604456582,2020-11,"Criticism of Reddit content, no profanity or direct attack.",0,0,0,0,0,0,0
gb2mqfs,"r\Chodi when a Muslim does nothing: “PeOpLe wHo StAnD aNd Do NoThiNg MaKe tHe wOrLd aN uGLiER pLaCe”. 

r\Chodi when a Muslim does something: *REEEEEEEEEEEE*",chodi,1604456761,2020-11,"Satirical mockery of subreddit behavior, no profanity or direct attack.",0,0,0,0,0,0,0
gb2n7vu,thats what she said,bakchodi,1604457034,2020-11,"Sexual innuendo, no profanity or target.",0,0,0,0,0,0,0
gb2n8fj,"&gt; what stops us from just taking our state of Kashmir from these idiots.

Khangress, deshdrohis, liberandus, other gangs of aasteen ke saamp


We have enemies within bhrata",chodi,1604457043,2020-11,"Political rhetoric against groups, no profanity or direct personal attack.",0,0,0,0,0,0,0
gb2n90i,mummy ke bachon ko boliyo - bachchon aaj maine tumhari maa chod di,unitedstatesofindia,1604457052,2020-11,"Profanity directed at unspecified mothers, personal insult.",1,1,0,0,0,0,0
gb2nfni,What thing you want complete in it ? The statement where boy say his molvi sleep with boys or the statement where he says in madarsa they are taught to hate Hindus and rape Hindus girl ? Video is itself a fine source for it .,sham_sharma_show,1604457157,2020-11,"Accusations against madrasas and molvis, no profanity or direct attack.",0,0,0,0,0,0,0
gb2nm8t,Dont you know Indian muslims have over 1000 castes including your one and Christians have over 600 to 700 caste including your one .,sham_sharma_show,1604457262,2020-11,"Factual statement about castes, no hostility.",0,0,0,0,0,0,0
gb2npfs,Oh sorry im a muslim and i didnt knew that,saimansays,1604457313,2020-11,"Sarcastic apology, no profanity or attack.",0,0,0,0,0,0,0
gb2nq9z,"&gt;Are you really upset that a woman would want her partner primarily for his love

Imagine a man saying that  'ill want a partner when I fall in love, and ill only marry her because I want babies?' Would he not be trolled and called out for it?

See, I dont exactly have a problem with what she said. But i have a problem with the hypocrisy wrt how people would react to both situations. Hold both genders to the same standards.

&gt;it'd be more ""misandrist""

There are levels of misandry. Just because it's not extremely misandrist doesnt mean that it is not misandrist at all. You cannot bring up a hypothetical situation to dilute the misandry of her comment. It's funny how she hasn't been called out for it but woke feminists would not leave an opportunity to call out a man for saying something even remotely misogynistic.",bollyblindsngossip,1604457326,2020-11,"Critique of gender hypocrisy, no profanity or direct attack.",0,0,0,0,0,0,0
gb2nqf4,Are bhai tujhe insta se nahi mila to kya hua. KAHIN SE BHI MEME COPY NAHI KARNA CHAHIYE. KYUN NAHI SAMJHTE HO. MAINE YE MEME PEHLE BHI DEKHA HAI. NORMIE HOTA TO BHI THIK THA BUT YAAR REPOST MAT KARO. PLEASE,saimansays,1604457328,2020-11,"Frustration about repost, no profanity or attack.",0,0,0,0,0,0,0
gb2nqma,"Kuch nahi hoga wo kaun sa covert karte hue govt ko register karwate hain 90% to chup chap ho jata hai


Only solution is to teach Hindu girls to be aware and ways to indentify closet jihadi",chodi,1604457331,2020-11,"Warning about conversions, no profanity or direct attack.",0,0,0,0,0,0,0
gb2o7t2,"Only because this particular one off incident will be used to justify that Islam is a peaceful religion. I'd say the same for terrorism but it's clearly not a one off these days, is it?",chodi,1604457600,2020-11,"Skepticism about Islam, no profanity or direct attack.",0,0,0,0,0,0,0
gb2o8im,tumhara biyah hone wala lagta,unitedstatesofindia,1604457610,2020-11,"Teasing about marriage, no profanity or attack.",0,0,0,0,0,0,0
gb2omrc," Following reports that some banks will start charging customers for deposits and withdrawals from November 1, Congress General Secretary Randeep Singh Surjewala said, ""Modi Sarkar ka naya kamar tod tohfa."" He added, ""Ab jhud ka paisa bank mein jama karwane aur nikalwane par bhi bank karenge vasooli (now one's own money will be charged for deposits).""

*Summary generated by [sansa](https://sansa.news/c/?i=fbdd08)*",unitedstatesofindia,1604457831,2020-11,"Political criticism, no profanity or direct attack.",0,0,0,0,0,0,0
gb2owwo,Nah I never called Islam a peaceful religion. It is earth’s cancer.,chodi,1604457988,2020-11,"Strong criticism of Islam, no profanity or direct attack.",0,0,0,0,0,0,0
gb2pcgj,"This sounds like something Ch0des would write, but for Muslims. And then tout as facts on Whatsapp. TIL Ch0des are accidental satirists.",librandu,1604458228,2020-11,"Mockery of a group, no profanity or direct attack.",0,0,0,0,0,0,0
gb2pqnl,Hn maine ki hai mehnat ×_×,saimansays,1604458448,2020-11,"Self-affirmation, no profanity or attack.",0,0,0,0,0,0,0
gb2py0v,"The alliance between Islamist and communists — Sharia’h-Bolshevism is a gateway to free speech and democracy 

-Tarek Fatah",librandu,1604458563,2020-11,"Political commentary, no profanity or direct attack.",0,0,0,0,0,0,0
gb2qily,"Oh man.. this takes me way way back in 2001-02. I had a friend, girl, who was a Madhuri fanatic, I also liked Madhuri and was a huge preity fan. I had also felt they looked similar from the side profile, especially the top portion.

This is pre-smartphones. I had used some native Windows software, probably PowerPoint to take similar photos of both from the side angle and cut the bottom part and put them side by side and emailed her to show how I felt they looked similar. She didn't agree, she was wrong.",bollyblindsngossip,1604458876,2020-11,"Nostalgic personal anecdote about celebrity resemblance, no target or profanity.",0,0,0,0,0,0,0
gb2r8fs,Nice theory. And congratulations for realising what you are. Hinduism accepts you regardless! Jai Shree Ram.,chodi,1604459276,2020-11,"Positive religious affirmation, no hostility.",0,0,0,0,0,0,0
gb2rjvm,"&gt;You have the right to say whatever you want. Others have the right to react to it by whatever non violent means they deem appropriate. Booing is non violent, ignoring you is non violent, telling you to leave their private establishment is non violent.
&gt;
&gt;You can feel offended by it but neither party has the right to use violence as the primary means to enforce their speech on to anyone else without feeling the consequences for it.
&gt;
&gt;If can mock my gods, then, I will absolutely use my free speech to mock yours. You can call it hate speech and even feel offended but you cannot use it as a stick to beat me with it. I have the right to say it. You cannot say free speech for me but not for any of you. Get over it.

Agreed with everything u said.

But you are on a different track. I am just pointing out hypocracy of france when it comes to anti semitism or holocaust or nazism because there free speech laws go for a toss, you will go to jail.",unitedstatesofindia,1604459451,2020-11,"Political discussion about free speech and hypocrisy, no personal attack or identity-based hate.",0,0,0,0,0,0,0
i7c65xz,"&gt;The Khalsa was literally just the warrior path of Sanatan Dharma.

Yeah, even growing up, I've always heard 'Khalsa Panth' and 'Sikh Panth'. As you mentioned, it was a warrior class. Sikhism as a religion has been brought extensively into limelight fairly recently.  


&gt;Punjab needs to change its education system and teach the youth their true history and this problem will go away in a generation.

We really need this ASAP or else it won't be long before 84' repeats itself and that too in the worse way possible.",sham_sharma_show,1651695913,2022-05,"Discussion about Sikh history and education, no hate speech.",0,0,0,0,0,0,0
i7c6j7x,"they don't really do anything ig these are bot accounts, they copy and paste whatever telegram channels tell them to",librandu,1651696059,2022-05,"Speculation about bot accounts, no profanity or target.",0,0,0,0,0,0,0
i7c6n2c,Aap is as hateful and bigoted as BJP. See how they behaved when muslims were targeted as covid spreaders. Or what they said for Shaheen Bagh. Or about ram mandir.  Or home demolition of Muslims. They are competing with BJPee in communalism,librandu,1651696101,2022-05,"Criticism of political parties and their actions, no personal abuse or identity-based hate.",0,0,0,0,0,0,0
i7c6pdo,"my mother dresses like : neetu kapoor

my grandfather dresses like : amitabh in namak halaal.

my nani dresses like farida jalaal in shararat. (very like coloured floral chiffon or geogette sarees) she even does the pallu the same

my mamai dresses like sonakshi (basically whatever)

my boyfriend dresses like an understated ranveer. he'll either play with the sillloutte or the pattern never both together.

idk what i dress like, western i'd say i try to do a little salma hayek, maybe pull looks from mina lee (youtuber).",bollyblindsngossip,1651696126,2022-05,"Lighthearted description of family fashion, no offensive content.",0,0,0,0,0,0,0
i7c6vh4,What's weird about that? Doesn't Zomato do that for almost every significant festival?,librandu,1651696193,2022-05,"Question about Zomato's festival promotions, neutral.",0,0,0,0,0,0,0
i7c7eei,mai north India sai huu aur mere hindi tab bhi weak hai mai kya karu reddit chod du?.....,indiandankmemes,1651696394,2022-05,"Self-deprecating comment about Hindi proficiency, no target.",0,0,0,0,0,0,0
i7c7mgf,"There is no physically, cheesically difference. The difference is on gender basis. Imagine saying that he should get women category medal. 

The difference between UC and LC is on caste and socioeconomic status level. High SES competes with High SES and low SES with low SES. Asking for their category seat is old svarna habit. 

Before you make any rtarded comment, i would advise you to atleast search what socioeconomic status means and how it affects a person and community. 

By your inability to understand a simple concept, i doubt if you will ever pass any test.",librandu,1651696480,2022-05,"Argument about caste and socioeconomic status, includes insult 'rtarded' directed at a person, but no identity-based hate.",0,1,0,0,0,0,0
i7c7zbw,"bro aisa nhi hai. us in the south aren't some disconnected folk we know what happens, what the big releases of bw are",bollyblindsngossip,1651696622,2022-05,"Informative comment about South Indians' awareness, no offense.",0,0,0,0,0,0,0
i7c8dc5,Neo-liberal Sanghi,librandu,1651696778,2022-05,"Political label 'Neo-liberal Sanghi' used as criticism, not dehumanizing or hateful.",0,0,0,0,0,0,0
i7c8du9,Aaj maine apni mom k oopar zor se chilla Diya...mereko ek thappad padhna chahiye...😔..,unitedstatesofindia,1651696784,2022-05,"Self-reflection about shouting at mother, no profanity or target.",0,0,0,0,0,0,0
i7c8jpb,What part of his comment is wrong?,indiadiscussion,1651696847,2022-05,"Question asking for clarification, neutral.",0,0,0,0,0,0,0
i7c9yy9,https://www.google.com/amp/s/islamqa.info/amp/en/answers/6583,sham_sharma_show,1651697395,2022-05,"Empty comment, no content.",0,0,0,0,0,0,0
i7caa3m,"Your submission has been removed due to low karma or being new to Reddit. To start posting, **comment on other posts** &amp; get internet points on them. ALso, please have a look at our **RULES** and make sure your post fits **Guidelines**.

If you believe you made a **High effort/Quality post** or need earlier access, please reach us on modmail on the link provided below. Thanks for participating on r/SaimanSays, u/stammer_kid...bye, shaba kher, kailash kher, wish you a happy married life.


*I am a bot, and this action was performed automatically. Please [contact the moderators of this subreddit](/message/compose/?to=/r/SaimanSays) if you have any questions or concerns.*",saimansays,1651697506,2022-05,"Automated moderation message, no offensive content.",0,0,0,0,0,0,0
i7causc,"Just wanna know who is Laxmi Dalamal, the first Indian to be invited to whatever this event is, and why she is being represented in a group photo here!?",bollyblindsngossip,1651697733,2022-05,"Question about an individual's representation, neutral.",0,0,0,0,0,0,0
i7caxby,"
#**Seriously read this**

Hello u/stammer_kid, your submission was **removed** from /r/dankinindia for the following reason(s):

# Your account is too new (You need a **5 DAY OLD ACCOUNT**) **and/or** You don't have enough 
karma to post here (You need **100 COMBINED KARMA**)

You need to meet **BOTH** requirements

Check your karma [here](https://old.reddit.com/user/me).

Do not modmail the mods about this as we will ignore it.

*I am a bot, and this action was performed automatically. Please [contact the moderators of this subreddit](/message/compose/?to=/r/dankinindia) if you have any questions or concerns.*",dankinindia,1651697761,2022-05,"Automated moderation message, no offensive content.",0,0,0,0,0,0,0
i7caz6t,But isn't this true when even I'm called a sanghi when discussing genuine topics or answering hate speech against my religion.,librandu,1651697781,2022-05,"Comment about being called 'sanghi' in discussions, no hate speech.",0,0,0,0,0,0,0
i7cb2cz,Inhin ne toh sir par chadhaya hai. Yahi bhugtein na fir.,bollyblindsngossip,1651697817,2022-05,"Hindi comment about consequences, no profanity or target.",0,0,0,0,0,0,0
i7cdobl,"does she actually believe she did something with this?! Nothing but the same old hippie nonsense comes out of people like this. India needs a polarization, being lenient with other people is the reason why bhakts get their way and a reason ethnic minorities and are constantly discriminated against and overlooked. Polarization leads to pressure, pressure leads to power to change, and power to change leads to change.",librandu,1651698831,2022-05,Political commentary with no personal attack or identity-based hate.,0,0,0,0,0,0,0
i7cdvp6,What the fuck is wrong with people? Anything for likes.....,indiandankmemes,1651698913,2022-05,"Exclamation with profanity, no target.",1,0,0,0,0,0,0
i7cejnc,I mean he chose to be there. I do agree with you it’s a really bad environment but he had full authority of choosing what environment he wanted to be in and could’ve easily left or transferred or even dropped out like his sister.,bollyblindsngossip,1651699178,2022-05,Neutral discussion about personal choices.,0,0,0,0,0,0,0
dpegw07,"Even though I can post a screenshot showing how I didn't ban you, I won't. Tumre jaise do takke ka aadmi ko saath baat karke kuch faida nahi hain. 

Hum log modi ji se yahi sikhe hain, ki har kisi chutiye ke aarop pe jawab Dena zaroorat nai hain. Jab kutta sooraj ko dekhke bhakta hain din bar, suryabhagvan jawab thodi dete hain. Jab tere jaise chuttad suvaron ke saath hum bhi keechad main koodh ke ladne lagte hain, phir tumre aur humre main farak kaa hain. 

Our policy regarding all this is like the US ka policy with terrorists. We don't negotiate with do takke wale attention whore. Aage badho abhi, kyunki demonestisation ke wajah se saare chutte paise khtam ho gaye. 

I think everyone can clearly see your propensity for creating needless drama here, cause of your constant lack of attention. Kutta lele be, kam se kam kuch toh bhav milega.
",bakchodi,1509926823,2017-11,"Personal insults with profanity and animal metaphors, no identity basis.",1,1,0,0,0,0,0
dpehh13,"Blame aviator you dumb fuck. He's the singular reason admins noticed the sub in the first place.

Jo beti ko mullah ke paas kudh bhejkar, phir love jihad ka Rona karte hain, unka ghanta sympathy ya bhav milti hain. ",bakchodi,1509927465,2017-11,"Profanity and personal insult, plus communal slur against Muslims.",1,1,1,0,1,0,0
dpep4r3,"Hate Speech, on bakchodi! Lol

Bakchodi mods = katua randimods

I was just celebrating that some Paki katuas were dead in a peaceful Pisslamic soocide bombing and I was banned. ",bakchodi,1509936479,2017-11,Hate speech with profanity and communal slurs against Muslims and Pakistanis.,1,1,1,0,1,1,0
dpeqg7u,"Brits realized brahmins were the only non-subhuman poojeets and put us in all the powerful positions, but fucked shit up for us by redpilling shudroids about equality, casteism and other bs just around the time they left. 


Deceiving imperial fraud bastards deserve to get drowned in islamic semen.",bakchodi,1509938032,2017-11,"Hate speech with caste slurs and communal slurs, plus profanity.",1,1,1,1,1,0,0
dpeqldk,Nopes. Only the trolls. I think the main difference between both of them is that a troll will not apologize if someone gets hurt and will continue the same behavior even after being asked to stop. Those should be banned.,bakchodi,1509938215,2017-11,"Discussion about trolls, no attack.",0,0,0,0,0,0,0
dw6vl6h,He called me troll in ban mail. And second time too i was giving warning to someone that bro don't ask questions about AK49 or these people will down vote you and even actually ban you. Then again I got banned ,indiadiscussion,1521852263,2018-03,"Personal grievance, no attack.",0,0,0,0,0,0,0
hekn8hs,"Bruh I'm not saying that every girl is same and treat them like that, from what I assumed if a girl trash talks to you so you will still be kind to them ?",indiandankmemes,1632818077,2021-09,"Question about gender dynamics, no attack.",0,0,0,0,0,0,0
hekn9vk,I would never burn anyone how would you extract that I am in support of sati. The Hindus back then did I don't the reason behind doing this but as you said any unnecessary violence is frowned upon in Hinduism. What's your problem with cows if believe cows are sacred to us why do you guys have a problem with that. You guys come and say stop animal cruelty and things like that but when we want to protect cows you guys start having problems,indiandankmemes,1632818112,2021-09,"Defensive discussion about religion and cows, no attack.",0,0,0,0,0,0,0
hekna9h,I asked you to prove what you claimed. I am still waiting.,indiandankmemes,1632818122,2021-09,"Request for proof, no attack.",0,0,0,0,0,0,0
heknb4d,"Also, what you could have done is - suggested rescheduling to another time when they were free and made that clear.

A bit more self-respect goes a long away. I had a call with one who started cooking and it was already 3 hours in at that point, so understandable. But I still bailed, I have better things to do as well and I won't stand for people who would not be as invested as I was in it.",arrangedmarriage,1632818144,2021-09,"Advice on self-respect, no attack.",0,0,0,0,0,0,0
hekndvk,Bruh...I'm frm telangana...I'm excited for minnal Murali more than hanuman... director-main lead duo of Hanuman previously made a film called zombie reddy...first zombie film in telugu I guess...and it was visually a 7/10 but i that script cringed me soooo harddd...and I have very less exposure to Malayalam cinema so I'm excited for minnal Murali...and I know they both are gonna do bad amongst audience...coz superhero movies in india?? Nobody accepts that...tell me one remarkable superhero mvoie from india (except for Krrish)...many attempts were made but still they fail...,saimansays,1632818214,2021-09,"Movie discussion, no attack.",0,0,0,0,0,0,0
heknepk,"I don't get it. Is he supposed to shout petrol petrol until the prices come down??
I have myself seen the segment where he addressed that issue. So nothing like turning a blind eye to the government's short comings. What else is he supposed to do?

I have observed this a lot. Librandus will just hail ravish even if he is literally blurting out utter bullshit. Like you can feel the blood inside the body boiling, that I can legit slap him then and there. Watching him makes me angry. And that's the guy these madLibs look upto.",indiandankmemes,1632818236,2021-09,"Political criticism with profanity, no personal attack.",1,0,0,0,0,0,0
hekngbm,Lmao 😂 that’s what I was thinking,saimansays,1632818279,2021-09,"Agreement, no attack.",0,0,0,0,0,0,0
hekngdj,Hmmm...ya he was so depressed that he kick her out after going home. What a pathetic God who can't take a stand.,indiandankmemes,1632818281,2021-09,"Criticism of a public figure's character, no profanity.",0,1,0,0,0,0,0
hekngr7,"Really good movie but sirf tv pe hi dekhi hai, I doubt aisi film thetaers mai ek week se jyada rahi bhi hogi. (Released in 2008)  


Btw slighyly unrelated but how many of you watched Stree and Roohi? Actually Stree kickstarted the horror universe which is being followed by Roohi, Bhediya, Munjha and then Stree 2 and most importantly they're currently focusing on standing on their own instead of promoting that ""connectedness"" which Rohit Shetty is trying to aim in his cop universe. Eventually the horror universe will also result in crossover. These projects are exciting me more than the cop universe/ raw agent universe starring Bhai and now SRK / superhero universe starring Katrina Kaif and all.",saimansays,1632818290,2021-09,"Movie discussion, no attack.",0,0,0,0,0,0,0
heknip1,"Ruko ruko mai samjhata hun abhi kya hua
.............

.......

Done with roasting bye",saimansays,1632818342,2021-09,"Playful roasting, no attack.",0,0,0,0,0,0,0
heknjt4,"Samne wala chutiyaap karega to kya mai bhi karu? Yahi kaam rah gaya ab mereko? Aur tere sawaal ka jawab dene ke liye, agar koi ldki samne se bakchodi kare, to mai us se baat hi nhi krunga. Gaand maraye jake vo. Mere baap ka kya ja rha.",indiandankmemes,1632818372,2021-09,"Profanity and personal insult, no identity basis.",1,1,0,0,0,0,0
heknk3a,"Bhaiya , Tanatani se Athiest bane hain.......Islam aur Christianity Hinduism se kam thodi na hai.",dankinindia,1632818380,2021-09,"Comparative religious statement, no profanity or direct attack.",0,0,0,0,0,0,0
heknkgd,My people don't wear mask because Allah has already written their life's outcome. And we mourn 24/7 because fun is overrated anyways.,indiandankmemes,1632818390,2021-09,"Sarcastic religious stereotype, no direct attack.",0,0,0,0,0,0,0
heknmk9,Most Pop-Psych is bullshit. They exist to sell more books/audio/whatever. Always take it with a grain of salt.,arrangedmarriage,1632818447,2021-09,"General criticism of pop-psychology, no profanity or target.",0,0,0,0,0,0,0
heknops,dude pc is an inverted triangle? i always thought she was hourglass. kareena seems more inverted triangle to me. that's what i am so i try to keep track of how they are being styled when it's done well,bollyblindsngossip,1632818504,2021-09,"Discussion about body shapes, no profanity or attack.",0,0,0,0,0,0,0
heknoqb,"That's what tinder is. And its not just jokes, its their acts as well. They're not copied. Its your opinion. Why telling me? Did I ask? Your point isn't even relevant. Tinder is supposed to be like that i.e. sex jokes and pickup lines.",saimansays,1632818504,2021-09,"Defensive comment about Tinder, no profanity or attack.",0,0,0,0,0,0,0
heknp2g,"6th century BCE. Will get this simple - 

A novel contains a story (could be real or fictional) but it also contains real world references like day/night, cars, building.

Now all that doesn't prove that the story written is also true. That's what I am saying that the concepts might be true, but stories are but bullshit.",indiandankmemes,1632818513,2021-09,"Discussion about novels and truth, no profanity or attack.",0,0,0,0,0,0,0
heknpdh,"Hindu, hinduo ka sahara nehi hoga toh yeh kabhi nehi rukega. Muslims gangup karkay atay hai, lekin hindu log toh side say astay say nikal jata hai jab koi aisa problem dekhta hai.",chodi,1632818522,2021-09,"Criticism of Hindu community's response, no profanity or direct attack.",0,0,0,0,0,0,0
heknrsg,"If your specifically worked up about the birthday post = nepotism angle then here you go.. the definition of nepotism straight out of the dictionary for you “giving unfair advantages to your own relatives or friends if you are in a position of power, especially by giving them jobs.” 

How is it nepotism if fans of Vicky have made edits of him and his brother on his brothers birthday? How is that influencing actual directors and producers to hire him? Kriti Sanon pushes her sister on a work front and thats not what’s happening with Sunny Kaushal.

Noones working over time to push Sunny Kaushal down our throats like other nepotism products and going back to the point I made in my first comment, at the end of the day he’s one of the actual talented folks that has connections so he really shouldn’t be someone your wasting your breath on when people like Tiger Shroff and Arjun Kapoor exist.",bollyblindsngossip,1632818588,2021-09,"Defense of actor against nepotism claims, no profanity or attack.",0,0,0,0,0,0,0
heknscr,"In India, Mughals are heroes who although destroyed Temples in war but Rebuilt them 😳.. Amount of Bhakti Movement in Chapter of Bhakti-Sufi Tradition is so minimal and that too on Lingayats who were Anti-Brahmins and so much Anti-Vedic, focuses mainly on Sufism. History of Ancient India is so small, which should have at least 2 books for Class 12th",sham_sharma_show,1632818602,2021-09,"Criticism of history textbooks, no profanity or attack.",0,0,0,0,0,0,0
heknsjj,"Having taken a look at newspaper matrimonials for months now, I don't think most males are thinking that. The majority of these newspaper ads have some close-to-35 dude wanting women below 28 or some such gap. I also see the same ads remaining there for years which shows that the supply is not happening....

Of course, I realise that newspaper ads is a very small sample to conclude from",arrangedmarriage,1632818606,2021-09,"Observation about matrimonial ads, no profanity or attack.",0,0,0,0,0,0,0
heknuus,"My Standards: Truth, honesty, human rights, freedom of speech, expression (within limits of live and let live), etc.

Being an Agnostic Atheist, I am literally hated by Muslims just as much as you hate me. (FYI, I don't support Taliban &amp; Muslims, obviously, but you will not change your opinion because you're biased and have a pre-notion of what others are who are not you)

For anyone who is NOT religious extremist hindu like you or extremist muslim, the gap between you both is decreasing.

But I can't change your mind, you're mentally ill, ""We have better standards then you Liberandus. But you know what's your standard? Supporting Taliban &amp; Muslims.""

I just showed you that you're wrong.",chodi,1632818668,2021-09,"Personal attack calling someone mentally ill, no profanity.",0,1,0,0,0,0,0
heknv0y,ye dard Jee walo ko hi hai kya matlab baki field ke student hai ki nahi yaha,saimansays,1632818672,2021-09,"Question about JEE students, no profanity or attack.",0,0,0,0,0,0,0
heknvth,That's what i meant,indiandankmemes,1632818694,2021-09,"Agreement, no profanity or attack.",0,0,0,0,0,0,0
heknwf7,Bhai yaha sab Indian hai,indiandankmemes,1632818709,2021-09,"Statement about Indians, no profanity or attack.",0,0,0,0,0,0,0
heknxcd,"You sound like a person who grew up in an Indian tier 2 city and not in the USA. No offence here but how about you try and make you mum part of your inner life and break the news to her? Clear your intentions first.

What makes you think she will have an emotional breakdown? You are an American citizen, are you really gonna be forced to marry by oldies in your family?

You're worried your fam back home will freak out... What will they do? Stop talking? Good then. Keep low contact with your extended family and move out and live your life. 

How you break the news to your mother is upto you. No matter how she reacts, you must be ready to stand up for what you believe in. But do stand up for your life.",arrangedmarriage,1632818733,2021-09,"Advice on coming out, no profanity or attack.",0,0,0,0,0,0,0
heknys7,"Also you know, can't be scared of bhoot pishach since they don't exist              

edit: holy sh*t downvoters really believe in ghosts lmaooo.     
my great-grandfather worked all his life to educate villagers, remove their superstitions and fear of bhoot pishachh etc. its f*cking disappointing seeing educated indians on reddit believing in that nonsense. what are you people 8 years old??",chodi,1632818772,2021-09,"Profanity used in frustration, no personal target.",1,0,0,0,0,0,0
heknytt,"I have a few very simple words for you, apni maa mat chudao yaha aake",chodi,1632818773,2021-09,"Profanity directed at a person, personal insult.",1,1,0,0,0,0,0
heko15k,"My example doesn't have any flaws. I aid modern scientists used geometry in order to find the distance. I don't care what ancient people used since the their maths was wrong to begin with.

The novel itself is an example. **Just because a book is partially correct doesn't mean it have to be the whole truth.**

**But you will ignore this line like you did last 7 times because you don't want to understand to begin with.**

***you need to work on your personal reality. GETTING offended by religion and trying to prove one that ""nO VeDas ArE RigHT vRo""***",indiandankmemes,1632818834,2021-09,Argumentative but no profanity or personal attack.,0,0,0,0,0,0,0
heko3i6,"Radical Hindus - Beef is against our culture   


Me, also a hindu - But Brahmins in the Vedas used to eat beef  


Radical Hindus - GAAYE HUMARI MAATA HAI, TUJHKO KUCH NAHI AATA HAI",indiandankmemes,1632818895,2021-09,"Mocking radical Hindus, no profanity or direct attack.",0,0,0,0,0,0,0
heko3jb,I mean during that time indian disney went hog wild adapting every somewhat successful show on american disney into Indian languages Suite Life of Karan and Kabir Oye Jassie Shake It Up(comment if i forgot anything). I grew up on those shows and damn do they still hold up,indiandankmemes,1632818896,2021-09,"Nostalgic comment about Disney shows, no profanity or attack.",0,0,0,0,0,0,0
heko4tj,Try saying allahu akbar,indiandankmemes,1632818928,2021-09,"Encouraging someone to say a religious phrase, no explicit profanity or target.",0,0,0,0,0,0,0
heko5qx,They never predicted. Their Maths was flawed to begin with. They tried for sure. But that doesn't make the stories right. That's what you are ignoring.,indiandankmemes,1632818951,2021-09,"Criticizing predictions and stories, no personal attack or identity-based hate.",0,0,0,0,0,0,0
heko7mv,ha bhai ab bhi mai yahi bolta hu :),chodi,1632818998,2021-09,"Agreeing with a previous statement, no profanity or target.",0,0,0,0,0,0,0
heko9ix,Well Priyanka is a bigger star than that sophie whatever,bollyblindsngossip,1632819046,2021-09,"Comparing celebrities, no profanity or personal attack.",0,0,0,0,0,0,0
hekod97,"this is what i noticed with a lot of unacademy polity, geo, history teachers. most are not well spoken or sophisticated with their speech. they try to make the topic chatpata and masaledar so that weak and disinterested students can also grasp. double meaning jokes, weird rhyme schemes, wrong pronunciation, some racism or sexism are just normal for them.",chodi,1632819140,2021-09,"General criticism of teachers, mentions possible racism/sexism but not directed at a specific person or group.",0,0,0,0,0,0,0
hekodih,Maulana gobhi try not to be uncouth and cringe challenege. (Impossible 100% fail),librandu,1632819146,2021-09,"Mocking a religious figure with a derogatory term 'Maulana gobhi', targeting a religious identity.",0,1,1,0,1,0,0
hekodnn,"the reality is that we think that the person in our side is better and great but the reality is that they both are humans and as a human myself I can say that if anyone would be in power , he or she will always look forward to their gain no matter what , frankly I can say that every government is wrong and I can do everything different and corruption free but I know deep down the moment I or anyone will taste so much power , we will do the same thing that every politician has done mostly",saimansays,1632819151,2021-09,"General commentary on politicians and power, no personal attack or identity-based hate.",0,0,0,0,0,0,0
hekofvx,that's exactly what I was thinking. No one uses imtehaan,chodi,1632819211,2021-09,"Comment on word usage, no profanity or target.",0,0,0,0,0,0,0
hekoh6y,"Maine aise indian, french, british, russian pm or president ka dekha par pakistan ka pm ka koi fottage hai. Matlab usko security privide karte hai kya imraand khan ko. 😅",chodi,1632819247,2021-09,"Questioning security of a political figure, no profanity or personal attack.",0,0,0,0,0,0,0
hekohgb,Then tell me at what age it is right to watch your mom and sister bathing?,indiandankmemes,1632819254,2021-09,"Rhetorical question with sexual implication, no explicit profanity or target.",0,0,0,0,0,0,0
hekoj3m,what if your teacher was wrong and everyone else is right?,unitedstatesofindia,1632819299,2021-09,"Questioning a teacher's correctness, no profanity or personal attack.",0,0,0,0,0,0,0
hekojhq,"u/sanskarmsharma bhai Bajrang Dal se toh bahut problem hai aur turant tune cross post kr di &amp; there's nothing wrong with it.


Ab zaara iss post ko bhi cross post kar de birooo..


Ab  r roona mat roona ki main whataboutery kar raha hu, jab cross post krne ka itna shauk hi hai toh bhai issko bhi kr de.. hume bhi thodda accha lagega.",chodi,1632819309,2021-09,"Criticizing a user for cross-posting, no profanity or personal attack.",0,0,0,0,0,0,0
hekoktq,Bhai aap inse contact karo u/hitszh directly. Maine to bas uski ye project ko promote kiya hai ye post ke dwara 🙏,chodi,1632819344,2021-09,"Suggesting direct contact, no profanity or target.",0,0,0,0,0,0,0
hekopyg,Sweet home Islamabad,indiandankmemes,1632819477,2021-09,"Reference to a place, no profanity or target.",0,0,0,0,0,0,0
hekoqgf,"Now u need plenty maintenance of ur wrist. Penis*
U will be fine soon but why were she bite ur 
Wrist. Penis :-J",indiandankmemes,1632819491,2021-09,"Sexual reference and crude language, but no clear target or identity-based hate.",1,0,0,0,0,0,0
hekoru3,"Yes, I agree. I’ve triggered some enlightenment here.

Psst: what do you think OP was trying to achieve with this post? 🤔",indiandankmemes,1632819528,2021-09,"Sarcastic comment, no profanity or target.",0,0,0,0,0,0,0
hekotci,"&gt;Truth, honesty, human rights, freedom of speech, expression (within limits of live and let live)

🤣🤣👏🏻👏🏻 These things cannot be expected from you. What Freedom of Speech? Insulting &amp; mocking Hindus &amp; Hinduism? We can get you arrested under 295A for hurting religious sentiments.",chodi,1632819567,2021-09,"Accusing someone of insulting Hindus and threatening legal action, targeting religious identity.",0,1,1,0,1,0,0
hekotpb,"Oh yes, Return of Hanuman that is surely the best animated Indian movie. How could I forget? But pretty sure its not any sequel or something, it was only animated film by Anurag Kashyap. Other Hanuman films were under different creators and they were good too so actually the animation industry died in last decade.

&amp;#x200B;

&gt;They showed bhamha wearing glases , made a little fun of him , vishnu use pepper spray making jokes and all.  
&gt;  
&gt;Now if they do it, it will be a hinduphobic movie and all will be cancelled

&amp;#x200B;

Agreed. That is why I'm also skeptical of that Hanu-Man movie coming out as they might face backlash. On the other hand, this horror stuff allows creators to go in whatever direction they want. That's why I'm hopeful for these movies to be good.",saimansays,1632819577,2021-09,"Discussion about movies and religious representation, no personal attack or hate speech.",0,0,0,0,0,0,0
hekox4n,"Just add +1 on your personality when you go out, That would give you confidence because think about it, you don't apply makeup or any cosmetics and still looking 5/10(average) so that's a good perspective to keep in mind. Now, even though no one feel attracted towards you, atleast you got confidence now (but always maintain hygiene).",saimansays,1632819671,2021-09,"Insulting someone's appearance and personality, personal attack but no identity-based hate.",0,1,0,0,0,0,0
hekoxpv,LoL now you're saying it's made up astronomy 😂 what else is left !!!!! But dude it predicts the distance perfectly ...and without geometry 🙂.,indiandankmemes,1632819688,2021-09,"Sarcastic comment about astronomy, no profanity or target.",0,0,0,0,0,0,0
hekoyyy,4 chan mai bhi bahut women bad men good milega waha kya karega? Waha unke inceks aur creep bahre pade h.,indiandankmemes,1632819721,2021-09,"Mentions women and men on 4chan, but no clear target or hate speech.",0,0,0,0,0,0,0
hekozrc,Allahu akbar.,indiandankmemes,1632819743,2021-09,"Religious phrase, no hate or profanity.",0,0,0,0,0,0,0
hekp04z,Whats the difference between cooked chicken and Hindu widows of the 18th century? Cooked chicken was dead before being lit,indiandankmemes,1632819752,2021-09,"Offensive joke targeting Hindu widows, dehumanizing.",0,0,1,0,1,0,0
hekp064,The distance was never predicted perfectly. Mentioned it already three times. You can keep ignoring facts in order to maintain your own ego. 😘  😘,indiandankmemes,1632819753,2021-09,"Personal criticism, no profanity or hate.",0,0,0,0,0,0,0
hekp1pe,"Haa bhai bahut bahut shukriya ek subreddit pr anonymously logo Ko Bengali ladki jaisa paragraph likh kr jagane ke liye.

Lol , you don't achieve anything by a post on reddit if it was the case ot would be more mainstream. Go to Twitter to unearth a conspiracy or on insta to enlighten people, yha gandh na failaye",indiandankmemes,1632819792,2021-09,"Criticism of Reddit post, uses mild profanity, no target.",1,0,0,0,0,0,0
hekp1r5,"False
I am Arab and we consider indian Muslims as brothers and sisters and we value them more than any non Muslim arabs.",chodi,1632819794,2021-09,"Positive statement about Indian Muslims, no hate.",0,0,0,0,0,0,0
hekp39n,"Are bhai mai kal mod bana hu aur itna improve kar diya , thoda to appreciate kardo plz",indiandankmemes,1632819835,2021-09,"Self-promotion, no hate.",0,0,0,0,0,0,0
hekp4wk,Anyone who supports Muslims &amp; Islam is supporting Taliban because what Talibans are doing is the real Islam.,chodi,1632819875,2021-09,"Generalizes all Muslims as supporting Taliban, dehumanizing.",0,0,1,0,1,0,0
hekp5l5,But we don't have the reference for what they used as units. (the ancient people). That's why they are unreliable now. One must know at least this much.,indiandankmemes,1632819891,2021-09,"Neutral discussion, no hate.",0,0,0,0,0,0,0
hekp7a8,"librandu trap! 
spreadsheet par jaoge toh tumhare email id , op dekh sakta hai",chodi,1632819934,2021-09,"Political term 'librandu' but no religious hate, no profanity.",0,0,0,0,0,0,0
hekp82f,"Real Islam? Islamists around the world, even Indian Islamists are telling Taliban is not the real Islam, and you think that is real Islam? Nice",chodi,1632819955,2021-09,"Political debate, no hate.",0,0,0,0,0,0,0
hekp9l8,"usne both baar muslims pe joke mare hai aur khudpe hi muslim honeke bhi joke maarta hai 

also he once said ki pakistan me koi talent nahi hai 

i am not his fan infact i dont like his standups but just saying facts",chodi,1632819992,2021-09,"Discussion of comedian's jokes, no hate.",0,0,0,0,0,0,0
hekpcbr,Do u know what satire means?,indiandankmemes,1632820063,2021-09,"Question, no hate.",0,0,0,0,0,0,0
hekpetj,what tf is ekans,chodi,1632820129,2021-09,"Question, no hate.",0,0,0,0,0,0,0
hekpgol,Every zakat foundation planted Bureaucrat is an inherent islamist !!,sham_sharma_show,1632820177,2021-09,"Accuses bureaucrats of being Islamist, but no direct hate speech.",0,0,0,0,0,0,0
hekpka7,"Are you dimwit or what? u/TheHinduTrad  in this thread literally explained the reason behind, too lazy to read or what? Clown ass talking  about ""if you read mythology you'd see blah blah"", i  can bet you never picked religious scriptures nor have you ever made an attempt to watch any shows surrounding hindu gods or epics.

Saw some clown on twitter giving the same reason, just repeating them like a parrot mindlessly",indiandankmemes,1632820271,2021-09,"Personal insult, no profanity, no identity basis.",0,1,0,0,0,0,0
hekpkbf,"That's where problem lies.

And even true stories have our God as bad people.

Ex : Vrishda-Vishnu or Bali Chakravarty story , it s even in kamasutra


They even don't want real stories where our God's are bad 

They want Islamic and Cristian style of God workships,",saimansays,1632820271,2021-09,"Criticism of religious stories, no hate speech.",0,0,0,0,0,0,0
hekpkj8,"The symbol of SFI is a potrait of Che Guerra. If you go to kerela you see that flag everywhere. So yeah what you said actually does make sense and yes even in bengal, dum dum district you will see that.",indiandankmemes,1632820277,2021-09,"Discussion of political symbol, no hate.",0,0,0,0,0,0,0
hekpks7,~~why~~ what the fuck is this shit,unitedstatesofindia,1632820283,2021-09,"Profanity, no target.",1,0,0,0,0,0,0
hekplwi,Nhi. Par desh bhakti k naam par bharat mata ki khule aam le rha hai.,indiandankmemes,1632820312,2021-09,"Accusation of exploiting patriotism, no hate.",0,0,0,0,0,0,0
hekpnba,"Sad but true. And they only feed them when it's in their benefits i'e punya paane ke liye.

Hypocrite pandits are worst( I know of one he's a goddamn animal killer and abuser)",indiandankmemes,1632820348,2021-09,"Criticism of specific pandits with profanity, not identity-based.",1,0,0,0,0,0,0
hekpow9,Main aajkal chikke ko bhi instacelebsgossip pe dekh rha. Chikka lurks here regularly it seems,unitedstatesofindia,1632820392,2021-09,"Mentions a person's nickname, no profanity or abuse.",0,0,0,0,0,0,0
hekpqsc,Not darker than her burnt  remains,indiandankmemes,1632820442,2021-09,"Dark humor referencing a person's remains, no profanity or identity attack.",0,0,0,0,0,0,0
hekprr1,"Any context for kanhahiya Kumar?  I understand the the Rass malai, SSR, Mastru..., Results but what about kanhaiya kumar?",saimansays,1632820466,2021-09,"Asking for context, neutral.",0,0,0,0,0,0,0
hekpru1,Yes of course. Since you don't have anything else to take pride in. One will stick to the past since they have nothing in present and no expectation of future. I already read what you wrote. You yourself admitted that the calculations weren't perfect.,indiandankmemes,1632820468,2021-09,"Sarcastic criticism of another user's argument, no profanity or identity attack.",0,0,0,0,0,0,0
hekpsqe,"Yeah, this is too similar to my experience!

Fucked up all 4 mains

Got sub 10k in EAMCET!!

I got a decent college, 

I feel kind of guilty idk why",indiandankmemes,1632820491,2021-09,"Self-deprecating with profanity, no target.",1,0,0,0,0,0,0
hekptik,Wo spreadsheet u / hitszh ka hai mera nahi hai. Wese bhi it would be great if someone edits with their alt email account with pseudo name.,chodi,1632820511,2021-09,Neutral clarification about a spreadsheet.,0,0,0,0,0,0,0
hekpvbq,"Sanghis after seeing this :- ""Vedas predicted Sanghis, wow! Trillion year old prediction coming true! Ghor Kalyug...""",librandu,1632820558,2021-09,"Mocking political group with sarcasm, no profanity or identity attack.",0,0,0,0,0,0,0
hekpvqp,They didn't add ror  in india since them sanghis got a boner seeing animated Parvati and made a fuss about it on Twitter,indiandankmemes,1632820569,2021-09,"Mocking political group with sexual reference, no profanity or identity attack.",0,0,0,0,0,0,0
hekpw0l,Lmao what happened to the whole Measurement thing ??? Gave up already ???? 😂 Atleast I'm better than you in geometry 🙂,indiandankmemes,1632820577,2021-09,"Sarcastic taunt about geometry, no profanity or identity attack.",0,0,0,0,0,0,0
hekpwb1,"Have you every read their sky book Quran which says convert &amp; kill Kafirs (non muslims) wherever you find them, make their women slaves. The book talks shit about non muslims 60% verses of Quran are inhumane &amp; promotes terrorism. If you cannot then atleast read the 26 controversial verses of Quran. 

&gt;Islamists around the world, even Indian Islamists are telling Taliban is not the real Islam

This is called Al Taqiya, Islamic Deception. Are you sure that they are saying that's not Islam. Then have a look on it. 
https://youtu.be/FNuND2Y2rpo",chodi,1632820584,2021-09,"Hate speech against Muslims, using religious slurs and conspiracy theories.",1,1,1,0,1,0,0
hekpyxs,"You guys probably think I'm joking, but support among many rural muslims have INCREASED for the BJP.

Hindutva mobs lynch a lower class Muslim from time to time to keep the incels on the far right happy, but at the same time government funding for minority schemes has increased EXPONENTIALLY under Modi. For all the hate filled rhetoric of Yogi, there has yet to be a religious riot in UP and many Muslims are happy with the relative peace.

Muslim hiring in government sector jobs have also seen a giant leap.

Tbh, if you are a rural &amp; poor hindu, the state actually indirectly incentivises you to convert.",librandu,1632820650,2021-09,"Discussion of political dynamics, no hate speech.",0,0,0,0,0,0,0
hekpzkr,"Well Uttar Kand and the lines of Burning of Devi Sita were added much Later, they were not part of Original Text. I am not saying that it was Brits or Muhammadians but rather it were Indians themselves from 200 BCE- 200CE as at that times, general Public were allowed to add to Smritis like Manusmriti, Parashar Smriti and Itihaas comes under Smriti. I can say about Uttar Kand as the Shlokas which say what happens if you recite this or that text you get this moral and, which is actually written in end of Yudh Kand and is always written at end of any Indian Scripture. And I am unsure abt Agni Pariksha but there was a Sudden Change in Way of Speaking of Ram in the end, first he was speaking Politely, was happy seeing Sita after a Long time and then suddenly says you should go with Lakshman or Sugreev, I will not accept you, which doesn't happen in Real Life",indiandankmemes,1632820667,2021-09,"Scholarly discussion of religious texts, no hate speech.",0,0,0,0,0,0,0
hekq35u,"Ah intersting, of all the people whom I have talked about Islam too, (people who follow Islam or who are researching on Islam and it's origins), they say what's been followed in Taliban, is not Islam. 
I don't know how you came up these numbers.",chodi,1632820757,2021-09,"Neutral discussion about Islam, no hate speech.",0,0,0,0,0,0,0
hekq3f6,"I smell so much hypocrisy, first you mention that you don't have any issues if they copy concepts and ideas, ok then you say second gen indian youtubers copy jokes which is problematic, but in sidemen real life tinder they copy jokes and pick up lines, and implement in their acts, which doesn't fucking matter coz without the pick up lines they stole, their acts wouldn't mean Jack's shit, bruhh what's even point in arguing with some stan.",saimansays,1632820764,2021-09,"Criticism of a fan with profanity, no identity attack.",1,0,0,0,0,0,0
hekq505,Lara dutta [source](https://www.google.com/amp/s/www.ndtv.com/entertainment/alia-bhatt-and-ranbir-kapoor-spotted-in-jodhpur-they-are-reportedly-scouting-for-a-wedding-venue-2554895%3Famp%3D1%26akamai-rum%3Doff),bollyblindsngossip,1632820803,2021-09,"Asking for a source, neutral.",0,0,0,0,0,0,0
hekq5av,"I don't respect beliefs because I am rational. Having a belief is irrational to begin with. It's not practical to have faith since it means you just believe without evidence. A rational person questions. I would rather study physics instead of sticking to old units. I don't need to prove the old units wrong.

You guys just stick to them saying western people stole your science. Who cares about that to begin with. A rational person would rather deal with real problems and discover what is yet to be discovered.",indiandankmemes,1632820810,2021-09,"Rational critique of beliefs, no hate speech.",0,0,0,0,0,0,0
hekq5ls,"Jali na, teri jali naa?! 🤣 

And what makes you think I am not active on those platforms?",indiandankmemes,1632820818,2021-09,"Taunting with profanity, no identity attack.",1,0,0,0,0,0,0
hekq60c,"Then do confirm about flying monkey, monkey picked up entire mountain, flying rath etc maybe they are fake too or the entire story is just made up as there was no one to expose babas like Aasharam. People just used to believe whatever they say.",indiandankmemes,1632820828,2021-09,"Skeptical question about religious stories, no hate speech.",0,0,0,0,0,0,0
hekq7vc,Well the vedas already discovered what is yet to be discovered lmao like the distances between planetary objects 🙂. Yeahhh rational mind yipeee Lmao .,indiandankmemes,1632820874,2021-09,"Sarcastic mockery of religious claims, no hate speech.",0,0,0,0,0,0,0
hekq8dq,"He was pedo, he slept naked with girls.
When his son convert to Muslim and try to rape own kid, he said nothing to him and said cause he become a Muslim can do whatever with their kids.
MF likes to rape Goats also.",dankinindia,1632820886,2021-09,"Graphic accusations of pedophilia, incest, and bestiality against a specific person, with religious framing.",1,1,1,0,1,0,0
hekq9ag,"Yup keep saying me crying. Since that is what making you happy. I can't rely on any text you give since the YouTube link you gave to begin with which just made claims instead of explaining. So I just won't waste my time.

Since actual since interests me more than fairy tales.",indiandankmemes,1632820909,2021-09,"Dismissive and sarcastic, but no profanity or personal attack.",0,0,0,0,0,0,0
hekq9k8,"For those curious, [these](https://www.reddit.com/r/librandu/comments/orubcm/bhagat_singhs_views_on_the_caste_system_from_his/) are Bhagat Singh's views on the caste system and Hinduism, in general.",librandu,1632820916,2021-09,Neutral informational statement about historical views.,0,0,0,0,0,0,0
hekqauc,Chill  what is ur favorite anime :-),indiandankmemes,1632820948,2021-09,"Friendly question, no offensive content.",0,0,0,0,0,0,0
hekqb4c,Yeah man whatever makes you happy. You can keep flipping until you are satisfied. But the history is still there saying there were flawed but close.,indiandankmemes,1632820955,2021-09,"Sarcastic but not abusive, no profanity.",0,0,0,0,0,0,0
hekqbd0,"Lol if you cant take a stand for your wife, what kind of King/God are you?

the dumb kind",indiandankmemes,1632820961,2021-09,"Insult directed at a specific person, calling them 'dumb', but no profanity or identity basis.",0,1,0,0,0,0,0
hekqclb,"ye kya tatti phela rhe hai yahan

OP are you lost?",unitedstatesofindia,1632820992,2021-09,"Hinglish profanity ('tatti') and insult directed at OP, but no identity basis.",1,1,0,0,0,0,0
hekqenx,"""WhAt if tHe rOleS WEre reVerSed bRo?""",librandu,1632821044,2021-09,"Mocking quote, no profanity or personal attack.",0,0,0,0,0,0,0
hekqg7n,"There is no proof that it is all real. Any person with brains would know that just because some things are pointed out in vedas (which were proved incorrect) doesn't make the whole thing reliable.

Anyways I will see myself out since it is useless to argue. You are free to say I lost or anything. Whatever makes you happy. Just make sure to study actual science books too.",indiandankmemes,1632821084,2021-09,"Sarcastic dismissal, but no profanity or personal attack.",0,0,0,0,0,0,0
hekqh3m,"UH OH! Someone has been using stinky language and u/whats_in_a_name_abhi decided to check u/whats_in_a_name_abhi's bad word usage.

I have gone back 98 comments and reviewed their potty language usage.

|Bad Word|Quantity|
:--|:-:|
|damn|1
|hentai|1

^(Request time: 0.7. I am a bot that performs automatic profanity reports.)^( This is profanitycounter version 3. Please consider )^([buying my creator a coffee.](https://www.buymeacoffee.com/Aidgigi))^( We also have a new )^([Discord server](https://discord.gg/7rHFBn4zmX))^(, come hang out!)",indiandankmemes,1632821106,2021-09,"Automated bot report, no offensive content.",0,0,0,0,0,0,0
hekqh5b,"I don't know what it means,
but it looks and sounds hilarious.

&amp;nbsp;

[Quote Sauce](&lt;https://youtu.be/HMBe4kvrC5E/?t=00h11m18s&gt; ""A rick-roll for sure"")
***
^^I ^^am ^^not ^^Timothy. ^^I ^^reply ^^to ^^Bhendi, ^^Timothy, ^^Saiman ^^or ^^Saibot ^^^[Know&amp;nbsp;more](https://redd.it/fvkvw9)",saimansays,1632821108,2021-09,"Neutral comment about a quote, no offensive content.",0,0,0,0,0,0,0
hekqilw,What is tribal Hinduism?,indiandankmemes,1632821143,2021-09,"Neutral question, no offensive content.",0,0,0,0,0,0,0
hekqipo,Lmao whatever saves your ego 🙂,indiandankmemes,1632821145,2021-09,"Sarcastic but not abusive, no profanity.",0,0,0,0,0,0,0
hekqiwu,"Bhai meri kyu jalegi , paragraph toh likh rhs hai ek meme subreddit me.

Anyways , keep doing whatever you want , I am here for the luls.",indiandankmemes,1632821150,2021-09,"Hinglish, dismissive but no profanity or personal attack.",0,0,0,0,0,0,0
hekqjub,Very similar to the incident where a Muslim man was questioned by the cops because he was traveling in the same bus as a single Hindu lady.,chodi,1632821174,2021-09,"Neutral description of an incident, no offensive content.",0,0,0,0,0,0,0
hekqk55,"Taliban is following Islamic Law book called Shariyat. They follow the ideology of Darool Uloom Deoband which is in UP India. Taliban &amp; ISIS are not Islamic? Look at their names  ISIS: Islamic States of Iraq &amp; Syria, look at their flags &amp; slogans Takbeer Allahu Fuckber


Here are the 2 verses from Sky Book Quran. 
Surah 9 (At-Tawbah)
Verse 5:

And when the inviolable months have passed, then kill the polytheists wherever you find them and capture them and besiege them and sit in wait for them at every place of ambush. But if they should repent, establish prayer, and give zakāh, let them [go] on their way. Indeed, Allah is Forgiving and Merciful.

Verse 14:

Fight them; Allah will punish them by your hands and will disgrace them and give you victory over them and satisfy the breasts [i.e., desires] of a believing people.",chodi,1632821181,2021-09,"Criticism of Islam and Quran, but no profanity or personal attack.",0,0,0,0,0,0,0
hekqlqx,What saddens me is that tatti subs are gonna jerk off to this post,unitedstatesofindia,1632821222,2021-09,"Mild profanity ('tatti') but not directed at anyone, no personal attack.",1,0,0,0,0,0,0
hekqmmn,Tribal Hinduism is bit different than mainstream Hinduism....tribal Hinduism worships both demons and deities....like in South Bengal one tribe exists who worships Mahishasura...tribal Hinduism is much older than mainstream Hinduism,indiandankmemes,1632821245,2021-09,Neutral informational statement about tribal Hinduism.,0,0,0,0,0,0,0
hekqp0p," [ You describe something as par excellence when it is the best example of its type: ](https://www.dictionary.cambridge.org/amp/english/par-excellence)

What I mean in title he is best among the best actors of bollywood.",bollyblindsngossip,1632821307,2021-09,"Neutral clarification, no offensive content.",0,0,0,0,0,0,0
hekqqoa,"What BS is this , so according to you Ravan was a part of tribal Hindu culture and not mainstream?",indiandankmemes,1632821347,2021-09,"Questioning a claim, no offensive content.",0,0,0,0,0,0,0
hekqrqx,"Yaha mods jitne aaram se woh instagram walle edits allow karte hai, lagta toh hai",indiandankmemes,1632821373,2021-09,"Criticism of moderators, no profanity or personal attack.",0,0,0,0,0,0,0
hekqsfk,What you gonna play in this .A special edition game called  Minecraft where you can drink the cow's pee ?,dankinindia,1632821391,2021-09,"Mocking a game, no profanity or targeted abuse.",0,0,0,0,0,0,0
hekqxdp,Damn. What if they were already a part of the sub?,librandu,1632821512,2021-09,"Speculative question, no offensive content.",0,0,0,0,0,0,0
hekqxkp,"Nah, he knew it, or at least anticipated it.

&gt;What is the consolation with the exception of the idea that I am going to sacrifice my life for a cause? A God-believing Hindu might be expecting to be reborn as a king, a Muslim or a Christian might dream of the luxuries to be enjoyed in paradise and the reward he is to get for his suffering and sacrifices. But, what am I to expect? **I know the moment the rope is fitted around my neck and rafters removed under my feet, that will be the final moment —that will be the last moment.** I, or to be more precise, my soul, as interpreted in the metaphysical terminology shall all be finished there. Nothing further. A short life of struggle with no such magnificent end, shall in itself be the reward, if I have the courage to take it in that light. That is all. With no selfish motive or desire to be awarded here or hereafter, quite disinterestedly, have I devoted my life to the cause of independence, because I could not do otherwise.",librandu,1632821517,2021-09,"Quotation about sacrifice, no offensive content.",0,0,0,0,0,0,0
hekqz7n,"If supreme court allows blocking of roads for days together, then what can a govt do? They had told blocking of road is not ok during their shaheen bagh protest, but same judges told that blocking roads for farm bill protests is ok.",unitedstatesofindia,1632821555,2021-09,"Criticism of judiciary and government, no personal attack.",0,0,0,0,0,0,0
hekr1x9,"so being an atheist you got no right to say something about someone's religion( Hinduism, Islam, Christianity, etc.) you lack the required knowledge for that so yeah that does matter.",indiandankmemes,1632821621,2021-09,"Criticism of atheists, no profanity or hate speech.",0,0,0,0,0,0,0
hekr3cg,"So calling out caste system is now hindu bashing?

What I said is there in the book. Just because you claim something as fake doesn’t make it fake. Stop making up stories. Dronacharya didn’t teach karna cause he was not a kshatriya. He then lied to parshuram cause he only taught brahmins. Karna didn’t care about poor? Bro what? He’s called danshoor karna! He was kaurava’s puppet he couldn’t do anything to help others other than donating even if he wanted. And everyone knows about eklavya, you have any made up stories for that as well? Ram killed a shudra for listening to shloks or cut of his ear, you have anything for that? 

And who even cares if hinduism was perfect some years ago. If people believe in caste today then they do that’s it. I bet you also believe that cow urine cures cancer xD",indiandankmemes,1632821654,2021-09,"Discussion of caste in religious texts, no hate speech.",0,0,0,0,0,0,0
hekr4bg,"do you know what ""stray"" dog means?",unitedstatesofindia,1632821676,2021-09,"Literal question, no offensive content.",0,0,0,0,0,0,0
hekr6xb,Is this the reason why Muslim population is increasing? I mean you need to pass 10th to prepare for JEE and neet.,indiandankmemes,1632821738,2021-09,"Sarcastic question about Muslim population, no explicit hate.",0,0,0,0,0,0,0
hekr7io,Ye sab normie logo ko bhagao yaha se,saimansays,1632821753,2021-09,"Calling people normies, no profanity or hate.",0,0,0,0,0,0,0
hekr8d5,What's up with this new mudiji and pappu cartoon edits ? Anyways I love them good edit bruv.,saimansays,1632821774,2021-09,"Positive comment about edits, no offensive content.",0,0,0,0,0,0,0
hekrban,"Inceldom and joblessness, what a combi",librandu,1632821841,2021-09,"Insulting someone as incel and jobless, no profanity.",0,1,0,0,0,0,0
hekrbl6,what bhendi?,saimansays,1632821848,2021-09,"Asking what bhendi means, no offensive content.",0,0,0,0,0,0,0
hekrddq,"Hey /u/7elevenIndia, thanks for contributing to /r/DesiMeta. Unfortunately, your post was removed as it violates our rules:

This is not a meta post. r/desimeta is for discussing meta

Please read the sidebar before posting again. If you have questions or concerns, please [message the moderators through modmail](https://www.reddit.com/message/compose?to=/r/DesiMeta&amp;subject=&amp;message=). Thank you!",desimeta,1632821891,2021-09,"Moderator message, no offensive content.",0,0,0,0,0,0,0
hekrem8,"&gt;China's real name

Really? Just  like India is called a Bharat, China is called as Zhōngguó. 

&gt;wartime

Their war never ends. It'll continue till the end of the world. 


&gt;these are for the times when someone is at battle with you, in wartime situations.

Al Taqiya. Lying for Islam.",chodi,1632821920,2021-09,"Discussion of China and Islam, includes 'Al Taqiya' but no direct hate.",0,0,0,0,0,0,0
hekrghk,"Thanks bhai pr agar propaganda huua toh nhi padhuunga thak gya huu ""sanghi vs libtard"" debate se",indiandankmemes,1632821965,2021-09,"Expressing fatigue with debates, no offensive content.",0,0,0,0,0,0,0
hekrgo5,"Pasand na pasand apni gamd me rakh public mt bata...

Agar tere gande jokes se hme dikkat hai to Hai pher wo joke nahi Hai...

Aur yaha gyan mt de sb gyani hai",chodi,1632821969,2021-09,"Vulgar language directed at audience, no identity basis.",1,1,0,0,0,0,0
hekrhql,Main kproxy use karta hoon. Aur crazyshit.com mein bohot harsh chizo hoti hain Jo Beta males nahi dekh Sakte. Uske alava Koi trouble nahi hai.,indiandankmemes,1632821996,2021-09,"Mention of harsh content, no offensive language.",0,0,0,0,0,0,0
hekrii1,Kaash itne paise lyrics mai lagate,bollyblindsngossip,1632822013,2021-09,"Wish about lyrics, no offensive content.",0,0,0,0,0,0,0
hekrj04,"Mere neighbors main ek auntie ne paltu puppies ko dudh pilana shuru kiya, abb voh 10 -20 ho gae hain aur roj raat ko bhonk bhonk ke gala baitha lete hai, Aur voh bhi apse main.",saimansays,1632822024,2021-09,"Complaint about neighbors' dogs, no offensive content.",0,0,0,0,0,0,0
hekrjw7,"https://www.indiatoday.in/fyi/story/mahishasura-martyrdom-day-durga-puja-mahalaya-1047773-2017-09-19
It's one small link
The upper caste thing was bogus...the story goes by this 
As per the tribals...Asuras had might and they were wise kings and warriors...Devlok didn't liked that..so Maa Durga did Chalana with Mahishasura and killed him....(somewhat assassination)..then went downfall of Asuras....",indiandankmemes,1632822045,2021-09,"Discussion of mythological narrative, no personal attack or hate speech.",0,0,0,0,0,0,0
hekrkqj,I think duryodhan treated him as equal friend but whatever,indiandankmemes,1632822065,2021-09,"Neutral comment about a character, no attack.",0,0,0,0,0,0,0
hekrr7i,"I mean,it is not just us. The Greeks believed that their gods lived on a (very climbeable) mountain but never cared to check,Christians believe that the first woman was made from the first man's ribs,and Muslims seem to think that their God cut the moon in half like a pie. 
TL;DR All religions are stupid.",indiandankmemes,1632822220,2021-09,"Criticism of religions in general, no specific group targeted.",0,0,0,0,0,0,0
hekrrdx,Pata nahi pichle  janam main kya paap kiya jo abhi dubara paida hua,indiandankmemes,1632822224,2021-09,"Self-reflective comment, no attack.",0,0,0,0,0,0,0
hekrrla,My freinds dont even know whats n the n word,dankinindia,1632822229,2021-09,"Observation about friends, no attack.",0,0,0,0,0,0,0
hekrtdv,Yeah exactly phir ye bolenge Arey hum to gum main pee rahe hai.. Idiots - _-,indiandankmemes,1632822270,2021-09,"Mild insult 'Idiots' directed at unspecified people, no profanity.",0,1,0,0,0,0,0
hekruye,"By ""knowledge"" you mean what others ""consider""?

By the way, aren't charvakas hindu too?

And by your logic, if religion X says to kill all non believers of religion X And you don't belong to religion X. You don't have any right to say something about that religion.
Ridiculous isn't it?",indiandankmemes,1632822310,2021-09,"Rhetorical argument about religion, no personal attack.",0,0,0,0,0,0,0
hekrvok,"People like you get persecuted first by Muslims for taking sides of Muslims &amp; Islam. Good luck. 👍🏻
The name of Afghanistan is Islamic Emirates of Afghanistan.",chodi,1632822328,2021-09,"Political commentary, no hate speech.",0,0,0,0,0,0,0
hekrvt0,Brooo woh Muslim jihaadi h Attack in the sense usse dominant hona h hinduo ke upar(yeh woh khud bola h),indiandankmemes,1632822331,2021-09,"Accusation against a specific person, not a group, no profanity.",0,1,0,0,0,0,0
hekrwfn,"Maybe we blew up a city maybe some trees.. I don't give a fuck.. All I know is my govt made a cluster fuck out of it by having a air force senior officer lie on national TV about clouds and radar so the big baby doesn't look like the only idiot.. When the establishment makes a habit of lying badly about everything only idiots would still give them benefit of doubt (this is you). 

What's important is traitors like you trying to downplay the China threat because Winnie already paid off your boss. When China move into our land, bludgeon our soldiers to death, humiliate our forces, and build infrastructure.... All the while you chomu chutiye are still trying to change topics. 

No wonder you all sucked British dick before till they left.",unitedstatesofindia,1632822346,2021-09,"Profanity and insults directed at political opponents, not identity-based.",1,1,0,0,0,0,0
hekrxu5,"Caste system was created mainly in manusmriti. Or atleast the rigid caste system without any mobility. Puranas are more like encyclopedias. They don't formulate rules for hindus. Manusmriti is supposed to be written by Manu, the father of all humans, laying down the laws for hindus. It's a lot newer than puranas too from what I know.",indiandankmemes,1632822379,2021-09,"Historical discussion, no attack.",0,0,0,0,0,0,0
hekrxzv,"Chal bhosdi ke.. UPSC karne ke liye jab tera baap tereko force karega and then tu jab history ki kitaab padhega, tab tu samjhega kya bol rha hu main. Tab tak mutth maar aur so ja. Millenial Gandu.",indiandankmemes,1632822383,2021-09,Profanity and personal insults directed at an individual.,1,1,0,0,0,0,0
hekryef,Lots of jihadi mindset teachers present on online platforms.,chodi,1632822393,2021-09,"Generalization about teachers, but not a direct attack on a specific group.",0,0,0,0,0,0,0
heks1nk,Iska damad khud jihadi hai bas chutiya bana rha hinduo ko fake sympathy card.,chodi,1632822471,2021-09,"Accusation against a specific person, no profanity.",0,1,0,0,0,0,0
heks21q,"&gt;Read again Idiot. You can be arrested for hurting religious 
sentiments under 295A in India. Saudi Arabia can kill you for that.

Thanks, for asking to read what I also said :) 


&gt;This makes me wonder are you even an Indian?

That's a VERY BEAUTIFUL question, like what does being an ""indian"" mean. Such a beautiful word, ""Indian"" and soooo many many MANY different meanings. You made me smile actually.

What do you MEAN  by ""indian""?

It doesn't matter if I am an Indian or not. Unless you're into Ajay Bixit's ""International conspiracy to defame"" kind of person, then I can not argue with you because like people you hate who are not atheists, you will not change your opinion because you're biased and have a pre-notion of what others are who are not you.",chodi,1632822480,2021-09,Argumentative but no personal attack or hate speech.,0,0,0,0,0,0,0
heks4ya,"Bhaai pareshaan huu meinn bhi reddit bhi ab communalise hogya har jagah bs hindu muslim unfunny memes aur comments mein libtard vs sanghi deemag kharaab hogya hai 

Ek safe haven that reddit jahaan only humor duniya ki politics se bach kar yaha aate the aur ab yeh bhi communalise hogya kuuchh diin m dekhna instagram jaise brbaad hoga
Dusri jagah dhuundho yaar",indiandankmemes,1632822548,2021-09,"Frustration about communalization, no attack.",0,0,0,0,0,0,0
heks7jc,"Nahhh bruh, indians took over whatsapp and Facebook first with their wishes and forwards. ""Click on this link for free 2GB of airtel data 😱😱😱""",indiandankmemes,1632822607,2021-09,"Stereotype about Indians, but not hateful.",0,0,0,0,0,0,0
heksb50,"What?!...so practically you just completely ignored the fact they are tribals who worships Asuras....
The concept of reverse Ramayana came from the fact that tribals worshipped Ravanas and Mahishasura....so just bcz we know different story doesn't give us right to correct or distort their history right?...Hinduism is simply vast.... commies are not related to these things...they even tried to kill them...
And Micheal Madhusudan Dutta is not even politicians he was English person born in Kolkata...he is even older than Ishwar Chandra Vidyasagar",indiandankmemes,1632822689,2021-09,"Discussion of cultural history, no attack.",0,0,0,0,0,0,0
heksew2,If mods are good then quality  of sub remains good,indiandankmemes,1632822779,2021-09,Neutral comment about moderation.,0,0,0,0,0,0,0
heksfac,"Customer : What's the status on my phone repair ? Why is taking so long 

Service center : Ur phone was repaired but unfortunately it was stomped over by a bull along with the repair person.
I'll send u the invoice for both over mail 

Customer : say wat nigga..!",indiandankmemes,1632822788,2021-09,"Profanity used in a humorous context, no target.",1,0,0,0,0,0,0
hekshm3," &gt; different religions 

Sikh aur hindu mai pharak hai kya ? I thought Sikhism is an offshoot of Hinduism like Jainism and Buddhism. Sure their are difference in ideologies but different religions ? Not so much imo",indiandankmemes,1632822843,2021-09,"Discussion of religious differences, no hostility.",0,0,0,0,0,0,0
heksj8j,"God kon maana bhosdike maana to sahi peeche hai bihar sar par koi nhi chadhate kal tak bande ka naam bhi bhool jaunga main kyuki itne nikalte hai aur defensive kab hue par khud dekh comments mein log bewajah gaali utaar rhe hai bihar ko ek dilliwala bihar ko keh rha h rape ke baare mein aur haan main bihari nhi jharkhandi hu but i respect them kyuki mere kaafi coaching mein dost bihari the jo bas success ki dream se aate the aur ek percent bhi guroor nhi tha,dikkat rhi economy aur unemployment ki to sahi hai tu bihar jisme india ke sabse jyada youth population hai usse bhi government utilise nhi kar rhi nitish aisa lag rha hai ringmaster hai jo apne do sher mil gye hai road aur education ussi par dhyaan de rha hai par baaki jaanwar jaise child mortality,basic sanitation, globalisation inn sab par dhyaan nhi de rha",dankinindia,1632822882,2021-09,"Profanity used, but directed at no one in particular; defends Bihar against insults.",1,0,0,0,0,0,0
heksltb,"Hinduism ugh. har alternate day koi na koi pooja karni hai. im a brahmin so im vegetarian. Wake up early in the morning, nahao, pray karo, padhai karo. sandhya vandanam and that shit. its boring af. Jitne taare nahi hain utne toh bhagwan hai and they expect us to know everyone, all their avatars and all their alternate names.",indiandankmemes,1632822945,2021-09,"Personal frustration with religious rituals, no target.",0,0,0,0,0,0,0
heksm48,Ok maine kaha agr huua toh nhi padhuunga propaganda nhi hai toh mujhe toh uulta majja aayga padhne mein aur bhaai chill maar jo jaisa rehna hai rehne de 4 lakh saal reh gye kalki ji ko aane mein tuu moksha pe dhyaan de sab theek hoga,indiandankmemes,1632822952,2021-09,"Sarcastic but not hostile, no target.",0,0,0,0,0,0,0
heksmbo,Whataboutism,librandu,1632822957,2021-09,"Single word, no profanity or target.",0,0,0,0,0,0,0
heksmrq,What the actual buff,indiandankmemes,1632822967,2021-09,"Vague exclamation, no clear target.",0,0,0,0,0,0,0
heksoy0,"I'm Bangali Brahmin and we are allowed to eat mutton, chicken, onion garlic, fish my surname is Chakraborty",indiandankmemes,1632823020,2021-09,"Factual statement about dietary practices, no hostility.",0,0,0,0,0,0,0
heksqwz,Isme kya offending hai muslimo ke liye jara bat toh .,chodi,1632823068,2021-09,"Questioning what is offensive, no hostility.",0,0,0,0,0,0,0
heksrxt,"I don't think Israel, Poland, Armenia etc. would call us Islamophobic lol",sham_sharma_show,1632823093,2021-09,"Sarcastic comment about Islamophobia, no direct attack.",0,0,0,0,0,0,0
heksvbh,what the hell how is she sooo on point this is freaky 🤯 it’s like she changed her voice completely,bollyblindsngossip,1632823175,2021-09,"Positive comment about a video, no profanity or target.",0,0,0,0,0,0,0
hekszlr,No no you're right. Those faiths and beliefs were made to counter the rigid brahmin culture.,indiandankmemes,1632823278,2021-09,"Opinion about religious origins, no hostility.",0,0,0,0,0,0,0
hekszpz,"Yeah, that's what I'm saying.",desimeta,1632823281,2021-09,"Agreement, no hostility.",0,0,0,0,0,0,0
hekt28q,Riot was started by islamists. Then Hindus retaliated.,unitedstatesofindia,1632823339,2021-09,"Statement about riots, no direct attack.",0,0,0,0,0,0,0
hekt2y9,"they most likely just said that as a catchy title so ppl pick it up. but yh it’s abt her own experience, so what’s wrong with it?",bollyblindsngossip,1632823356,2021-09,"Defending a video, no hostility.",0,0,0,0,0,0,0
hekt32e,Thsi isn't a joke. Look at what they are saying about LGBTQ in the comments.,dankinindia,1632823359,2021-09,"Comment about comments, no direct attack.",0,0,0,0,0,0,0
hekt3oc,The caste system in Muslims is just an Indian thing when people converted here. So Caste isn't actually a Muslim thing.,indiandankmemes,1632823373,2021-09,"Discussion of caste in Muslims, no hostility.",0,0,0,0,0,0,0
hekt46s,"I don't know what makes you so stupid, but it really works.",librandu,1632823385,2021-09,"Insult directed at a person, no identity basis.",0,1,0,0,0,0,0
hekt4hx,"I meant the character. Like in this interview when he said that he is not going to question the relationship if that's what it's like and that it is a sign of love. 

https://www.youtube.com/watch?v=yzXS2Nj7GVQ

I get it, we can't expect celebs to be socially aware and give them that kind of responsibility. But at the same time we don't need to treat them like babies and glorify misogynistic characters.",bollyblindsngossip,1632823393,2021-09,"Criticism of a character, not a person, no profanity.",0,0,0,0,0,0,0
hektgvv,Maine 11 me aake inki bakwas baaton ko sunna chhor diya,saimansays,1632823682,2021-09,"Personal decision, no target.",0,0,0,0,0,0,0
hekthtx,"Mujhe to hindi wala scooby song yaad hai

Scooby dooby doo kaha chhupa tu

Jaldi aa karna hai kaam shuru 
Hehehe

Btw bhai pak mai apna desi cn aata tha kya us time ?",chodi,1632823704,2021-09,"Nostalgic comment, no hostility.",0,0,0,0,0,0,0
hektl3x,"Yeah may be. She didn't look the part. They must have someone with more aggressive personality as Jean. 

I personally want her and Maisie to succeed. Especially Maisie. I will be naming my daughter Arya because of her.  Both are young and will find correct movies for them.

But as of now Sophie is nowhere near Priyanka.",bollyblindsngossip,1632823781,2021-09,"Opinion on actress suitability, no profanity or abuse.",0,0,0,0,0,0,0
hektl5q,"No. Riot was started by Islamists in Delhi. But the riot was bloody hell finished by Hindutva ruffians from outside or inside Delhi.

https://www.youtube.com/watch?v=xBuFMslp5MQ",unitedstatesofindia,1632823782,2021-09,"Discussion of riot with communal framing, but no direct hate speech.",0,0,0,0,0,0,0
hektl9s,Until you hear allahu akbar boom,indiandankmemes,1632823785,2021-09,"Religious phrase used mockingly, but no clear target or hate.",0,0,0,0,0,0,0
hektlzz,I think sansa's conclusion was rather moderate. Let's not compare that to what happened to dany in a span of a single episode. Or what happened to all the characters in general. I ll just pick up the books from the scratch.,bollyblindsngossip,1632823803,2021-09,"Comment on TV show characters, no abuse.",0,0,0,0,0,0,0
hektmeh,"Arey bhai to in chhoti baato pe offend nhi hona chahiye
Communal backchodi mat kara karo har baar
Mai kuch keh nhi sakta lekin tumhe kyunki tere andar ek bhaavna hogi ki Hindu khatre me hai
Lmao
Mai khud Hindu hu aur khush hu",chodi,1632823812,2021-09,"Criticism of communal backchodi, but no hate speech.",0,0,0,0,0,0,0
hektmk1,"&gt;	Riot was started by Islamists in Delhi.

How was there a riot when the other party wasn’t even present?",unitedstatesofindia,1632823815,2021-09,"Questioning a claim, no abuse.",0,0,0,0,0,0,0
hektnib,Mujhe braces lage the pivhle saal aur haan bahut dard hota hai pta nhi tumne upar ke daaton ka kaise seh liya main toh seh bhi nhi pata tha aur painkillers le leta tha din mein ek baar haan dard hota hai but the end result would be good mere braces ek hafte baad hate par ab ek mahine retainers lagane hai,saimansays,1632823838,2021-09,"Personal experience with braces, no abuse.",0,0,0,0,0,0,0
hekto6d,Abey mai tho sugar daddy nhi hoon. Bolthe hain bola bas.,dankinindia,1632823854,2021-09,"Denial of being sugar daddy, no profanity.",0,0,0,0,0,0,0
hekts55,"Abe chutiye , OP is not muslims . Aur ""ArMiN NaWabi"" mention karne ka motive?",dankinindia,1632823948,2021-09,"Profanity directed at OP, but no identity-based hate.",1,1,0,0,0,0,0
hektsp3,"That’s absolutely idiotic. He can talk about Hinduism because that’s what he grew up in. Becoming an atheist doesn’t wipe away information learned about a religion, it’s why you become atheist in the first place.",indiandankmemes,1632823961,2021-09,"Criticism of argument, no abuse.",0,0,0,0,0,0,0
hektstv,"jjk or mha

jjk toh maine bhi padh rakh hai",saimansays,1632823964,2021-09,"Comment on anime, no abuse.",0,0,0,0,0,0,0
hektth6,Yaha kya likha hai ?,saimansays,1632823980,2021-09,"Asking what is written, no abuse.",0,0,0,0,0,0,0
hektti3,Umm.... can you possibly provide a source on that. The first part on idols able to resonate sounds in closed structures to calm our nervous system. And please explain what do you mean by echo principle? Is it the simple property of wave reflection of sound from objects?,indiandankmemes,1632823981,2021-09,"Request for source, no abuse.",0,0,0,0,0,0,0
hekttti,You don’t have to be a politician to distort facts also I am not denying that people worship Ravan in south but mahisasur? Either we’ve lost documents during Islamic invasion or the people who worship him are just useful idiots.  There is not a single trait of him which is worthy of worship.,indiandankmemes,1632823987,2021-09,"Discussion of historical figures, no hate speech.",0,0,0,0,0,0,0
hektvky,"Tujhe nhi pta? Rehne de😂😂teri feelings bohot jyada hurt ho jayengi.
Edit: Also,I didn't assume that op is Muslim. I mentioned Armin because of a whole different reason.",dankinindia,1632824029,2021-09,"Sarcastic response, no profanity or abuse.",0,0,0,0,0,0,0
hektwki,"One of my first memories as a kid. His song **Main zindagi  ka sath nibhata  chala gya.**
Him smoking the cigarette  changing the shirt, ese lagta h ki kal hi dekha.",bollyblindsngossip,1632824053,2021-09,"Nostalgic memory, no abuse.",0,0,0,0,0,0,0
hektx6v,Whole foundation of Pakistan is built on lies. Islamism will destroy Pakistan one day. Its unfortunate to have a neighbour like Pakistan.,sham_sharma_show,1632824068,2021-09,"Criticism of Pakistan's foundation, no hate speech.",0,0,0,0,0,0,0
hekty9p,🤣bhaiii ye aisi indian coversation kabhi nahi khatam honi chahiye. Warna comedy ka akal pad jayega duniya mai,indiandankmemes,1632824093,2021-09,"Humorous comment, no abuse.",0,0,0,0,0,0,0
heku0eg,"Man you’re subscribing to the idea of aryan invasion theory if you’re going by this news , are you implying that?  
This is exactly what I call as a propaganda.",indiandankmemes,1632824144,2021-09,"Questioning theory, no abuse.",0,0,0,0,0,0,0
heku1a5,"I just feel this is just giving up. Like, we are not going to be able to stop child marriages, what’s the next best thing we can do.",librandu,1632824165,2021-09,"Opinion on social issue, no abuse.",0,0,0,0,0,0,0
heku347,That's not what i was expecting,dankinindia,1632824206,2021-09,"Neutral statement expressing surprise, no offensive content.",0,0,0,0,0,0,0
heku51y,"Islamists blocked metro station as extension of Shaheen Bagh CAA protest as a provocation one day before the riot. Then Kapil Mishra had told he would counter protest after 3 days. But Islamists started riots the very next day, so as to coincide with Trump visit.",unitedstatesofindia,1632824250,2021-09,"Political commentary on protests and riots, no personal attack or hate speech.",0,0,0,0,0,0,0
heku6z1,"[lmao . then you will be pleased to know about , Sargent Mohandas Karamchand Gandhi, who on record said"" no Indian has co operated with the British government  as much as i have for an unbroken period of 29 years . I put my life in peril 4 times for the service of the empire "" ](https://m.timesofindia.com/india/meet-sergeant-major-mohandas-karamchand-gandhi/articleshow/44124189.cms)



Gandhi recruited Indians to fie for the British in the boer war . So much for non violence .

This is what ur popa of the nation has written. He used to simp for the British.

https://youtu.be/vl79qlLGd-0",saimansays,1632824295,2021-09,"Criticism of Gandhi's historical actions, no profanity or hate speech.",0,0,0,0,0,0,0
hekucgy,"Ah yes, the Crittu dictionary of English where protests are “provocations”.

Kapil Mishra didn’t say he will counter protest, he said he’ll take matters into his own hands. Even a grade schooler knows what kind of statement that is.",unitedstatesofindia,1632824417,2021-09,"Political argument, no personal attack or hate speech.",0,0,0,0,0,0,0
hekudf8,"No, I mean… this is a little bit like prohibition. 

Alcohol abuse destroys lives, leads to domestic violence, accidents and what not. But prohibition would only lead to smuggling, dangerous homemade daru, and people dying of poisoning. 

Social evils are done away with when they’re regulated, when the root cause of the evil is targeted. In this case, it’s rampant poverty, unawareness, illiteracy, and a dire lack of female empowerment.",librandu,1632824438,2021-09,"Discussion on social issues, no offensive content.",0,0,0,0,0,0,0
hekudgv,"Oh hi dank stinger . 

Exactly. These people are gawar af. Gandhi was a SOB if you read more about him . And the sad this is..... That these brave freedom fighters actually respected the guy..... Bose had unit named after Gandhi, Bhagat singh respected the man... And still he let them all die... 


Just cuz yer bald, think, a cuck and play on Hindu sympathies you become a mahatama? Wtf? 

He killed more people than anyone. Innocents at that",chodi,1632824439,2021-09,"Contains profanity and personal attack on Gandhi, but no identity-based hate.",1,1,0,0,0,0,0
hekudzi,"Not true. Dimple Kapadia in Tenet? Indian Twitter went - Haha fucking dumbass only got 1 second in trailer, what a loser! - What did Dimple do to warrant that?

And what explanation do you have for the Rajamouli thing? Find me a big-budget, mainstream director who has respected &amp; represented Indian culture better than he did in Bahubali",bollyblindsngossip,1632824451,2021-09,"Criticism of public reaction, no offensive content.",0,0,0,0,0,0,0
hekue24,Why waste cement on detention camps for CAA NRC muslim genocide concentration nazi minorities inhuman Guantanamo bay human rights violation causing democratic death buildings.,indiandankmemes,1632824452,2021-09,"Strong political criticism, no profanity or personal attack.",0,0,0,0,0,0,0
hekuekp,"Notification : Horny sasur just subscribed you.
The what..",indiandankmemes,1632824464,2021-09,"Humorous comment, no offensive content.",0,0,0,0,0,0,0
hekuenu,What you say nobody cares. Court has agreed with my view. Read the link.,unitedstatesofindia,1632824466,2021-09,Dismissive but not offensive.,0,0,0,0,0,0,0
hekuh1q,A genuine question: what difference is going to be there in Hindu rashtra if we compare it to current india?,chodi,1632824518,2021-09,"Political question, no offensive content.",0,0,0,0,0,0,0
hekujat,I downvoted this meme to maintain upvotes at 69 .,saimansays,1632824567,2021-09,"Meta comment about upvotes, no offensive content.",0,0,0,0,0,0,0
hekukhy,The mainstream masala movies from bollywood have left a bad taste in many people's mouth I think. Maybe they just don't respect these actors at all regardless of Western achievements I'm afraid 😬,bollyblindsngossip,1632824593,2021-09,"Opinion on Bollywood, no offensive content.",0,0,0,0,0,0,0
hekukxb,"I had to bring Gandhi in because to prove to you thag no one is perfect . Everyone has faults in their beliefs. We have Whitewashed people we find convenient and  character assasinated people who dont fit in a certain political spectrum. If u have a problem with savarkar ""simping"" for the brits , then guess what so did gandhi and nehru.
[gandhi serving the British Empire](https://www.jstor.org/stable/45073342)",saimansays,1632824602,2021-09,"Historical discussion, no offensive content.",0,0,0,0,0,0,0
hekul8e,"I did not actually ask how and why it was orally passed. Your response while a deviation from the subject, is still heavily flawed.
It was orally passed for more than one reasons:
Because texts could be easily destroyed during that time. As a majority of Dharmic literature has already been in Nalanda and Takshila by Islamic Invaders. 
Another reason, publishing of course did not exist and books/manuscripts were copied by hand. A tedious task. And prone to damage while transporting. It was easier to have professional transcribes who would travel far distances to spread the knowledge.
Was much easier to train people to memorise and propagate among masses via travelling storytellers, singers and ascetics. Important texts were memorised by brahmins, acharyas etc. 
As far as fluidity is concerned, Chinese whispers is enough to explain the contradiction in your answer. Also by your logic, why have any texts on science? Does the writing of scientific papers make science rigid?",indiandankmemes,1632824609,2021-09,"Discussion on history, no offensive content.",0,0,0,0,0,0,0
hekulbk,"Totally agreed with this mentality of pulling people down. If priyanka changed her accent in America so that she could fit easily and people understand her pronunciation, she is called fake and what not. It's embarrassing to look at the comment section.",bollyblindsngossip,1632824611,2021-09,"Criticism of public reaction, no offensive content.",0,0,0,0,0,0,0
hekuox1,"Aisa Hi Bot Hai Bhai

ye San ko Gali dega Jo Secular Bhakt aur Aisa Bolega usko",chodi,1632824693,2021-09,"Political commentary, no offensive content.",0,0,0,0,0,0,0
hekupbp,"Useful idiots ko thik krne ka tarika. Shoes to their flat bottom. 
Soch kr hi dar lgta hai USSR didn't had that much technology compared to what America had during cold war.
But still they were so good in breaking the country from inside.",chodi,1632824702,2021-09,"Political commentary, no offensive content.",0,0,0,0,0,0,0
hekuqxm,India gave shelter to many muslim do they love us? If you read their religious book all abhrahmic religion are taught that polytheists and pagans are demon and we should convert or kill them,sham_sharma_show,1632824740,2021-09,"Generalization about Muslims, but not a direct attack on individuals.",0,0,1,0,1,0,0
hekur4y,"&gt; Same high court also pressed for charges against Kapil Mishra and some others for inflammatory speech.

That is a different matter. He didnt know that Islamists had planned deadly riots the very next day.

Supreme court had also told later that blocking of roads and metro stations for days together for a protest is not ok, in their Shaheen bagh protest verdict.",unitedstatesofindia,1632824744,2021-09,"Political commentary, no offensive content.",0,0,0,0,0,0,0
hekurjl,Wait what?! People are buying this? For 22USD? WHAT?,bollyblindsngossip,1632824753,2021-09,"Expression of surprise/disbelief about a product price, no profanity or target.",0,0,0,0,0,0,0
hekuru9,"Oh no...my comparison is bit different...I wanted to convey ..there's another side of Hinduism....
Aryans never invaded us....
We have DNA of Iranian traders,Small portion of Aryan and Indus inhabitants....Bengalis have extra muslim DNA..tribals are indigenous DNA..
There's evident proofs Aryans never invaded us ...Aryan invasion is crap theory now...",indiandankmemes,1632824760,2021-09,"Discussion of historical theories about Aryan invasion, no personal attack or hate speech.",0,0,0,0,0,0,0
hekuvln,Agree. Baaghi 3 emerged a box office hit so it tells a lot what Indian audience leans towards 😭,bollyblindsngossip,1632824844,2021-09,"Comment on Indian audience preferences, no profanity or hate speech.",0,0,0,0,0,0,0
hekuvvv,"Bhai yeh dank meme hota hai , log hindu muslim waale meme upvote  karenge fir bolenge sirf hindu muslim waale meme kyu hai yaha..........BC aise memes ko toh upvote karo",dankinindia,1632824850,2021-09,"Frustration about meme preferences, uses 'BC' as filler, no targeted abuse.",1,0,0,0,0,0,0
hekuw1g,bhai yeh samay raina (kashmiri pandit) ka dost hain yeh hinduo ka mazaak udaata toh samay raina usko dost kyu hota,chodi,1632824854,2021-09,"Questioning a friendship based on religious identity, but not hostile or demeaning.",0,0,0,0,0,0,0
hekuyhi,"&gt;Lol tu bhi phobic h.

Kyun bai , Mai kaise phobic hun . Sachaye he to boli , Lgbt ko support karo sucide unka prevent karo . Gen-z mostly LGBT to sucidal hai to such a point wo chahte hai secide using medical equipments legalize hojaye . There are so many subreddit around the legalisation of sucidal folks created that actively chant the meaningless life and want to kill themselves . Many have failed attempts even. 

To aik joke pe offend hone se acha hai unko dilasa do , Help karo .",dankinindia,1632824910,2021-09,"Discussion about LGBT issues and suicide, no profanity or hate speech.",0,0,0,0,0,0,0
hekuz8w,"""Here's your email letter for joining""

From: harvard69420",chodi,1632824927,2021-09,"Sarcastic comment about an email, no profanity or hate speech.",0,0,0,0,0,0,0
hekv1k6,"Desi CN (🇵🇰) bohot sasta hai, kabhi kabhi to sirf aik season dikha ka khatam tata goodbye

Aur pehla chummi wala scene jab ata tha, koi parent complain kerta phir woh chota sa scene remove ker deta, ab to bilkul hi nahi ata, na woh half nanga scene for wamen, only wamen, cut ker deta hein

Baki Hindi aur Urdu version nahi ata sirf, English, savai Oggi and the Cockroaches ka Hindi version laga dia, kuch sal pehla

Aur Nickelodeon ki to baat bhi na shuru karo

Aur hamein Hindi wala nahi, ya song yaad ata hai bachpan meh [What's new Scooby Doo by Simple Plan](https://youtu.be/3Fzi4lBzqIg)",chodi,1632824978,2021-09,"Nostalgic comment about TV channels, no profanity or hate speech.",0,0,0,0,0,0,0
hekv2a2,"Chintus are inhumane beasts, what do you honestly expect from there? Hypocrisy is their middle name.",librandu,1632824994,2021-09,"Derogatory term 'Chintus' targeting a religious group, dehumanizing language.",0,0,1,0,1,0,0
hekv2hb,Idk what u guys are surprised about .. she also called herself talented,bollyblindsngossip,1632824999,2021-09,"Sarcastic remark about someone's self-assessment, no profanity or hate speech.",0,0,0,0,0,0,0
hekv3de,"Bro mere yaha, sirf moorti pe paani daalne ki 3 crore ki boli gayi abhi das-lakshan parv pe.",indiandankmemes,1632825018,2021-09,"Comment about a religious auction, no profanity or hate speech.",0,0,0,0,0,0,0
hekv5wc,Your gurus were very Pog tho. I personally like guru gobind singh.,indiandankmemes,1632825073,2021-09,"Positive comment about a guru, no profanity or hate speech.",0,0,0,0,0,0,0
hekv8ko,Even I am a Bengali Brahmin my surname is Chatterjee and we are also allowed to eat all that stuff just not during a few days in a week and also not during pujas,indiandankmemes,1632825131,2021-09,"Personal anecdote about dietary restrictions, no profanity or hate speech.",0,0,0,0,0,0,0
hekvd62,"waha tumko height badhani hai,aur yaha mai 14 ki umar mein 6'0 ki height leke baitha hu aur badne se rokne ki koshish kar raha hu",indiandankmemes,1632825232,2021-09,"Comparison of heights, no profanity or hate speech.",0,0,0,0,0,0,0
hekvdw4,"Good question. I haven't found any manifesto, but here are my guesses-

1. Ban on cow slaughter.

2. Indian government would openly promote Vedic religion.

3. Temples will be free from state control and will be able to set up religious schools.

4. Minority Affairs Ministry would be abolished, along with all minority welfare schemes.

5. Secularism wouldn't remain a political issue.

6. More censorship on art and literature, to prevent them from offending Hindu population. Since artists would never insult other religions, an even playing field can't be created with maximum free speech.

7. Maybe government will participate in temple construction at times.

8. Communism will be likely banned, since it's inherently anti-religion.

9. Gurukul system and learning of Ramayana and Mahabharata will be promoted in all schools.",chodi,1632825248,2021-09,"Speculative list of political changes, no profanity or hate speech.",0,0,0,0,0,0,0
hekveyt,Yaha saiman vs carry thodi chal rha he,saimansays,1632825270,2021-09,"Comment about a comparison, no profanity or hate speech.",0,0,0,0,0,0,0
hekvfc4,Thk hai behen tu apne raste aur mai apne raste,dankinindia,1632825278,2021-09,"Agreeing to disagree, no profanity or hate speech.",0,0,0,0,0,0,0
hekvgmu,"My religion is filled with a bunch of sexist assholes who look down upon people from other castes and religions and behave righteous and disgusting in the name of god. Their so called god tells them they are superior and pure when in reality, their mindset is what gave birth to shits like rss who murder butchers and people of other religions just for going about their day and making their livelihood. They think they never harm another being but their mere existence is the cause of a bunch of deaths. They act all holier than thou but they are a bunch of sexist pigs who commit sexual harassment and rape and are never held accountable.",indiandankmemes,1632825306,2021-09,"Strong criticism of a religion and its followers, uses profanity and derogatory terms, but targets a group based on religion.",1,0,1,0,1,0,0
hekvgys,Bro is criticizing Islam eve allowed?,indiandankmemes,1632825313,2021-09,"Question about freedom of speech, no profanity or hate speech.",0,0,0,0,0,0,0
hekvhtc,I saw it jab mere papa na kisi thele se CD layi thi. Tab mai bahut chhota tha but i remember watching it everyday with my cousins in summer,saimansays,1632825331,2021-09,"Nostalgic memory, no profanity or hate speech.",0,0,0,0,0,0,0
hekvhu3,"Yes maine dono songs sune hai scooby k , 
Jo maire time pe aata tha cn india wala wo best period tha cn ka , uske baad se level girta chala gaya , hindi wale cn ka bhi or english wale ka bhi. Even disney k jo shows aate the wo b us time k bahut gazab the , aladdin ki hindi dubbing ab tak ki india ki one of the best, youtube pe search kar dekhna , aladdin episodes hindi.",chodi,1632825332,2021-09,"Nostalgic discussion about TV shows, no profanity or targeted abuse.",0,0,0,0,0,0,0
hekvhy9,Well guess what people ( including me) are thinking something else. Sorry I misunderstood.,indiandankmemes,1632825334,2021-09,"Apology and clarification, no offensive content.",0,0,0,0,0,0,0
hekvj83,Jao fir Olympics ki tayaari karo yaha kyu mara rhe ho,indiandankmemes,1632825362,2021-09,"Sarcastic remark telling someone to prepare for Olympics, no profanity or targeted abuse.",0,0,0,0,0,0,0
hekvldb,"There will always be the ones who criticize them no matter what but for me personally when they are well rooted, they feel more authentic.",bollyblindsngossip,1632825408,2021-09,"General statement about criticism, no offensive content.",0,0,0,0,0,0,0
hekvlke,Achha hai main andha hu.,indiandankmemes,1632825412,2021-09,"Self-deprecating remark, no profanity or targeted abuse.",0,0,0,0,0,0,0
hekvlkh,Well these points are good but 4&amp;5 points are look like already been practiced in Islamic countries I think we can do a little bit better,chodi,1632825412,2021-09,"Criticism of Islamic countries, but not dehumanizing or hateful.",0,0,0,0,0,0,0
hekvlqy,"I meant radical religious people who demand for making a country Christian or muslim.
How does the standard of living come in the argument??
 I am using the word chutiya for their opinions not for their standard of living.
A country should be secular",chodi,1632825416,2021-09,"Uses profanity 'chutiya' but directed at opinions, not a person, and clarifies. No targeted abuse.",1,0,0,0,0,0,0
hekvntu,"Dear friend,

I humbly say, fuck you.
(Edit: that was humour, but what ever)


We are nonetheless working now to remove shit from your sub, so please report shit post,hate speech etc, so that we can clean this place up real good.


Thank you",indiandankmemes,1632825461,2021-09,"Contains profanity 'fuck' and 'shit' but in a humorous/contextual manner, not targeted at a person.",1,0,0,0,0,0,0
hekvq00,same mai bhi yehi socha,indiandankmemes,1632825509,2021-09,"Agreement, no offensive content.",0,0,0,0,0,0,0
hekvq1k,"
&gt;Are rimjobs allowed?

#In Islam? 🤔",chodi,1632825510,2021-09,"Question about religious practices, no profanity or hate.",0,0,0,0,0,0,0
hekvqo8,"&gt;Aur pehla chummi wala scene jab ata tha, koi parent complain kerta phir woh chota sa scene remove ker deta, ab to bilkul hi nahi ata, na woh half nanga scene for wamen, only wamen, cut ker deta hein

This is understandable , apna culture west se alag hai , to bachcho ko us age mai western culture ka galat influence nahi milna chahiye , chummi wala scene cut karna is good imo, par kapdo se related cut karna is not good.",chodi,1632825524,2021-09,"Discussion about cultural differences and censorship, no offensive content.",0,0,0,0,0,0,0
hekvt39,"&gt; Where did the High Court say that the inciting speech was unrelated to the violence?

High court has told it is Islamist conspiracy, not Kapil Mishra conspiracy",unitedstatesofindia,1632825580,2021-09,"Political commentary, no profanity or hate.",0,0,0,0,0,0,0
hekvtde,lol. i am a kashmiri brahmin and we all also eat mutton and non-veg except beef,indiandankmemes,1632825586,2021-09,"Personal statement about dietary habits, no offensive content.",0,0,0,0,0,0,0
hekvtkv,"Jee aur IIT wale please suicide karlo 
 
#yahna apni maa maat chudao",saimansays,1632825591,2021-09,"Contains profanity 'maa chudao' and tells IIT students to suicide, targeted abuse.",1,1,0,0,0,0,0
hekvucl,"&gt;its not exposed place

what

Ranks and Indexes are calculated on raw data? Like homelessness, crime, literacy rates, healthcare institutions per people, mortality rates…

&gt;And the very less population.

Doesn’t change the truth behind the success of them. Population has no bearing on economics because as long as the population density is the same; consumption of media and resources by the populatio regardless of size should match the production of them by the same population.",librandu,1632825607,2021-09,"Discussion about statistics and population, no offensive content.",0,0,0,0,0,0,0
hekvyh9,"Any kind of intelligence...

Artificial, natural or cosmic will say - #Islam is a mental illness.",sham_sharma_show,1632825698,2021-09,"States 'Islam is a mental illness', dehumanizing religious group, hate speech.",0,0,1,0,1,0,0
hekw02g,are bhai mai koi liberandu nahi hu mere purane post dekh le tere email ka kuch nahi karunga mai,chodi,1632825731,2021-09,"Defensive statement, no profanity or hate.",0,0,0,0,0,0,0
hekw05h,"what i’ve noticed with law roach is that he works better with very thin and lean bodies (like zendaya, anya taylor joy) those are his only clients beside other thin ones who pulls off his vision. he doesn’t seem like the perfect fit for PC because he doesn’t take her figure in consideration, i also saw his recent works with Kerry Washington which also looked a bit flat and messy to me. not to mention he’s also styling addison rae who is known for wearing ugly outfits. it’s also notable to mention that before the stylist gets to put them on any clothes the clients have to approve them so in this case i think PC and law’s personal interest are clashing",bollyblindsngossip,1632825733,2021-09,"Fashion critique, no offensive content.",0,0,0,0,0,0,0
hekw13h,It's my name... I know what it means.,indiandankmemes,1632825752,2021-09,"Statement about name meaning, no offensive content.",0,0,0,0,0,0,0
hekw1nn,"No. Sorry bro. I was just asking. Keep doing what you gotta do. Religion only reform with criticism. 

My religion considers menstruation as toxic and won't let women going through it touch anything. It'll only reform if we challenge it(I'm a Jain).",indiandankmemes,1632825764,2021-09,"Discussion about religious reform, no offensive content.",0,0,0,0,0,0,0
hekw2jf,Insta Normie nikal ja yaha se.,indiandankmemes,1632825784,2021-09,"Calling someone 'Insta Normie' is a generic insult, not targeted abuse or hate speech.",0,0,0,0,0,0,0
hekw5pr,What is this behaviour you son of a Faruqui,chodi,1632825851,2021-09,"Insult directed at a person using a mild profanity, but not identity-based.",1,1,0,0,0,0,0
hekw97v,3rd meme in a row what's happening here about canada😳,saimansays,1632825923,2021-09,"Neutral comment about memes, no offensive content.",0,0,0,0,0,0,0
hekw9dk,Nhi bhai mai mature nhi hu bachcha hu,chodi,1632825926,2021-09,"Self-deprecating comment, no offense.",0,0,0,0,0,0,0
hekwbfk,"BJP has Muslim members in it.

Is BJP Islamist now?",unitedstatesofindia,1632825971,2021-09,"Political question about BJP, no hate speech.",0,0,0,0,0,0,0
hekweid,"It's your logic, so if it's delusional it comes from your delusion.

So is BJP Islamist or not?",unitedstatesofindia,1632826038,2021-09,"Political argument, no hate speech.",0,0,0,0,0,0,0
hekwev7,"Bhai Dopamine abuse ke sanket lag rahe hain. Jub bohot lumbe time tak regular porn pe masturbate karo to dimag bore ho jata hai. Yahi wajah hai ki logon ko azzeb se kink aur fetishes start ho jate hain. Teri bhi yahi problem hai shyd. Agar tu sure hai ki tu straight hai, to kuch time ke liye nofap try kar. Jaise hi tera Dopamine system theek hoga ; tu fir se normal porn pe hard hone lagega. 

https://youtu.be/nifikYWTOn0   video for better understanding.",saimansays,1632826045,2021-09,"Discussion about porn addiction and sexuality, no offense.",0,0,0,0,0,0,0
hekwh71,Mera bhi agar jee clear na hua toh mai bhi chala jauga. Mere bhua ke 2 ladke chale gaye ab mama ka ladka iss saal jaa raha hai,saimansays,1632826095,2021-09,"Personal anecdote about career, no offense.",0,0,0,0,0,0,0
hekwi3s,"It's sad how much xenophobia is ingrained into this 'culture' raksha. Hinduism as a culture itself only came into existence through conquest and/or integration of several regions through ancient India. Fireworks from china, marigold from Mexico, electricity through the British, etc. are also so ingrained in tradition now. Those knuckle scraping idiots are just fueled by political incentive and safeguard things they don't understand, nor do they try. Bunch of WhatsApp forward uncles ruining things for all of us.",indiandankmemes,1632826113,2021-09,"Criticism of xenophobia and cultural practices, but not hate speech.",0,0,0,0,0,0,0
hekwj0p,"It's our ignorance we think they don't know what they're doing, they absolutely know much much better than us for sure, yet they have an agenda to fulfill, we have to wonder at their evilness choosing to realize their agendas despite knowing what would happen to those there",chodi,1632826132,2021-09,"Conspiracy theory about agendas, no hate speech.",0,0,0,0,0,0,0
hekwj4v,email nahi dikhega bhai tera anonymous,chodi,1632826134,2021-09,"Informational comment, no offense.",0,0,0,0,0,0,0
hekwl1e,"Now I desperately want to know what that priest suggested.

Edit:- after reading your edit, I feel awkward for asking about that story.",indiandankmemes,1632826172,2021-09,"Curiosity about a story, no offense.",0,0,0,0,0,0,0
hekwlpf,To maine kb bola hsne ke liye?,dankinindia,1632826186,2021-09,"Question, no offense.",0,0,0,0,0,0,0
hekwn9e,mujhe nahi pata mai toh bas thoda sunta hun :p,saimansays,1632826218,2021-09,"Casual comment, no offense.",0,0,0,0,0,0,0
hekwoyf,Are mujhe samjha maine hi banaya hain mujhe laga tu bol raha hain ki mere me gooda hain(I have balls),chodi,1632826251,2021-09,"Clarification, no offense.",0,0,0,0,0,0,0
hekwp2k,"Thanks for writing this post. Honestly I am getting bored with all the celebrity bashing that’s happening here. Yes this is a gossip sub but bashing a celeb isn’t gossiping. So what if Priyanka or Deepika or anyone in Bollywood is a hypocrite? You don’t like their posts or interviews, move on! Don’t watch it or follow them. Why criticise someone just for the sake of it?",bollyblindsngossip,1632826254,2021-09,"Criticism of celebrity bashing, no offense.",0,0,0,0,0,0,0
hekwsqn,Jab nabi mohammad salallahuwallehiwassalam ne khud queer'ran nahi padhi toh hum padh k kya karenge,chodi,1632826330,2021-09,"Sarcastic comment about religious text, no hate speech.",0,0,0,0,0,0,0
hekwtcx,What I need to fix saibot..,saimansays,1632826342,2021-09,"Question, no offense.",0,0,0,0,0,0,0
hekwu28,Lets have two festivals one to pollute Air and other to waste Water killing millions of animals.........and yes muslim bad as they kill goat.,indiandankmemes,1632826355,2021-09,"Sarcastic comment about festivals and animal sacrifice, but not hate speech.",0,0,0,0,0,0,0
hekx0rq,"China have monopoly on Anime in Asia that is why like Animelab and Funimation by Sony will never come to India but Instead we can get Bilibili if Government stop banning every Chinese app plus Sony invested on Bilibili too and we used to have Animax Channel but because of Sony India Picture new Ceo Np Singh , Animax got closed in India.",indiandankmemes,1632826496,2021-09,"Discussion about anime streaming, no offense.",0,0,0,0,0,0,0
hekx0zn,Subhanallah,indiandankmemes,1632826501,2021-09,"Religious exclamation, no target or profanity.",0,0,0,0,0,0,0
hekx22p,"Really? Clapping for someone who read from a damn tablet? A high school student who is very interested in public speaking can pull that off... Sure the “silly remarks” are fine for friends and family... a father calling his son “champ” isn’t wrong even if his son hasn’t achieved anything yet... but the entire Indian society applauding a DIPLOMAT for reading from a damn tablet!! Saying what you are told to say is the least you can expect from a diplomat.

Edit: setting the bar low for “heroes” does have negative consequences... people will start to idealise them and consider there actions as something to follow.",chodi,1632826523,2021-09,"Criticism of public reaction to a diplomat, no personal attack or identity basis.",0,0,0,0,0,0,0
hekx518,"Can you tell what has she done that's more significant than Sophie's work in America, leave aside the trendz thing. Because in that manner no one on the face of America should know who Brad Pitt is.",bollyblindsngossip,1632826585,2021-09,"Questioning achievements, no profanity or personal attack.",0,0,0,0,0,0,0
hekx7lc,What is your use saibot?,saimansays,1632826638,2021-09,"Questioning someone's use, no profanity or attack.",0,0,0,0,0,0,0
hekx9d9,"The way sharia police is active in Muslim areas, we definitely need bajrang dal at street level. Hindus will be more than happy to contribute to bajrang dal to counter those street jihadis.",chodi,1632826675,2021-09,"Calls for countering 'street jihadis' with Bajrang Dal, dehumanizing Muslims as a class.",0,0,1,0,1,0,0
hekxbvl,what if we just stop caring what gender someone is? ever considered that?,dankinindia,1632826728,2021-09,"Advocating gender neutrality, no attack.",0,0,0,0,0,0,0
hekxgxe,"Why would I disagree on making ourselves stronger?

""Asking for reparations is what a cuck does in my opinion.""

There's something deeply messed up within you",desimeta,1632826833,2021-09,"Quoting someone's opinion and calling it messed up, no profanity or personal attack.",0,0,0,0,0,0,0
hekxh7i,"I think people are very polarising on such stuff.



When they want to defame they defame celebs so passionately. But on the other side when they want to congratulate someone then also they do it passionately. Like when Dhanush was casted in Russo Brother's next movie people praised it like a very very big achievement.




Also, I don't think the backlash towards Rajamouli after his Parasite comment wasn't about Indians. Even Martin Scorsese faced backlash in his country after he criticised Marvel movies. 



The difference is Scorsese explained his points very well and then people came to his support while Rajamouli's comment were somewhat distasteful.",bollyblindsngossip,1632826839,2021-09,"Discussion of public reactions, no attack.",0,0,0,0,0,0,0
hekxkgg,That's what meme is about.,indiandankmemes,1632826906,2021-09,Neutral statement about memes.,0,0,0,0,0,0,0
hekxljc,I don't wanna judge before the movies come out..but I would like a more grounded story rather than forcefully adding gods or what not (stares at flying jatt),saimansays,1632826928,2021-09,"Opinion on movie storytelling, no attack.",0,0,0,0,0,0,0
hekxlk6,Mainstream Cinema isn't that good even if it is Malayalam industry. So its not surprising for me.,bollyblindsngossip,1632826928,2021-09,"Criticism of Malayalam cinema, no personal attack or identity slur.",0,0,0,0,0,0,0
hekxmfv,"Tell me how secularism is drama
What is wrong with it?",chodi,1632826946,2021-09,"Questioning secularism, no attack.",0,0,0,0,0,0,0
hekxnad,"&gt;Considering that rioters were brought on trucks from other states and were helped by police, the conspiracy seems to be from the party controlling the police.

what's wrong with you people who say things like ""allowed protests""? excuse me, do you not understand anything at all about politics and democracy in the modern world? do you think the government has the right to allow and disallow protests? that's not how protests work.",unitedstatesofindia,1632826963,2021-09,"Political commentary on protests, no personal attack.",0,0,0,0,0,0,0
hekxngk,Assurance? Those ISIS mullahs also give assurance to young boys that they'll get Jannat. Y'all know how those things go,indiandankmemes,1632826967,2021-09,"Compares assurances to ISIS mullahs, dehumanizing Muslims as a class.",0,0,1,0,1,0,0
hekxolx,Ok. But really what even is biryani without chicken or mutton.,indiandankmemes,1632826989,2021-09,"Food discussion, no attack.",0,0,0,0,0,0,0
hekxs3g,Toh main kya karun?,saimansays,1632827060,2021-09,"Rhetorical question, no attack.",0,0,0,0,0,0,0
hekxsi5,"yess it's common to maithil brahmans too and stop with that tagging onto [people.giving](https://people.giving) up non veg was an act to promote spiritual growth,wich in today's world is scarce,and as of non veg...bro it's tough to say that the cake you eat and the ones that claim to be PURE VEG WITHOUT EGG are actually pure.

can't get the consistency without it.",indiandankmemes,1632827068,2021-09,"Discussion of dietary practices, no attack.",0,0,0,0,0,0,0
heky0hy,#Teacher: Main thumhe asa padaugi ki zindagi bhar nhi bhuloge 😏,chodi,1632827226,2021-09,"Teacher's playful threat, no profanity or attack.",0,0,0,0,0,0,0
heky1xi,"can confirm 


source meri post history dekhle bhai mai Islamaphobic hu",saimansays,1632827255,2021-09,"Self-identifies as Islamophobic, no direct attack.",0,0,0,0,0,0,0
heky27i,"By experienced ones, I believe you mean sages, gurus etc. Well, sages and enlightened men do not need  to memorise for oral recitation because they 'know'. That is the whole point of Kevalya or moksha - to know.
Oral tradition is only to preserve for posterity and to propagate among masses. No experience required to become the carrier of hindu texts orally. 
Brahmins do not spout nonsense/ You seem to not know/understand Hindu emphasis on sound and vibrations, Nada yoga and how japa and mantras work. Also, brahmins go through rigorous training for years to perfect their chanting. 
If you consider logic and science as separate from dharma, how much of dharma have you even understood. Dharma is not about experience, it's about knowing. (Though not sure what exactly you meant by experience there.) And it is definitely within the limits of our mental faculties, that's why we know of it. 
Dharma entails individual's quest for truth. Truth is unchangeable, that's why it's called truth.",indiandankmemes,1632827261,2021-09,"Discussion of Hindu texts and dharma, no attack.",0,0,0,0,0,0,0
heky283,"""What the hell happened here? """,saimansays,1632827261,2021-09,"Exclamation, no profanity or target.",0,0,0,0,0,0,0
heky3kl,"So what branch of Hinduism do you follow? 
People who worship Lord Ganesha believe that he exists, without any doubt, and don't call him a mythological creature.
So people who don't worship Ganesha, because they doubt his existence, and also are hindu, must be following either atheistic branch of Hinduism, or called Charvaka or Mimamsa.",indiandankmemes,1632827289,2021-09,"Discussion of Hindu philosophy, no hostility.",0,0,0,0,0,0,0
heky4zz,Aur bihar me maid chafe khulenge :),saimansays,1632827317,2021-09,"Sarcastic comment about Bihar, no clear target or slur.",0,0,0,0,0,0,0
heky66c,"Who says it is on Hindus??
Numerous of times I have criticised people who promote the radical ideas of Islam and Christianity.
I am against Christian Missionaries and I am also against Madras.
If someone just wants Hindus to be secular then he is clearly a hypocrite.
If you would have posted the same thing but instaed of demanding a Hindu rahstra if you would have demanded an Islamic nation , I would have criticised it too.",chodi,1632827340,2021-09,"Political commentary, no personal attack or hate speech.",0,0,0,0,0,0,0
d0dp4ah,Casuals only apply what? Lotion? Or jam in toast?,bakchodi,1456432666,2016-02,"Rhetorical question, no profanity or target.",0,0,0,0,0,0,0
h84xdbl,True par ye logic toh literally har ek joke ke saath apply ho raha hai ... Kisi bhi cheez ko mainstream hote der nahi lagti,saimansays,1628397920,2021-08,"General observation, no profanity or target.",0,0,0,0,0,0,0
h84xdxd,"""Aur yeh opening jodi Hitman Sharma aur Gabbar Dhawan""

""Aur abhi maidan pe enter karte hue King Kohli""

"" Gagan chummi chakka Mahendra Bahubali Dhoni dwara""

"" Aaj toh mahi form me lag rahe hai, mahi maar raha hai """,dankinindia,1628397931,2021-08,"Commentary on cricket, no profanity or target.",0,0,0,0,0,0,0
h84xf7t,Ye 'sanghi' kya h?,indiandankmemes,1628397955,2021-08,"Asking meaning of 'sanghi', no hostility.",0,0,0,0,0,0,0
h84xfdo,"Ye log kisi jihadi se kam nhi, sab ke sab katmulle ke chode",indiandankmemes,1628397958,2021-08,Hate speech targeting Muslims with profanity.,1,1,1,0,1,0,0
h84xged,No it's fully shit. What that dumbass Eren did was for nothing,saimansays,1628397977,2021-08,"Profanity and insult directed at fictional character, not a real person.",1,0,0,0,0,0,0
h84xjc3,Main dhaniya lene gyaa tha first time idhar to Parsley leke aaya tha,unitedstatesofindia,1628398030,2021-08,"Humorous anecdote, no profanity or target.",0,0,0,0,0,0,0
h84xoke,"Yes hindu nationalism ka matlab bhi pata hai laude matlab u hold hinduism above all religion and hold it above others and think ur superior 
Which is pure definition of a facist person but i dont think neeraj is a hindu nationalist samjhe bhakt gand",indiandankmemes,1628398118,2021-08,"Political criticism with profanity, no personal attack.",1,0,0,0,0,0,0
h84xq1m,I know i am gonna get roasted but whats the meaning of 'sanghi'?,indiandankmemes,1628398142,2021-08,"Asking meaning of 'sanghi', no hostility.",0,0,0,0,0,0,0
h84xulb,Oh I initially thought it to be a sarcastic comment when the cops said she has mental issues. but I seen somone close with psychosis all the life.... she is 100% suffering from more than one severe mental condition.... she needs psychological treatment right away.... she can do anything even fatally harm herself or someo6 else... who will take responsibility is someone dies... everyone will just goin ranting whatever is the case... this is so sad man.,dankinindia,1628398220,2021-08,"Concerned discussion about mental health, no profanity or target.",0,0,0,0,0,0,0
h84xy2g,What exactly chutzpah means? Gaali lag raha hai,bollyblindsngossip,1628398281,2021-08,"Asking meaning of 'chutzpah', no hostility.",0,0,0,0,0,0,0
h84xzfp,"The prevalence of warcrimes does not justify them. But sure, pick whatever cherries help keep your flimsy fantasy together.",librandu,1628398305,2021-08,"Political debate, no profanity or personal attack.",0,0,0,0,0,0,0
h84xzzm,What is that?,dankinindia,1628398315,2021-08,"Question, no profanity or target.",0,0,0,0,0,0,0
h84y0s6,Ek paan thookna is absolutely nothing compared to what large industries do on a daily basis.,saimansays,1628398329,2021-08,"Comparison, no profanity or target.",0,0,0,0,0,0,0
h84y28u,Whats Sanghi?,indiandankmemes,1628398356,2021-08,"Asking meaning of 'Sanghi', no hostility.",0,0,0,0,0,0,0
h84y4b0,Abbey chootiye loktantra uska gold medal nahi uska sanghi mindset aur bigotry barbaad karti hai. Koi link nahi dono main.,librandu,1628398394,2021-08,"Profanity and insult directed at a person, no identity basis.",1,1,0,0,0,0,0
h84y61n,"Wow, so you wouldn't acknowledge someone's extraordinary achievement because of their political views. What dumbasses.",indiandankmemes,1628398425,2021-08,"Criticism of people's behavior, no profanity or targeted abuse.",0,0,0,0,0,0,0
h84y768,btw wasn't china the same or worse than India at one point of time ? bruh if we could have grabbed on opportunities faster than China back in 1950s to 60s we would have been one of the best country in the world :/,saimansays,1628398445,2021-08,"Discussion of historical comparison, no profanity or hate.",0,0,0,0,0,0,0
h84y9bh,Lol salty musanghis,desimeta,1628398485,2021-08,"Political slang 'musanghis' used mockingly, no profanity or hate.",0,0,0,0,0,0,0
h84yeqh,"Yeah what a piece of sh-- he is. Shame! Aise logon ko aur sar par bithao, public is really retarded. 

He rode on the coattails of Rajini, married the pregnant girl (Naidu Hall baby) because Selva Raghavan owed money to Rajini. Now he is the epitome of class and good behavior acc to his fans",bollyblindsngossip,1628398586,2021-08,"Profanity and personal insults directed at a public figure, including 'retarded'.",1,1,0,0,0,0,0
h84yflw,"Sanghis and hinutvawadi chodes don’t hate Islamic radicals or China, they just envy them and their totalitarianism.",librandu,1628398602,2021-08,"Political insult 'chodes' used, no identity-based hate.",1,0,0,0,0,0,0
h84yjn6,"Or maybe because meat stinks super bad. Many Jains can't even handle the smell of burnt flesh. That poor animal was once a living being. 

And meat eating is not limited to just Muslims, so that's why Jains avoid living among Christians and Sikhs/Buddhists too. Muslim percentage is just higher because once is more likely to encounter Muslims than Christians or Sikhs in India.

That's why Jains mostly try to make their own societies, where they buy up houses in a locality and only rent it to vegetarians. Nothing wrong with this, and this doesn't bother anyone.",librandu,1628398678,2021-08,"Discussion of dietary habits, no profanity or hate.",0,0,0,0,0,0,0
h84ym1q,"Bruh I'm watching this literally 1 min after fapping and thinking like ""Yah thats right""",saimansays,1628398722,2021-08,"Self-referential comment, no profanity or hate.",0,0,0,0,0,0,0
h84ymcn,"What is mauve?

&amp;nbsp;

[Quote Sauce](&lt;https://youtu.be/kRnLpY7YbS4/?t=00h02m16s&gt; ""A rick-roll for sure"")
***
^^I ^^am ^^back ^^from ^^the ^^store ^^son. ^^I ^^reply ^^to ^^Bhendi, ^^Timothy, ^^Saiman ^^or ^^Saibot ^^^[Know&amp;nbsp;more](https://redd.it/fvkvw9)",saimansays,1628398727,2021-08,"Question about a word, no profanity or hate.",0,0,0,0,0,0,0
h84ynlu,A sanghi is supposed to be an insult to anyone who supports the right wing government. Neeraj Chopra seems to be an ardent supporter of the right wing government in India which is why the Indian liberals are having a meltdown.,canconfirmiamindian,1628398750,2021-08,"Political commentary, no profanity or hate.",0,0,0,0,0,0,0
h84ypsi,"What a joke, has DaBaby in her name, who himself was arrested for illegal firearm possession earlier this [year](https://www.theguardian.com/music/2021/jan/08/dababy-arrested-possession-loaded-handgun-rodeo-drive-los-angeles).
They hate India and find some excuse to justify it.",indiadiscussion,1628398792,2021-08,"Criticism of a person, no profanity or hate.",0,0,0,0,0,0,0
h84yuf5,Well whatever you are imagining is still better than dilbar,indiandankmemes,1628398876,2021-08,"Comparison, no profanity or hate.",0,0,0,0,0,0,0
h84yvig,"imagine your country just won an olympic gold medal in athletics first time, and all your mind tells you to do, is to somehow criticize Mudizee using it

Lmao, he lives in heads of libzattus more than he does in Bhakts'",unitedstatesofindia,1628398897,2021-08,"Political mockery, no profanity or hate.",0,0,0,0,0,0,0
h84z0dm,"&gt;Next in series write about massacre of hindus in bengal, bihar &amp; orissa by maratha army.


Not a bad idea

&gt;And then massacre of hindus &amp; especially brahmins in Pune when Holkar rebelled against then Peshwa rendering the Peshwa helpless, making him a british vassal.

1) Gib source of massacre

2) Yashwantrao didn't ally with Bajirao 2 because the latter plotted to kill him and take over his kingdom. Bajirao 2 was reckless and cruel, and has been criticized amply by historians.",librandu,1628398990,2021-08,"Historical discussion, no profanity or hate.",0,0,0,0,0,0,0
h84z1d9,"yee, lets value what his coach whose salary was not increased said more than something the guy himseld literally tweeted

libzattus in ultra cope mode",unitedstatesofindia,1628399009,2021-08,"Political commentary, no profanity or hate.",0,0,0,0,0,0,0
h84z3am,What is a sanghi?,desimeta,1628399048,2021-08,"Question about a term, no profanity or hate.",0,0,0,0,0,0,0
h84z55u,Deskbhakti music in the background,indiandankmemes,1628399082,2021-08,"Comment on music, no profanity or hate.",0,0,0,0,0,0,0
h84z60q,What is a liberandu?,desimeta,1628399098,2021-08,"Question about a term, no profanity or hate.",0,0,0,0,0,0,0
h84z8n2,"Sach mein, 10th mein 98.8 percent aagye hain but 11th mein main allen ki classes hi nhi complete kar pa rha. Roz teen live classes aati hain, recorded bhi avilabale ho jaati hain, main 2 hi recorded dekh raha hoon, aur meri purani bhi rehti hain",saimansays,1628399147,2021-08,"Personal academic struggle, no profanity or hate.",0,0,0,0,0,0,0
h84zan6,"Playing devil's advocate here- perhaps Neeraj didn't know the entire facts of the case and tweeted in his support. And later on didn't pay much heed to, and instead of spending his time on the internet, and behaving like Rathee-Anshul decided to focus on his sport and straight up got a gold medal.

Sanghi ho ya na ho, medal to medal hain; and this is the only post in the subreddit with which I would disagree. I really don't give a fuck about his political stance, he got the top crop in his first olympics, scripted history for the country, and regardless of political ideologies, made the country proud. That's all that matters.",librandu,1628399187,2021-08,"Discussion of athlete's political stance, includes profanity but not targeted.",1,0,0,0,0,0,0
h84zaxd,"No i m not contradicting shit. The point I m trying make it cross to you he got bad day looked in pain to me. And You trying demean one of greatest athlete of time and he himself told that feel similar to indoor stadiums he practices. He had bad day just take what is 
If mat was that bad 87.58m would not been achieved",saimansays,1628399192,2021-08,"Defense of athlete, no profanity or hate.",0,0,0,0,0,0,0
h84zk4r,"Liberals use it for anyone who supports any gesture by the present govt.

Applaud Modi for literally anything: you’re now a sanghi",indiandankmemes,1628399374,2021-08,"Political critique using 'sanghi' as a label for supporters, not tied to religious identity.",0,0,0,0,0,0,0
h84zku2,"You cant shit on bollywood as a whole man,  The problem is the mainstream bollywood like the likes of karanjohar, salman khan are making cringe movies but the films that are not made on a larger scale except comedies , are actually good. Bollywood has given great films too, you cant deny that. Coming to item songs, you would find them only in the ""Masala"" genre movies",indiandankmemes,1628399387,2021-08,"Discussion about Bollywood and item songs, no personal attack or identity-based hate.",0,0,0,0,0,0,0
h84zmnj,"Bhai yeh Twitter ban hona chahiye. Yeh berozgaar log Twitter par akar sabko cancel karne mein lage hein. Bhai, Kya farak padta hai agar Apna bhai sanghi hai ya aur kuch, Medal laya na. Baat khatam. Kitne fake log hein ye.",indiandankmemes,1628399424,2021-08,"Criticism of Twitter users and use of 'sanghi' as political label, no religious hate.",0,0,0,0,0,0,0
h84znyb,"That used to be the defination. Now a days you support your country or country policy or say anything good relating to govt of India, you are a sanghi",canconfirmiamindian,1628399451,2021-08,"Political commentary on the term 'sanghi', no personal attack or hate.",0,0,0,0,0,0,0
h84zrek,I don't know what sanghi means and wasn't saying that being one is wrong. I just said even to mention the idological clash btw him and all those refusing to celebrate his victory,indiandankmemes,1628399519,2021-08,"Discussion about ideological clash, no hate speech.",0,0,0,0,0,0,0
h84ztuk,"it seems like an offensive meme, but mujhe kya ? It is super funny and main thhoda thhoda misogynist hoon",indiandankmemes,1628399567,2021-08,"Self-deprecating humor about being misogynist, no target or hate.",0,0,0,0,0,0,0
h84zxpo,"Can confirm, am Jain.

  Many Jains can't even handle the smell of burnt flesh. That poor animal was once a living being.And meat eating is not limited to just Muslims, so that's why Jains avoid living among Christians and Sikhs/Buddhists too. Muslim percentage is just higher because one is more likely to encounter Muslims than Christians or Sikhs in India.That's why Jains mostly try to make their own societies, where they buy up houses in a locality and only rent it to vegetarians. Nothing wrong with this, and this doesn't bother anyone.",librandu,1628399642,2021-08,"Explaining Jain dietary practices, no hate speech.",0,0,0,0,0,0,0
h850474,What about baby doll?,indiandankmemes,1628399770,2021-08,"Question about a song, no hate.",0,0,0,0,0,0,0
h8506i3,Krrish is an anime character. His power comes from family. So it's whatever the plot requires,bollyblindsngossip,1628399815,2021-08,"Comment about anime character, no hate.",0,0,0,0,0,0,0
h85099c,Uncle yaar whatsapp par block kar diya to reddit par aa gye aap to .,dankinindia,1628399870,2021-08,"Friendly banter, no hate.",0,0,0,0,0,0,0
h850ew8,Bhai hai caste mai hote hai  sab hi toh hai insaan,dankinindia,1628399979,2021-08,"Statement about caste, no hate.",0,0,0,0,0,0,0
h850gmy,"11th mai depression? Aisa kya aa gya 11th mai, ya phir saare yaha jee neet k aspirants bhare pade h",saimansays,1628400013,2021-08,"Question about depression in 11th grade, no hate.",0,0,0,0,0,0,0
h850j04,"One of those from a verified account...what a shame. Even that Nadeem guy was far far better in appreciating Neeraj in his tweet.

https://twitter.com/ArshadNadeemPak/status/1424008557461114880?s=19",desimeta,1628400060,2021-08,"Criticism of a verified account, no hate.",0,0,0,0,0,0,0
h850lo5,The golden what?,bollyblindsngossip,1628400114,2021-08,"Question, no hate.",0,0,0,0,0,0,0
h850tok,"Dude I do support good Bollywood movies. And there are some I've personally liked a lot, names of which you probably haven't heard in your lifetime. 


I have a problem with people like you who don't understand someone's opinion and come to blabber whatever you've heard elsewhere. And opinion is not an offense dude. Don't take it so personally.",indiandankmemes,1628400277,2021-08,"Defending opinion, no hate.",0,0,0,0,0,0,0
h850tu5,Classic India TV- yahi ek hain zee news ke alawa top tier shitposter,librandu,1628400281,2021-08,"Comment about news channel, no hate.",0,0,0,0,0,0,0
h85121z,Noob question: what is exactly the reason for discord between SRK and Selmon?,bollyblindsngossip,1628400447,2021-08,"Question about celebrities, no hate.",0,0,0,0,0,0,0
h8512tb,That's what i was thinking,saimansays,1628400463,2021-08,"Agreement, no hate.",0,0,0,0,0,0,0
h85142q,Arre papa ye whatsapp nhi h,dankinindia,1628400489,2021-08,"Joke about WhatsApp, no hate.",0,0,0,0,0,0,0
h85150v,"\*looks at modiji ke bhakts\* 

yep",saimansays,1628400509,2021-08,"Sarcastic comment about Modi supporters, no hate.",0,0,0,0,0,0,0
h85167n,What the fuck. What in the actual fuck . Also what the fuck does sanghi mean.,indiandankmemes,1628400533,2021-08,"Profanity used as exclamation, no clear target.",1,0,0,0,0,0,0
h8517qr,"USA GETS 100+ MEDALS LIKE VAHA PE YE SB NORMAL H CHALTE FIRTE AAJATE H 

BRUH THEY ARE SO GOOD AT IT MAIN REASON H KI BASEBALL KI SB NI CHAATTE H AUR SAARE CHEEZON KI EQUAL RESPECT H WHETHER SPORTS,SINGING OR DANCING OR ANY OTHER THING ARTISTS ARE F-ING PERFECT!

AND NOTHING'S OVERHYPED",saimansays,1628400563,2021-08,"Positive commentary on USA, no profanity or hate.",0,0,0,0,0,0,0
h8519am,"Definition of a liberal: Rrelating to or denoting a political and social philosophy that promotes individual rights, civil liberties, democracy, and free enterprise

But these so called liberals in India slectively oppose hindu traditions and festivals. They rant about govt supressing free speech of muslims but they oppose any sane person presenting facts(for eg they mass reported many right leaning twitter accounts). So ""Liberals"" of india are not true liberals but pseudo-liberals or librandus.",desimeta,1628400595,2021-08,"Political critique of liberals, no hate speech.",0,0,0,0,0,0,0
h851f6j,"Wow, it can be viewed as satire but you see what sub you’re on and realise it’s not.",librandu,1628400714,2021-08,"Meta-commentary on subreddit, no hate.",0,0,0,0,0,0,0
h851gfn,What was wrong with image?,librandu,1628400739,2021-08,"Neutral question, no hate.",0,0,0,0,0,0,0
h851gyk,Physics wallah👌,indiandankmemes,1628400750,2021-08,"Positive mention, no hate.",0,0,0,0,0,0,0
h851sn4,Exactly my point. And he aint that doting to me. Mostly what he does is making headlines for pinkvilla and all by talking about deepika. It all seems really fake to me. I bet they havent talked to each other as much as we people here engage with eachother,bollyblindsngossip,1628400989,2021-08,"Personal opinion about a celebrity, no hate.",0,0,0,0,0,0,0
h851tz6,Abey sale bhosadike rss ke chode tere jaise facists je wajah se gate failta hai india mein shame on u for hating muslims for being muslims,indiandankmemes,1628401017,2021-08,"Profanity and personal abuse directed at a group, with religious hate.",1,1,1,0,1,0,0
h851u23,Ismain bollywood kahan se aa gaya?,librandu,1628401019,2021-08,"Neutral question, no hate.",0,0,0,0,0,0,0
h851vob,Toh baata na do u hate all muslims ?? Arent u a supporter of rss,indiandankmemes,1628401052,2021-08,"Questioning political affiliation, no hate.",0,0,0,0,0,0,0
h851vyc,For all they did is reporting the rising covid cases so what's the point of hatred here?,indiandankmemes,1628401058,2021-08,"Questioning hatred, no hate.",0,0,0,0,0,0,0
h851y4p,"Supporter of RSS ka matlab hating on Muslims kabse ho gya, ye bata",indiandankmemes,1628401105,2021-08,"Questioning political affiliation, no hate.",0,0,0,0,0,0,0
h851zqx,"I never really got pissed or anything. Idk what your point is. All I did was ask why you hate him because without reason it sounds unnecessary. I'm not defending him, like what you like as long as it's not bad. Surya isn't even my favourite YouTuber, Charlie is. Also, when you have a subcontinent of 1.7 billion people and huge number of biased cricket fans, it's not hard to reach 2.5 billion worldwide. 

&gt;Intellectual discussion

Yes, I unironically like debates.",saimansays,1628401139,2021-08,"Discussion about cricket and YouTubers, no hate.",0,0,0,0,0,0,0
h8520zw,"Let them whine. MFs must've had been a pus'y when they went to Central-northern India and everyone called em momos and other racist stuff.

Now can't be ""rowdy"" everywhere, so let it be on Internet atleast. Otherwise those pus'ies won't be able to maintain their mental health 

/s",saimansays,1628401165,2021-08,"Profanity and vulgarity, but no clear target; sarcastic commentary.",1,0,0,0,0,0,0
h8522pd,"You are what you do, not what you say you'll do \~ Carl Jung",dankinindia,1628401201,2021-08,"Quote, no hate.",0,0,0,0,0,0,0
h8523nv,Librandus are full of double standards . It's actually funny how they're basically doing what they criticize about,indiadiscussion,1628401221,2021-08,"Political critique, no hate.",0,0,0,0,0,0,0
h8525k6,"OMG the line where he sings “main teri chugli karunga” I thought he said “main teri *ungli* karunga” and well, when you translate it into English I literally clutched my pearls. Haha took several listens to realize/hear “chugli”",bollyblindsngossip,1628401259,2021-08,"Humorous comment about lyrics, no hate.",0,0,0,0,0,0,0
h8526xp,"GALAT LIKHO TOH PROBLEM
SAHI LIKHO TOH PROBLEM

Hamare desh me doosron ko boht judge kiya jata hai, sab aurat bane baithe hain yahan................ Besides I'm not a Deepika Padukone fan.",bollyblindsngossip,1628401287,2021-08,"Criticism of society, no hate.",0,0,0,0,0,0,0
h8526xt,"Wtf bhai tu pike aya hai ??? 
Rss leaders have written books on how muslims,Christians and liberals are all bad elements of this country and that they shd be thrown out of their own country",indiandankmemes,1628401287,2021-08,"Profanity and political accusation, no clear target.",1,0,0,0,0,0,0
h8527ni,What nonsense is this? This is either a troll post or you should reflect on your critical reasoning skills.,librandu,1628401302,2021-08,"Criticism of post, no hate.",0,0,0,0,0,0,0
h8527ro,"What!!! a demonstration of ""religion of peace""....hats off",sham_sharma_show,1628401304,2021-08,"Mocking Islam using the phrase 'religion of peace' sarcastically, targeting the religion as a whole.",0,0,1,0,1,0,0
h8527y5,69 upvotes hai main bigadna ni chahta mann bhot hai upvote karne ka,saimansays,1628401308,2021-08,"Comment about upvotes, no profanity or abuse.",0,0,0,0,0,0,0
h852aqf,Oh yeah so killing the entire population of the world would have brought eternal peace on Paradis Island? Eren was under hella lot of stress first of all. He knew what was going down since S3P2 when he kissed Historia's hand in the ceremony. he's seen horrible shit and wasn't able to share this with anyone else and the titan power was basically a burden for him. try to put yourself at his place.,saimansays,1628401367,2021-08,"Discussion of anime character's actions, no abuse or hate.",1,0,0,0,0,0,0
h852cwn,"To bsdk quran mein kya likha hai, Hindu Kafir hai, gala kaat do, vo sab kya hai? pK hai kya",indiandankmemes,1628401412,2021-08,"Profanity and religious hate, accusing Quran of inciting violence against Hindus.",1,1,1,0,1,0,0
h852ps4,"&gt;You can eat a vegan no homo gluten free libturd.

What part of *""I'm not a cannibal""* is your Viraat brain unable to process?",unitedstatesofindia,1628401678,2021-08,"Political insult 'libturd' and profanity, but no identity-based hate.",1,1,0,0,0,0,0
h852rsx,Sanghi matlab?,indiandankmemes,1628401719,2021-08,"Asking meaning of a term, no abuse.",0,0,0,0,0,0,0
h852zzz,Men also beat the shit out of each other in road rage cases. What would they blame then?,saimansays,1628401884,2021-08,"General statement about road rage, no abuse.",1,0,0,0,0,0,0
h8530sb,"Abe saale, kisne bola we hate muslims, agar haramipanti karenge(formation of pakistan), to joota khaenge, agar nahi karenge, to Akbar/Kalaam/Bismillah khan ban jaenge. Simple",indiandankmemes,1628401901,2021-08,"Profanity and threat against Muslims, but framed as conditional, still hateful.",1,1,1,0,1,0,0
h8532ci,Acha. Maine bhi abhi dekha home page pe.,unitedstatesofindia,1628401934,2021-08,Neutral comment about seeing something on homepage.,0,0,0,0,0,0,0
h8537no,What i cant see nothing but a helicopter and some gta v soldiers climbing down to have a beer with me,indiandankmemes,1628402044,2021-08,"Humorous comment about a game, no abuse.",0,0,0,0,0,0,0
h853elm,What does sanghi mean?,indiandankmemes,1628402194,2021-08,"Asking meaning of a term, no abuse.",0,0,0,0,0,0,0
h853mqp,Ohh crap what did Jeff do again I told him to capture  not to have a beer again and yeah I'll have one,indiandankmemes,1628402369,2021-08,"Mild profanity, but no target or hate.",1,0,0,0,0,0,0
h853mzj,What kind of change? Please explain dadaji/dadiji,indiandankmemes,1628402374,2021-08,"Asking for explanation, no abuse.",0,0,0,0,0,0,0
h853s32,"what the fuck does ""Powers which never reached their true destiny"" mean ? Kuch bhi",bollyblindsngossip,1628402483,2021-08,"Profanity, but no target or hate.",1,0,0,0,0,0,0
h853u3o,Jang ke maidan me kade na haarde.... O o oo ooo o,indiandankmemes,1628402526,2021-08,"Song lyric, no abuse.",0,0,0,0,0,0,0
h853w54,All mainstream youtubers who wanna milk,saimansays,1628402568,2021-08,"Comment about youtubers, no abuse.",0,0,0,0,0,0,0
h8542jv,Liberandu twitter mfs on their way to call him out as sanghi,saimansays,1628402702,2021-08,"Political term 'sanghi' used, but no religious hate.",0,0,0,0,0,0,0
h8543m8,What?!! Its not pinned :0,unitedstatesofindia,1628402724,2021-08,Neutral comment about pinning.,0,0,0,0,0,0,0
h8548xc,"Bruh, I think that's somewhat of a watermark so that no one uses the same picture and posts it as their own.",bollyblindsngossip,1628402839,2021-08,Neutral comment about watermark.,0,0,0,0,0,0,0
h854904,"why am i getting downvoted , i just said what my teacher used to say in the past  
Thats not my opinion bruh",saimansays,1628402841,2021-08,"Explaining downvotes, no abuse.",0,0,0,0,0,0,0
h854gfl,mai mango boi ka subscriber ju mai triggered insaan se zyada cute hu,saimansays,1628403000,2021-08,"Self-deprecating comment about being cute, no profanity or target.",0,0,0,0,0,0,0
h854huv,Bhaii Mai Itta Bolra Agar ye Pakistan wali baat nahi kehta to aaj Hindustani bhau nahi hota..,saimansays,1628403030,2021-08,"Hypothetical statement about identity, no attack.",0,0,0,0,0,0,0
h854kbd,Brahmin merit 😂,librandu,1628403083,2021-08,"Sarcastic comment on Brahmin merit, mocking but not hate speech.",0,0,0,0,0,0,0
h854suq,"*Mazaa aaya* .




*Aur mai chahta hu ki ye mazaa poore hindustan ko mile*.",dankinindia,1628403271,2021-08,"Expressing enjoyment, no profanity or target.",0,0,0,0,0,0,0
h854u6w,"Ranveer Singh is a facade. Just like his "" outsider boy who came from nothing"" image. I'm sure he's nothing like what he is in public in real life. I'll give him this he's smart . He knew that he'd be pitted against ranbir kapoor so he basically painted a counter image of RK on himself ( ranveer is extroverted loud and more flamboyant whereas rk is the exact opposite) so that he'd stand out",bollyblindsngossip,1628403298,2021-08,"Critical analysis of a celebrity's public image, no profanity or personal attack.",0,0,0,0,0,0,0
h8552u3,"Isse acha padh hi leta sale unke baare mai  , bas gaand se suni baat bata raha hai. RSS mai aisa to kuch nahi likha",indiandankmemes,1628403483,2021-08,"Profanity used in criticism of a person's knowledge, not targeted at a specific individual.",1,0,0,0,0,0,0
h8556ua,"What I was thinking too, she’s creating a brand image on social media with copyright creatives. Brands are doing the same, right? Congratulating the athletes with their branded take on it.

Edit: I don’t see anything wrong with her doing so.",bollyblindsngossip,1628403565,2021-08,"Neutral observation about branding, no profanity or attack.",0,0,0,0,0,0,0
h8557oa,"What’s amazing is his Army Background.

He’s 23 years old.

Considering he has served for 5 years, he really should be a Naik now (3rd rank in Army for Non Commissioned Officers), but he joined as a Havildar (a rank that takes about 9 - 12 years of service) because of his sports performance.

He won The Commonwealth/Asian Games and got promoted to Subedar (a rank for Junior Commissioned Officers that takes 28 - 30 years of service).

Now that he won the Olympic Gold, pretty sure he’s gonna become an Officer now (something usually impossible for NCOs to acheive).",indiandankmemes,1628403583,2021-08,"Informative comment about army ranks, no profanity or attack.",0,0,0,0,0,0,0
h8559pl,These people call themselves liberals and don't have a rat's ass of an idea about what liberalism means.,indiandankmemes,1628403624,2021-08,"Criticism of liberals, no profanity or personal attack.",0,0,0,0,0,0,0
h855azr,"This Guy Is right, without any fucking reason these misogynistic pigs just link any thing related to females as feminism, it's just a simple Road rage incident in which both sides were wrong but who even stays in middle ground now a days, that guy was speeding and also that it was red light she had the right to go at that point, but what she did after I seriously condemn her actions and I also want her to get justice but people saying she should have been raped and the girl should have been run over by the car seriously should be punished.",saimansays,1628403651,2021-08,"Profanity used in criticism of misogynistic people, but not targeting a specific individual.",1,0,0,0,0,0,0
h855g59,what is mr. beast if the society was communist,saimansays,1628403763,2021-08,"Hypothetical question, no profanity or attack.",0,0,0,0,0,0,0
h855l4z,"https://amp.scroll.in/field/997707/javelin-coach-uwe-hohn-trains-foreign-athletes-during-tours-ignores-us-shivpal-singh-and-annu-rani 
Do read the other side. Also Neeraj's coach is Klaus not him.",librandu,1628403871,2021-08,"Factual correction, no profanity or attack.",0,0,0,0,0,0,0
h855sa2,"Left, intellectuals, ugly faced girls and applying 1kg makeup, she/her girls know nothing after twitter…they may be toppers and what not but utter waste that why do they need education! The least a human being can do is cheer for a person who brought laurels for his/her country irrespective of views. Just because you hate a person because of political views says how much insecure these chu*** are",desimeta,1628404028,2021-08,"Profanity and derogatory terms directed at a group (left, intellectuals, ugly faced girls), but not based on identity.",1,1,0,0,0,0,0
h855vdm,"Hey, I agree with what you said and I am trendomously happy for their achievements and only they know what trials and tribulations they have faced for realising this moment. However, I feel that I have no right to brag about it and it would be pretty hypocritical, especially since I didn't even know they existed right before they got their medals. 
What I see around in our country is people taking each victory to their hearts and each loss as a whack to their fragile egos. That hockey athlete getting verbally abused with casteist slurs would be a fine example.",librandu,1628404095,2021-08,"Discussion of casteist slurs, but not endorsing them.",0,0,0,0,0,0,0
h855yf8,"usne bola isme meme kahan hai, aur uss din khud yahan par meta daal raha tha",indiandankmemes,1628404160,2021-08,"Neutral observation, no profanity or attack.",0,0,0,0,0,0,0
h856aoh,Having 2 mark difference doesn't show that there's no reservation.If you look at it that way soon st/sc are gonna develop and compete equally and there's gonna be less difference in marks.Does that show there was no reservation?OBC has the highest reservation.OBC was in the same position as st/sc a few years ago.Now they have developed and crying that cut off of st/sc is so low despite having control over 27% of the seats.Dono hath mai laddu chahiye tumko hain?,dankinindia,1628404427,2021-08,"Discussion of reservation policy, no profanity or attack.",0,0,0,0,0,0,0
h856fnt,"""Only emotional lovers song..."" Can you tell me what's wrong with that??",indiandankmemes,1628404537,2021-08,"Question about a phrase, no profanity or attack.",0,0,0,0,0,0,0
h856i5d,"Even i love debates i participated in frank anthony as well but this is not an ""intellectual discussion"" and I hate surya becuz he is unfunny. Also he doesn't have any sense of humour all he does is hating on other mainstream youtubers. And its their fucking wish abt what to watch even you are biased towards football isn't it.",saimansays,1628404592,2021-08,"Profanity used in criticism of a YouTuber, but not targeted at a specific individual.",1,0,0,0,0,0,0
h856n65,"Kuch gadbad hogi bhai. Mujhe details send kr, mai dekhta hu.",indiandankmemes,1628404707,2021-08,"Offering help, no profanity or attack.",0,0,0,0,0,0,0
h856o8o,Sanghi on his way to find his caste,saimansays,1628404730,2021-08,"Sarcastic comment about a political term, no profanity or attack.",0,0,0,0,0,0,0
h856p2j,"Which guys want to be like him, please find me? I hope you're not talking about early 20's aged guys who also find smoking cool. Lol.
And what girls want to be with him. I hope you're not talking about dumb teenagers here who find fuckboys cool.

 I don't take such boys and girls seriously at all. For me, nothing is more attractive than intelligence and maturity and everything else is a facade.",bollyblindsngossip,1628404750,2021-08,"Opinion about attractiveness and maturity, no target or profanity.",0,0,0,0,0,0,0
h856t5l,Teri maa chodne mai bhi merit lagta hai kya?,indiandankmemes,1628404843,2021-08,"Profanity directed at a person, personal insult.",1,1,0,0,0,0,0
h856vsu,Meaning of sanghi?,indiandankmemes,1628404902,2021-08,"Asking meaning of a term, neutral.",0,0,0,0,0,0,0
h856xsn,"&gt;Which guys want to be like him, please find me?

For starters, me. And i'm in my late 20's. 

&gt;And what girls want to be with him. 

Almost all girls i know, who are in the same age bracket as me.

&gt;For me, nothing is more attractive than intelligence

Unfortunately, not everyone is a sapiosexual. Most people value attractiveness over InTeLlIGeNcE. For some reason, being a playboi is extremely attractive. Now cope.",bollyblindsngossip,1628404947,2021-08,"Disagreement and sarcasm, no profanity or personal attack.",0,0,0,0,0,0,0
h856yrq,Explosion ke baad seedhe yahi ate hain. Water cycle ki tarah hai.,indiandankmemes,1628404968,2021-08,"Metaphor about people coming after explosion, no clear target.",0,0,0,0,0,0,0
h85757h,"Manali nahi ja saka ? koi nahi, Kullu bhar paani main doob ja :)",saimansays,1628405115,2021-08,"Sarcastic wish for drowning, no profanity, no identity target.",0,1,0,0,0,0,0
h8578fe,"Using muslim pic 


Humans are such a dumb creatures who are busy in bullshit like this",indiandankmemes,1628405188,2021-08,"Criticism of humans using a Muslim pic, but no specific religious slur or dehumanization of Muslims as a class.",0,0,0,0,0,0,0
h8578sj,"Covid, fluoride, 5g. What is this? Some /pol/ schizo rant?",librandu,1628405197,2021-08,"Sarcastic comment about conspiracy theories, no target.",0,0,0,0,0,0,0
h857a12,"Sahi main bhai,  bilkul sahi. Jo log bakwaas karte thee CRICKET SE BETTER KOI SPORTS nahi vo bhi saare saanp ban kar story, post bas daale jaa rahe hain
Deemag kharab kar rahe hain",saimansays,1628405226,2021-08,"Criticism of cricket fans, no profanity or identity attack.",0,0,0,0,0,0,0
h857ftv,Vro sanghi kya hota hai,indiandankmemes,1628405356,2021-08,"Asking meaning of a term, neutral.",0,0,0,0,0,0,0
h857gcm,I was looking for Andhbhaktopia,indiandankmemes,1628405368,2021-08,"Sarcastic reference to a subreddit, no target.",0,0,0,0,0,0,0
h857kdg,"Why? Can't women make mistakes and have flaws? Isn't that the point? I mean we're talking women empowerment and we're still moral policing characters who do whatever they want to. 

The basic sentiment I have seen in this thread is that people moral policing these characters. Why?",bollyblindsngossip,1628405457,2021-08,"Discussion about women empowerment, no attack.",0,0,0,0,0,0,0
h857ly1,"Chintuon ka toh pata nahi, magar mujhe yeh yakeen hai ke iss aadmi ko sach main lagta hai ki Vishnu Bhagwaan ka avataar hai.",bakchodi,1628405493,2021-08,"Sarcastic comment about a person's belief, no profanity or identity attack.",0,0,0,0,0,0,0
h857mor,Arey bhai what exactly does he fake in his personality any example??,saimansays,1628405510,2021-08,"Asking for example, neutral.",0,0,0,0,0,0,0
h857pgp,"I would like to point that pictorial representation almost always drives the narrative. Look at the pictures of Rahul Gandhi. His pictures printed are almost always of him being goofy or someone who is less politically inclined. Same with Dr. Singh, he was almost always shown as morose or reluctant, where the sharp media management by Modi and shah almost always shows pictures of them as stern, firm or decisive. They could have just posted a random person’s image rather than be so specific.",indiandankmemes,1628405574,2021-08,"Political commentary on media portrayal, no attack.",0,0,0,0,0,0,0
h857r1p,Wtf is sanghi? And how does it matter in this context? I don't get it,indiandankmemes,1628405610,2021-08,"Asking meaning of a term, neutral.",0,0,0,0,0,0,0
h857rt5,"Bete baap toh mai tera hoon ... Filhal yeh sab chhod

These days most of them are South remakes",indiandankmemes,1628405627,2021-08,Profanity and personal insult directed at someone.,1,1,0,0,0,0,0
h857tgx,"How is it the same as Kabir singh? Four women, who are friends and have flaws. Simple. I again want to ask, how were they being as morally corrupt as Kabir singh?",bollyblindsngossip,1628405665,2021-08,"Discussion about movie characters, no attack.",0,0,0,0,0,0,0
h857tsr,Man what was that movie 🤣🤣🤣🤣🤣,bollyblindsngossip,1628405673,2021-08,"Reaction to a movie, no target.",0,0,0,0,0,0,0
h857v89,Sanghi matlab RSS( Rashtriya Swayamsevak Sangh) ka member. It's a group that's historically Hindu Extremists and Nationalist.,indiandankmemes,1628405704,2021-08,"Definition of a term, neutral.",0,0,0,0,0,0,0
h857zib,"Oh ffs, it's a movie about wrestling and he wasn't proud of the fact that they beat up boys. But because they were born wrestlers and had the talent. They lived in Haryana. It was either child marriage for them or he could teach them what he knew best and make them independent.

Men work? They won gold for ffs.",bollyblindsngossip,1628405800,2021-08,"Defends a movie about wrestling, no profanity or abuse.",0,0,0,0,0,0,0
h8582i6,"But empowerment also means letting people be who they are without judgement. The fact that these characters live their flawed lives without letting society change them is empowering. Smoking is not empowering but society sees female smokers as much worse than male smokers and a woman who doesn't care about what society thinks is empowering. Also, four more shots and veere are not about female empowerment but female friendship. Even throughout their marketing events, the makers kept saying it's about friendship. They're as empowering to women as dil chahta hai and Zindagi na milegi dobara was to men. You can call them inspiring because a lot of girls did feel inspired by then, but not empowering. And why should films and women have to be empowering? That's another expectation that's highly sexist. Men can get multiple movies a year which are just for entertainment but anything with women in the lead has to be empowering? That's not fair.",bollyblindsngossip,1628405869,2021-08,"Discussion on female empowerment, no abuse.",0,0,0,0,0,0,0
h8583eu,"Not morally corrupt, but it’s toxic masculinity/femininity which is celebrated instead of criticised. The same audience that critiques Kabir Singh should critique this as well. I find both movies problematic.",bollyblindsngossip,1628405891,2021-08,"Critique of toxic masculinity/femininity in movies, no abuse.",0,0,0,0,0,0,0
h8584kd,sanghi is like a slur for bjp supporters,indiandankmemes,1628405918,2021-08,"Political term 'sanghi' used as slur for BJP supporters, but no religious identity attack.",0,0,0,0,0,0,0
h858750,"Kabir singh was violent, an irresponsible doctor who did drugs before operating, and treated Preity as his property.",bollyblindsngossip,1628405976,2021-08,"Criticism of a movie character, no abuse.",0,0,0,0,0,0,0
h858c3d,"Yeah and I find that disgusting. Obviously KS is more problematic, but I’m talking about the underlying theme which is toxic masculinity and femininity. I have always condoned Kabir Singh and will continue to do so.",bollyblindsngossip,1628406091,2021-08,"Discussion on movie themes, no abuse.",0,0,0,0,0,0,0
h858hlg,"But if you're comparing them, atleast compare apples to apples. You're not comparing with examples, and have not given one instance to explain how drinking and partying with friends equates Kabir Singh. If you're talking feminism and women empowerment, then explain how are you moral policing normal characters who make mistakes.",bollyblindsngossip,1628406218,2021-08,"Discussion on movie comparison, no abuse.",0,0,0,0,0,0,0
h858hsd,What is this ? When did this happen?,bollyblindsngossip,1628406222,2021-08,"Asking for clarification, no abuse.",0,0,0,0,0,0,0
h858i15,"Oh ffs it’s not about any of that. They’re pretty shitty to their boyfriends, husbands, friends and they’re given a free pass without changing. That’s just being a shitty person. I have no problem with women having flaws and having fun, I’m happy there’s good representation finally. It’s just that this movie doesn’t handle it well. Understand what I’m saying. It’s nice seeing women enjoying themselves and having fun, but this movie reeks of entitlement. Stop attacking like I’m a misogynist who takes up for movies like Kabir Singh. I hate those movies too.",bollyblindsngossip,1628406227,2021-08,"Discussion on movie characters, no abuse.",0,0,0,0,0,0,0
eghttfa,"Islamophobia doesnt exist 

~ Shri Shri Bakchod Imam Tawhidi",bakchodi,1550188526,2019-02,"Quoting a controversial figure, no abuse.",0,0,0,0,0,0,0
eghvxde,"India should block all rivers going to Pakistan.

The vast majority of Pakistan's population live within 250 km of the Indian border. What are some creative ways India could make them suffer?",bakchodi,1550190236,2019-02,"Suggests harming Pakistanis, but no explicit profanity or identity-based hate.",0,0,0,0,0,0,0
eghwse3,"China can block Brahmaputra river too. I don't think it's the right solution.
&gt;What are some creative ways India could make them suffer?

Adding cancer causing chemicals in rivers which flow to Pakistan? It'll be slow therefore hard to detect. (JK we will not step down to their lvl)
",bakchodi,1550190944,2019-02,"Discusses river blocking, no abuse.",0,0,0,0,0,0,0
eghxrpx,"If you get triggered by this may be you are indeed a low-life bhakt. 

kaisa bhakt hai tu bc! lmao. ",bakchodi,1550191749,2019-02,"Uses profanity 'bc' and insults 'bhakt', but no identity-based hate.",1,1,0,0,0,0,0
eghy0hm,I don't need to be a bhakt to get triggered by such hypocritical bullshit at this grave moment. ,bakchodi,1550191950,2019-02,"Political discussion, no abuse.",0,0,0,0,0,0,0
eghym3m,"Yeah I won't. 


Will you tell me what I should be talking about? I wanted to talk about woman and their bad decisions, I wanted to understand the psyche under which they take such action. Simple. I will talk about male actors when I will feel like talking about them. If you want to initiate that conversation then u r most welcome to start it at your own thread. 


If you don't like this thread then go away. It is not breaking any rules. Everyone contributed like civilized people. Nobody found the thread offensive. I say it's a fair game.

I am not here to bear the beacon of woman and their rights in showbiz. Look at yourself. Trying to justify honor glory and responsibilities on a gossip forum. 

Finally about personal remarks, you asked for it. I didn't go and comment on your thread with subjective comments. If you are dishing subjective comments then be ready to receive a hornet's sting. 
",bollyblindsngossip,1550192452,2019-02,"Defensive discussion, no abuse.",0,0,0,0,0,0,0
eghyyif,"Didn't they recently let Rohingya Muslims settle in that region? It can be done in a way that doesn't imply any government involvement, more an organic flow of desperate migrants looking for opportunities and being given the appropriate protection by the authorities because it is the humanitarian thing to do. It should have been started long ago, but it can still be done and is one of the proven ways to fix this problem that has been festering for decades.",bakchodi,1550192748,2019-02,"Suggests settling Rohingya, no abuse.",0,0,0,0,0,0,0
eghzenz,"If you'll make it a Hindu-Muslim issues, remember that you are making them winners. Their two nation theory, their demand for muslim state and will shows the majority in bad light.",bakchodi,1550193132,2019-02,"Political commentary, no abuse.",0,0,0,0,0,0,0
egi16j7,Why not take the pok to begin with? What will happen if we take back our land? ,bakchodi,1550194625,2019-02,"Question about territory, no abuse.",0,0,0,0,0,0,0
egi1eh6,"No idea. Whatever the military response is, it should be measured and not done before the elections. The other side is well aware it is an election issue now, and will be on high alert till May at least.

Cutting off Indus waters is a good start. Maybe using our newfound international clout to deny aid and impose further sanctions on these beggars is another option.",bakchodi,1550194807,2019-02,"Political strategy, no abuse.",0,0,0,0,0,0,0
egi2q8p,its shahada - there's no other god but Allah and Mohammad is his prophet.,bakchodi,1550195929,2019-02,"Religious statement, no abuse.",0,0,0,0,0,0,0
egi2vxj,"Oh so these news channels now have defence experts?

What is their expertise? Sitting behind a camera and filming disasters while people cry for help?

These people don't have any experience of the real world and act entitled like they own it",bakchodi,1550196068,2019-02,"Criticism of news channels and defense experts, no profanity or personal attack.",0,0,0,0,0,0,0
egi3cnm,"&gt;As an Indian living in Bombay 

This is what happens when you're given free privileges with money that parents worked hard to earn while sitting jobless. This guy is the prime example of the jobless west worshipping people who blame their country for their lack of skill and entitlement",bakchodi,1550196470,2019-02,"Criticism of an individual's entitlement and lack of skill, no profanity or identity attack.",0,0,0,0,0,0,0
egi3zvm,"Ramdhari Singh dinkar is a national treasure, he deserved a Bharat ratna.",bakchodi,1550197024,2019-02,"Positive statement about a poet, no issues.",0,0,0,0,0,0,0
g3teddh,that's really ignorant if you think what's happening in lac is beacuse of indian herd mentality. you need to read sino-indian history in depth.,unitedstatesofindia,1599113723,2020-09,"Disagreement about historical understanding, no profanity or personal attack.",0,0,0,0,0,0,0
g3tef1s,They removed all your comments..what the fuck..,indiadiscussion,1599113766,2020-09,"Exclamation of frustration with profanity, not directed at a person.",1,0,0,0,0,0,0
g3teklx,So Swara is a drug peddler?What are you even trying to say?,bollyblindsngossip,1599113903,2020-09,"Questioning a statement, no profanity or attack.",0,0,0,0,0,0,0
g3tekx8,That's what we call a real master stroke lmao,unitedstatesofindia,1599113911,2020-09,"Positive comment, no issues.",0,0,0,0,0,0,0
g3teob9,what are you smoking?,unitedstatesofindia,1599113995,2020-09,"Rhetorical question, no profanity or attack.",0,0,0,0,0,0,0
g3tepit,What is this behaviour u/chickenshymen,unitedstatesofindia,1599114027,2020-09,"Expression of disapproval, no profanity or attack.",0,0,0,0,0,0,0
g3teqy6,"&gt;And you think India is Communist

It's not it's a bad mix of crony capitalism and socialist protectionism which barely functions.

&amp;#x200B;

&gt;India is a hellhole.

Spoken like a true cringe ass, only someone who has never experienced or even read about actual hellholes makes such moronic comments.

&amp;#x200B;

&gt;A feudalistic society where capitalism has been been imposed on top of it.

True to a very limited extent, in the unlikely scenario that you have actually read up on what feudalism means in Indian context the abolition of feudal structures began soon after independence and continues today.",unitedstatesofindia,1599114063,2020-09,"Political debate with profanity, but no personal attack or identity basis.",1,0,0,0,0,0,0
g3terlz,"So, exactly how many subs have these jihadis infiltrated already? Seems like most of mainstream subs.",indiadiscussion,1599114081,2020-09,"Uses 'jihadis' to refer to a religious group, implying infiltration, hostile.",0,0,1,0,1,0,0
g3tertp,"I have another idea. When you buy something,anything,it's covered in letters,numbers etc. Just go and take a look at your toothpaste. It's covered with loads of info. Same goes for every fucking thing in our house. Brands,logos,info,etc.

So what's my idea? Simple. How about if someone makes a product line of FMCG goods- shampoo,coffee, biscuits,etc.
Pack these good quality products in beautiful,but minimalistic and plain packaging. So,for example, a bluish- green bottle of detergent,with a small QR code and website at the back(for info) and a simple logo. That's it!

Aur iska benefit ye hai ki ye distinctly recognise hoga because of its minimalistic,simple design. Koi branding, marketing nahi. Bas simple,sasta and achha product.

Thoughts?",unitedstatesofindia,1599114087,2020-09,"Product idea, no issues.",0,0,0,0,0,0,0
g3tevbt,"Hi u/xxX_hritikrawat_Xxx and thanks for fucking replying to my fucking comment. I am a fucking bot so I have no fucking idea what the fuck I am supposed to fucking do but my fucking owner might fucking see this fucking comment so he should fucking know what the fuck he is supposed to do, so thanks anyway. 

Fuck you all and have a nice fucking day. [Fuck.](https://www.youtube.com/watch?v=ukznXQ3MgN0)",saimansays,1599114175,2020-09,Profanity-laden but self-referential and not directed at anyone.,1,0,0,0,0,0,0
g3tf0wz,"Its good for the Indian gaming community cause Pubg was too big and it had pretty no competition so tencent did whatever the Fuck they want acting slow on glitches, lag, hackers and loot box gambling.Now pubg is banned there will be a big ol power vacuum and some other game like codm, free fire(god i hope not), fortnite,Minecraft (maybe?)Or even apex mobile will try to fill the vaccuum.The pubg audience will inevitably move to other games and streamers will be forced to stream other gamer this in turn will giver smaller games more exposure and then whenever pubg 's inevitable return happens we will see a diverse Indian gaming community, a tencent forced to put out good features and Indian gaming community would'nt just be pubg mobile community.",saimansays,1599114320,2020-09,"Analysis of gaming industry, no issues.",0,0,0,0,0,0,0
g3tf3ap,"Keep your friends close but your enemies closer saare white men se ladai karne se agar tumhe lagta hai ki tum upar aa jaoge toh fir theek hai
Par ek baat bata du China ne bhi yahi kiya tha top par toh hai par koi bhi pasand nahi karta 
Jo ladna nahi chahte unke ek group mein daalna bas skin color ki vajah se ye theek nahi hai
Dusre ko neeche dabake upar Great Britain bhi Utha tha ab great nhi raha 
Indians starting se ache dil ke rahe hai sabko help karne vaale sabko accept karne vaale isliye ab dubara upar aa rahe hai Maine toh Indian history se yahi seekha hai ki sachai ko dabaya ja sakta hai par mitaya nahi",chodi,1599114381,2020-09,"Political commentary, no profanity or personal attack.",0,0,0,0,0,0,0
g3tf3b5,I think Avnish Barjatya should break the routine of Rajshri by directing some fast paced action thriller. Would be fun to watch rather than the usual Prem Ratan Dhan Paayo or Main tera Main Re !!,bollyblindsngossip,1599114382,2020-09,"Opinion on filmmaker, no issues.",0,0,0,0,0,0,0
g3tf44g,what's satire?,chodi,1599114402,2020-09,"Question, no issues.",0,0,0,0,0,0,0
g3tf7nd,"Because kangna said in her email to hrithik (to make him jealous), that she offered Ranbir to have a physical relationship with him. Seems like he clearly passed on lol. Rumor has it she sent nudes to him and he laughed it off with his friends...then she got back at him for not speaking up for political things...and he leaked her fake horse manikarnika video to get even with her.",bollyblindsngossip,1599114494,2020-09,"Gossip about celebrities, no profanity or attack.",0,0,0,0,0,0,0
g3tf8jh,Christians and Muslims weren’t even civilizations.,chodi,1599114518,2020-09,"Demeaning statement about religious groups, no profanity.",0,0,1,0,1,0,0
g3tf9yc,"Aise ek do products to hote hai, that's not what I'm talking about. Think about a whole product line of such products,made by a single company so people trust it.

Just like privilegedladka, privilege2020,etc related hai taaki sab samajh jaaye ki vo mai hu even tho I changed account.
Similarly aise hi consumer goods jinka ek alag hi design ho.

No flashy and glossy packaging. Simple, minimalistic packaging. Aur sab cheez me. Sugar,Coffee,Tea,Soap,Shampoo,etc you name it.",unitedstatesofindia,1599114554,2020-09,"Product idea, no issues.",0,0,0,0,0,0,0
g3tfbdn,"When you have an invisible sword on your neck, then even saying the truth has to be done cautiously. 

I’m happy that people with Muslim names are criticizing their own community. You need to realize that the only abusers of those “hate speech” laws are Muslims. When they start realizing their own issues, they should be left alone and not be treated with hostility. You need to use things like these as an opportunity to permeate normal values into Jihadi minds.",chodi,1599114591,2020-09,Targets Muslims as a group with negative stereotypes and uses 'Jihadi minds' as a slur.,0,0,1,0,1,0,0
g3tfd3f,"Reposts get so many upvotes here, whats the point of making original meme?

Even saiman and abhyudays meme was a repost and it was at top!",saimansays,1599114633,2020-09,"Criticism of reposts, no profanity or personal attack.",0,0,0,0,0,0,0
g3tfesv,Mujhe uncle ka divorce karwane de. Bich main mat aa,unitedstatesofindia,1599114678,2020-09,"Request to let uncle get divorced, no profanity or attack.",0,0,0,0,0,0,0
g3tff3v,What this bs of lower caste denied basic facilities by upper caste. That was done by Brits and muslims. Destroyed industries created by so called lower castes and forced them to convert. The converts were treated as lower castes. There were many lower caste tribes declared as criminal tribe by Brits. Where hunted down by brits. You can't make other castes who fought along to take the blame for crimes of Brits and Islamists.,chodi,1599114686,2020-09,"Discussion of historical caste issues, no direct attack on individuals or groups.",0,0,0,0,0,0,0
g3tfkpi,Sandeep Singh 🐍 and Bunty Sajdeh have been summoned by the CBI folks. With the CEO of Cornerstone being summoned I guess they've finally begun probing Disha's case - things are starting to look up again!,bollyblindsngossip,1599114830,2020-09,"News update about CBI summons, no profanity or attack.",0,0,0,0,0,0,0
g3tfogu,I am part of the I-hate-politics group but I know KK only after coming to this sub. Basically what wrong did he do?,chodi,1599114926,2020-09,"Question about a person, no profanity or attack.",0,0,0,0,0,0,0
g3tfp4m,"But the economy had been constantly contracting since past 8 quarters, what about that?",chodi,1599114945,2020-09,"Economic question, no profanity or attack.",0,0,0,0,0,0,0
g3tfyse,"*Story time*

&amp;#x200B;

Spiti gaya tha trip pe.  Vaha pe ek monastery gaya tha. Udhar hi ruka tha ek raat. Gote jamm gaye thei bc vaha bahot thand thi.

Monk se dosti karli. Monk late 30s mein tha. DU se padhaayi ki thi.

Monk ne jooto ka collection dikhaaya. Adidas ke 5 pair the uske paas. Bus yehi tha uske paas aur dher saare orange robes aur ek fur vala jacket.

TT khelte waqt bola agar main 21-5 yaa usse kum haara toh Rs. 3000 dega. Main 21-4 haara. Rs. 3000 se aadha kharcha nikal gaya mera. Bada hi ajeeb character tha monk.",unitedstatesofindia,1599115195,2020-09,"Story about a monk, includes profanity 'bc' as filler.",1,0,0,0,0,0,0
g3tfze6,"&gt; plus politically its still communist

What does that even mean though, it's a single party system of meritocracy which happens to have communism in its name. It might as well be Winne-the-pooh party for all the difference it makes

&amp;#x200B;

&gt;  look into the individual property rights in china. 

That's one aspect that can be looked as communism but it also makes sense from a planning perspective and avoiding any property disputes, long term leases are not uniquely common to China they are used in plenty of capitalist nations.",unitedstatesofindia,1599115210,2020-09,"Political discussion about China, no profanity or attack.",0,0,0,0,0,0,0
g3tg08x,"No that is what insecurities are, now wether or not a girlfriend cheats on her boyfriend or vice-versa, an insecure individual will always think that their partener will cheat. So him worrying doesn't mark the death of democracy rather just shows that he is an insecure individual himself. 

And as it turns out, he was fairly tried and released, further proving his insecurities.",unitedstatesofindia,1599115231,2020-09,"Discussion about insecurity, no profanity or attack.",0,0,0,0,0,0,0
g3tg17b,"That is a smile of a man that is ded inside 

And what else do you expect from Instagram",saimansays,1599115256,2020-09,"Comment on a smile, no profanity or attack.",0,0,0,0,0,0,0
g3tg55n,Kejriwal is somewhat better than all those guys,chodi,1599115359,2020-09,"Political opinion, no profanity or attack.",0,0,0,0,0,0,0
g3tg7a7,Oh okay cool. Aajkal yaha log itne jaldi alts badalte hai ki puchhna padta hai,unitedstatesofindia,1599115413,2020-09,"Comment about alt accounts, no profanity or attack.",0,0,0,0,0,0,0
g3tgau4,"I'm confused, weren't you guys all over modi's dick before? What happened?",bakchodi,1599115506,2020-09,Political criticism using profanity 'dick' directed at Modi supporters.,1,0,0,0,0,0,0
g3tgavd,What was said by Kjo to Kajol on Ajays shenanigans?,bollyblindsngossip,1599115507,2020-09,"Question about a celebrity, no profanity or attack.",0,0,0,0,0,0,0
g3tgbjx,"Hi confused, weren't you guys all over modi's dick before? What happened?, I'm Dad👨",bakchodi,1599115524,2020-09,"Dad joke, no profanity or attack.",0,0,0,0,0,0,0
g3tgcy8,"This is how Islamism and Communism is normalised or 'liberal' culture which promotes destruction of any cultural structure is normalised.

It's also how hindutva is normalised which is why the so called 'moderates' , 'rw' , 'true seculars' are as dumbshit as the orthodox caste apologist retards.",chodi,1599115560,2020-09,Political commentary with profanity 'dumbshit' and 'retards' directed at groups.,1,1,0,0,0,0,0
g3tgf3t,Yaha kya hua tha?,chodi,1599115616,2020-09,"Question about what happened, no profanity or attack.",0,0,0,0,0,0,0
g3tgini,"My father had gone to Oman where Hindus and Christians are somehow treated better than Muslims. There are big inter-community problems there but that is between different castes of Muslims. In fact he took his Panchapaatra (Which I assume you know) to Muscat and was not even questioned. This is in Oman, don't know about other countries. He went to a shopping mall and was threatened due to them assuming he was a lower caste muslim. But then they left him as he proved he is a Hinidu.",chodi,1599115710,2020-09,"Personal anecdote about Oman, no profanity or attack.",0,0,0,0,0,0,0
g3tgioo,"I was under the impression you were talking about narrative videos on YouTube, which was incorrect. 

I'm not aware about what the Japs, the chinks and Koreans have, but I think what you're suggesting is a repository of Hindi literature which is a decent idea as well. I'd still say go for it. The YouTube thing can follow it once your idea gains traction. 

Since you're suggesting something related to reincarnation and stuff, can I suggest creating a literature wiki like the [SCP foundation? ](https://en.m.wikipedia.org/wiki/SCP_Foundation) A loosely interconnected universe with a creative's common license where people can submit literature for the sake of writing, not with the intent of monetizing (monetization will always ruin the creative business). So people can submit fresh ideas as well as build up on ideas previously submitted and it would be free to be used by anyone as long as they have the permission of the user AND give proper credit whenever used.",chodi,1599115711,2020-09,"Discussion about literature, uses slurs 'Japs' and 'chinks' for ethnic groups.",0,0,1,0,0,1,0
g3tgk11,"Guess what, no confession was ever made, according to the news a few days later. Guess he was right after all.",unitedstatesofindia,1599115745,2020-09,"Neutral commentary on news, no target.",0,0,0,0,0,0,0
g3tgndc,"What, you got Saiman's ad on Dave 2d's video ?",saimansays,1599115835,2020-09,"Question about ad placement, no offense.",0,0,0,0,0,0,0
g3tgqh7,How do you define an instigation? What is the legal definition of instigation?,unitedstatesofindia,1599115917,2020-09,"Asking for legal definition, neutral.",0,0,0,0,0,0,0
g3tgqnq,"Mere papa kuch hafto se mere future college ke Facebook forum pe dusre students/parents ki queries padh rahe hai,to get an idea and know what's happening,etc. 

Mujhe bada maza aa raha hai kyuki:

1. Pehli baar inko dikh raha hai ki meri generation ke baaki log kitne chutiya aur fuddu hai. Till now unki lagta thha mai hi ek disappointment hu but now it's like andho ke rajya me mai kaana raja.

2. Bohot frustrate hote hai kyuki unko English to aati hai but slang kuchh bhi pata nahi unko. Mujhse puchhte rehte hai ki DM,IDK,SMH ka matlab kya hai.",unitedstatesofindia,1599115921,2020-09,"Self-deprecating humor about parents, uses mild profanity but not directed at anyone.",1,0,0,0,0,0,0
g3tgv4g,"I'd love to see you weasel your way out of this by changing what instigation means to help you cope, but I don't have the time.",unitedstatesofindia,1599116040,2020-09,"Sarcastic challenge, no profanity or personal attack.",0,0,0,0,0,0,0
g3th01j,"My dad used to read Pagalguy before my MBA interviews. It was fun hearing out what he read on that forum and even saying ""Pagalguy""",unitedstatesofindia,1599116170,2020-09,"Nostalgic anecdote, no offense.",0,0,0,0,0,0,0
g3th4sb,The email is true and you can find it for yourself as it leaked. Rest is very much out therr. Ranbir himself said in a interview that almost all blinds/birdie talks are true most of the times.,bollyblindsngossip,1599116299,2020-09,"Discussion of leaked email and interview, neutral.",0,0,0,0,0,0,0
g3th6ba,If Muslims started to hate each other the world is winner.,chodi,1599116340,2020-09,"Expresses wish for Muslims to hate each other, dehumanizing group.",0,0,1,0,1,0,0
g3th6l9,"property rights are the hallmark of a free society. almost all other fundamental rights are secondary to it maybe except the fundamental right to life. roti kapda (life) aur makaan..et al. 
i am not defending other capitalistic democracies but china is whole another beast when it comes to individual property rights especially before 2007 when some reforms came in.


&gt; makes sense from a planning perspective and avoiding any property disputes

this can be applied to all ownership then. lets not individuals own anything because it can lead to disputes.only state can own it for no disputes. that's exactly what communism is.

State owning it does not lead to prosperity and freedom and liberty. this article makes a good point regarding this https://www.newamerica.org/future-property-rights/blog/why-property-rights-matter/",unitedstatesofindia,1599116347,2020-09,"Political commentary on property rights, no personal attack.",0,0,0,0,0,0,0
g3th7f1,"Fat shaming aside, I think her request (demand?)  is reasonable. 

""Don't objectify me, don't label me, call me what/who I am"" I don't see what's wrong with that.",chodi,1599116369,2020-09,"Supports a woman's request, no offense.",0,0,0,0,0,0,0
g3th9nb,"I didn't know idols actually had well shaped bodies under the clothes. I always assumed they were basically rectangular. 

But no action will be taken. Muslim perps in a minority appeasing near fascist state. Good luck.",chodi,1599116429,2020-09,"Comments on idols' bodies and criticizes state, no direct personal attack.",0,0,0,0,0,0,0
g3th9xr,"Today news really went like, headlines -&gt; ""83k cases"" and ""CBI expanding domain of investigation"" and then they were like ""let's talk about something important now, that is, SSR's case"". Yes this really happened",bakchodi,1599116435,2020-09,"Criticizes news coverage, no personal attack.",0,0,0,0,0,0,0
g3tha4e,"And the economy is slowly rising up now, what about that?",chodi,1599116440,2020-09,"Asks about economy, neutral.",0,0,0,0,0,0,0
g3thb9c,"Hello Noobchand Ji

What's up",unitedstatesofindia,1599116470,2020-09,"Playful greeting, no offense.",0,0,0,0,0,0,0
g3thjjy,"Read the word **alleged** again. And let people choose what they want to believe, since neither parties are saints.",bollyblindsngossip,1599116692,2020-09,"Neutral advice, no offense.",0,0,0,0,0,0,0
g3thmil,"The SCP foundation is really cool. Thanks for reminding me about it. A website like pratilipi where people can post original stories and earn money. That's what I want. Fantasy, horror, psychological, thriller, LGBT, BL and other genres except sexual content. Only the stories in hindi will be accepted just like those in East Asian website.",chodi,1599116770,2020-09,"Expresses interest in writing platform, no offense.",0,0,0,0,0,0,0
g3thqm1,"Isme kaha se tier 1 ghusa diya aapne. Vo toh isliye add kiya kyuki raat ko itni thand lag rahi thi ki maine chaddi mei haat daal diya tha apne samaan pe, garmaahat ke liye",unitedstatesofindia,1599116880,2020-09,"Explains reason for adding tier, no offense.",0,0,0,0,0,0,0
g3thtv2,"Neither parties are saints, and only one of the two parties is sane. Kangana runs her motor mouth of vile lies and degrading comments while Ranbir doesn't comment on any of it. Everything is alleged or a speculation when it comes to her. Yes, let the people choose to believe what they want now",bollyblindsngossip,1599116967,2020-09,"Criticizes Kangana's behavior, no profanity or identity attack.",0,0,0,0,0,0,0
g3thvtl,South America rukte ho to main bhi aaun,unitedstatesofindia,1599117019,2020-09,"Invitation to South America, neutral.",0,0,0,0,0,0,0
g3ti0su,What drug? Med?,unitedstatesofindia,1599117156,2020-09,"Question about drug, neutral.",0,0,0,0,0,0,0
g3ti20g,"Yes! I remember reading the article when they provided such to the supreme court. And what us worse is that how they are using all the collected information to misguide the public and create a chaos towards Shushant and his family. I don't think it is rocket science to understand this unprofessional behaviour from Mumbai police.

What bothers me further is Mumbai is one of the leading cities in India. English is more outspoken the hindi. Last year when my friends visited india, they had no trouble talking to street food vendors in English! And here Mumabai police cannot take statements in any other language than Marathi?",bollyblindsngossip,1599117188,2020-09,"Criticism of Mumbai police and language policy, no profanity or personal attack.",0,0,0,0,0,0,0
g3ti2t8,"Absence of a decent opposition doesn't make the current leader a good person. 

And pretty much every thing a politician does, he does for the PR. Does Raul Vinci go to random villages because he's concerned about the farmers? Does Momina begum of Bengal attend iftar parties just because she was invited? No and no. They do it for PR. 

I'm sorry to say this but both arguments you made are illogical.",chodi,1599117210,2020-09,"Political criticism of leaders and opposition, no personal abuse or identity attack.",0,0,0,0,0,0,0
g3ti4c6,"When the face of your organisation is a troll, obviously what you sell will be memes.",chodi,1599117253,2020-09,"Metaphorical criticism of an organization, no profanity or personal attack.",0,0,0,0,0,0,0
g3tidxu,"From your username, I get it brother that you are upset with the decision, but if you knew what is a communist party and control of Chinese communist party on Chinese businesses and organizations, then you would not have asked about the source.",chodi,1599117521,2020-09,"Political discussion about communism and China, no personal attack or identity slur.",0,0,0,0,0,0,0
g3tifqj,"we make fun of muslims because they don't know what is there in the quran, but discourage hindus from reading the vedas in their local language?

the bible is available in every single language, whereas vedas are not.

if we don't translate vedas ourselves, then missionaries and marxists will translate with their drishtikon and agendas.

when will hindus learn and understand all this?",chodi,1599117572,2020-09,"Criticism of Muslims and religious texts, communal hostility present.",0,0,1,0,1,0,0
g3tiqgn,Kahan kahan gaye ho aap South America main?,unitedstatesofindia,1599117876,2020-09,"Question about travel, no offensive content.",0,0,0,0,0,0,0
g3tiqhv,"Seriously?? Wtf what makes him think he can threaten someone of ""eliminating"" him just like that? Was there actually something serious going on between SSR and Sara or was her father just being overprotective? Either way it shouldnt matter because like you said shes capable of making her own decisions..

If i didnt already lose my respect for these disgusting elites before i definitely cant stand them now...it just makes me feel all the more bad for SSR.",bollyblindsngossip,1599117876,2020-09,"Profanity used in frustration, directed at elites generally, not a specific person.",1,0,0,0,0,0,0
g3titr1,"It is not politics where ""inner beauty"" is required. It is about being a heroine where being beautiful on outside is required and this is why katrina is liked. Even general requirements for a field are now looked down. What's next, inner beauty for being a doctor instead of a degree. Compassionate nature for engg. instead of a degree?",bollyblindsngossip,1599117970,2020-09,"Opinion on beauty standards for actresses, no personal attack or hate speech.",0,0,0,0,0,0,0
g3tiuop,"tbh not surprised by Anurag or Swara. they were always like this. they are very pro industry and Bollywood even though they’ll act like otherwise. Agendas are more important to them than anything. 

I didn’t really know Arnab much before the SSR case but I’m glad he standing up for ssr even though he isn’t a very good journalist. 

As far as Kangana is concerned, I remember her saying that she is never against a person but always against the idea or what the person stands for. So if they share common ideas or ideologies even though the person may have said something bad about her she’ll still support them.",bollyblindsngossip,1599117998,2020-09,"Commentary on celebrities and their agendas, no personal abuse or identity attack.",0,0,0,0,0,0,0
g3tiv5g,"I asked a girl out before NEET happens in a few days. 

At least I will get a date before I die.

She said this back - *Sorry Bunty, I could not understand what you said. Please try again.*",unitedstatesofindia,1599118011,2020-09,"Humorous anecdote about rejection, no offensive content.",0,0,0,0,0,0,0
g3tix48,"Lol, not really, mujhe pata tha aisa kuch ho sakta hai, fir bhi Maine 2070 super liya, I don't regret it",unitedstatesofindia,1599118066,2020-09,"Personal tech purchase discussion, no offensive content.",0,0,0,0,0,0,0
g3tixbd,"until unless this govt passes the labour reforms as they have promised this monsoon session of parliament and all those PLI and PML schemes get cabinet approval and are used they are never reaching those levels. next year numbers might be good cuz compounding but after that its all reforms like labour,land banks,privatization. if they not take the necessary reforms indian economy will get into middle income trap and never coming back. thats what former PMEAC head said.",librandu,1599118072,2020-09,"Economic policy discussion, no personal attack or hate speech.",0,0,0,0,0,0,0
g3tj1ej,"[Link to article](https://www.foxla.com/news/new-california-bill-would-lower-penalties-for-adults-who-have-sexual-relations-with-a-minor)

Those who don't know California is most liberal state in USA. This bill will remove mandatory sex offender registration and drastically reduce sentence for paedophilia. All this is introduced on the back of LGBT rights.

Now why this is relevant for us: what happens in USA today, may happen in India tomorrow. LGBT movement in India is also raging for years. Many like me don't see any harm in that. But these groups have tendency to align with radical left factions like socialist and paedophiles. They become vehicle to evils like paedophilia.

Many critics of LGBT rights were mocked when they said it was slippery slope and next they will move to legalise bestiality and paedophilia. They were mocked for this. The time has proven , they were right. 

We should learn from their mistakes before its too late.",chodi,1599118189,2020-09,"Discussion of LGBT rights and pedophilia, no direct hate speech but communal framing.",0,0,1,0,1,0,0
g3tj4a5,Thik hi hun. Thode din pehle tumhari yaad main Kingfisher pi,unitedstatesofindia,1599118272,2020-09,"Personal message about drinking, no offensive content.",0,0,0,0,0,0,0
g3tj8rb,I will still happily kill you and inherit whatever you own.,unitedstatesofindia,1599118399,2020-09,"Threat to kill, personal harassment.",0,1,0,0,0,0,0
g3tj93p,"You can't avail any deductions whatsoever under new tax regime. But there you are tax exempt till 5L. And there is convenience of *no mach mach* flat rates.

So you will have to pay tax for 1L above 5L",unitedstatesofindia,1599118409,2020-09,"Tax regime discussion, no offensive content.",0,0,0,0,0,0,0
g3tj943,my liberandu friend argued with me over pubg ban by calling me bhakt and all ..i told him about the china's privatisation policy which allows them to steal data of there users but still  andhbhakt and all...i realised one thing today...no matter how hard you try you cant win an argument with a liberandu eben with facts...they are just small brain creatures...just leave them to their habitat,chodi,1599118409,2020-09,"Political argument with insults, no identity-based hate.",0,1,0,0,0,0,0
g3tjet4,"Yeah, a lot of people want to get married da. She isn't asking her prospect to be slim when she herself is fat. She isn't saying she'll call her prospect any kind of names while he can only call her by her name. 

It's a legit request, just call me by my name. I assume given her stature she would've been bullied a lot, called a lot of names, she doesn't want her prospect to be somewhat similar.",chodi,1599118576,2020-09,"Discussion of marriage preferences, no offensive content.",0,0,0,0,0,0,0
g3tjge7," Prime Minister Narendra Modi should suspend non-stop PR and spend all his time on what India really needs to revive growth and get back its mojo, a columnist wrote to PM Modi. He added that under PM Modi's leadership, India's growth has been falling consistently since demonetisation in 2016. He further suggested that Modi should appoint an Ajit Doval for the economy.

*Summary generated by [sansa](https://sansa.news/sections/?section=in_trending)*",unitedstatesofindia,1599118622,2020-09,"News summary and criticism of PM, no personal abuse or hate speech.",0,0,0,0,0,0,0
g3tjgla," Dr Kafeel Khan, who was arrested under the National Security Act (NSA) for his alleged ""provocative"" speech during anti-CAA protests at Aligarh Muslim University in December 2019, was released from Mathura jail on September 1, 2020. He was arrested from Mumbai on January 29, 2020, where he had gone for personal work. He has been in jail for over three years.

*Summary generated by [sansa](https://sansa.news/sections/?section=in_trending)*",unitedstatesofindia,1599118627,2020-09,"News report about arrest, no offensive content.",0,0,0,0,0,0,0
g3tjgsm," Facebook India head Ajit Mohan was on Wednesday questioned for about two hours by Parliamentary Standing Committee on Information Technology amid controversy over Facebook's alleged bias in favour of the BJP. Mohan admitted before the Parliamentary Committe that people at key positions in India office of Facebook are anti-BJP. He also said that he's taking back what he wrote ten years ago.

*Summary generated by [sansa](https://sansa.news/sections/?section=in_trending)*",unitedstatesofindia,1599118634,2020-09,"News summary about Facebook testimony, no profanity or abuse.",0,0,0,0,0,0,0
g3tjj04,"&gt; wars CANNOT be forced upon you! 

disagree. e.g. Alexandar came to India with his army, we didn't go anywhere to fight anybody so that war was forced upon us.

whatever word salad followed next was straw manning and red herring. 

&gt; inwards and fix our internal defects

tell me concretely which internal defects that if we fixed would have avoided any of the 4 wars with Pakistan, 26/11 attacks, and numerous terror infiltrations from Pakistan. 

this is all lala land thinking and divorced from reality.",unitedstatesofindia,1599118698,2020-09,"Political debate about wars, no personal attacks or hate speech.",0,0,0,0,0,0,0
g3tjjdn,"A joke :-

At a restaurant , on a first date , the young couple were just finishing their food . 

The guy had to go to the washroom , so he removed his watch and went.

The restaurant waiter was a perv and seeing the opportunity decided to hassle the lady. 

In on going Groping and hassling the watch fell on the floor . 

As the guy walked out of the washroom he saw what happened and immediately knocked out the waiter .

**No one sexually assaults a lady!** Bends to pick up his watch **At least not ON MY WATCH!**

( Courtesy of R/Jokes)",unitedstatesofindia,1599118709,2020-09,"Joke about sexual assault, no profanity or hate speech.",0,0,0,0,0,0,0
g3tjk4h,Whoa 😂....what was that like?,bollyblindsngossip,1599118730,2020-09,"Casual question, no issues.",0,0,0,0,0,0,0
g3tjo4v,Why Jadavpur? What happened there?,chodi,1599118843,2020-09,"Question about location, no issues.",0,0,0,0,0,0,0
g3tjooz,Main Dhruv Rathee. Mujhe sab kuch aata hai. Main genius number 1.,chodi,1599118860,2020-09,"Satirical self-praise, no profanity or abuse.",0,0,0,0,0,0,0
g3tjp13,"Arabs hurted the feelings of other muslims, ROITS in ARAB",chodi,1599118869,2020-09,"Comment about Arabs hurting Muslims, no profanity or hate speech.",0,0,0,0,0,0,0
g3tjqqo,Sry What grammar can you expect from a teen 😂 Thanks for telling me btw,saimansays,1599118918,2020-09,"Self-deprecating comment about grammar, no issues.",0,0,0,0,0,0,0
g3tjs97,"Sry What grammar can you expect from a teen 😂 Thanks for telling me btw , Not every .",saimansays,1599118961,2020-09,"Same as above, no issues.",0,0,0,0,0,0,0
g3tjx9p,"isko gatekeeping kehte hain.

aisa lagraha hai jaise kuhh chhipaane ki koshish ho rahi hai.

musalmano ko quran arbi mein padhayi jaati hai taki unko na pata chaley usmein kitni ghatiya cheezein likhi hai.

kya Vedon ke sath bhi aisa hi kiya jaraha hai?",chodi,1599119105,2020-09,"Criticism of Quran and Islamic practices, but no profanity or hate speech.",0,0,0,0,0,0,0
g3tjzga,"Diwali ke ek mahine pehle

Papa se 6  box (12 cartoons per box, 10 rolls per cartoon,100 caps oer roll ) toy gun caps leta tha

Aur weekend me nikal padta toy gun and pura box leke

Itne baar chalata toy gun ki raat ko garam pani me dukhta hua hath rakhna padta

Mere neighbor ki ladki Swati mera side chick banti aur usse me reload karwata

Swati ko shayad mujpe crush tha

Wo apne fatake bhi muje de deti

Wo khud fataka bani age jake

Par afsoos tab tak humare raste alag ho chuke the

FB pe friend hai

Surat ke koi builder se shadi kiya hai

Maintain bhi kiya hai",unitedstatesofindia,1599119169,2020-09,"Nostalgic story about childhood, no profanity or abuse.",0,0,0,0,0,0,0
g3tjzpe,Kya hua class meeting main?,unitedstatesofindia,1599119177,2020-09,"Question about class meeting, no issues.",0,0,0,0,0,0,0
g3tk56k,"Poor Hindus tried to save nuclear technology from getting in the hands of Mughals 

MUGHALS FORCED POOR INNOCENT BRAHMINS TO MAKE NUCLEAR BOMBS AND THEN DROP THEM ON POOR NAGA SADHUS DURING KUMBH MELA 

MUGHALS CONTINUED TO USE THIS DURING THEIR BATTLES . BUT STILL THEY LOST AGAINST THE MIGHTY MARATHAS WHO INTURN HAD TO DESTROY THE KNOWLEDGE OF NUCLEAR TECHNOLOGY",librandu,1599119335,2020-09,"Satirical historical claim, no profanity or hate speech.",0,0,0,0,0,0,0
g3tk5qk,"Ah yes ex-muslims' favourite song, Zain Malik - ~~Pillow~~ Taqiyaa talk",librandu,1599119352,2020-09,"Joke about ex-Muslims, no profanity or hate speech.",0,0,0,0,0,0,0
g3tk6vc,"Unpopular opinion, whatever this brat did does not warrent physical punishment. This shit only happens in 3rd world countries and we need to get out of this physical abuse mindset.",chodi,1599119384,2020-09,"Opinion against physical punishment, no profanity or hate speech.",0,0,0,0,0,0,0
g3tk8ud,"So woke SJW , BLM propagandis, left islamist apologists have also infiltrated technology sub. No Surprises there , keyboard warriors on their failed mission to portray us right wingers as fascist . Sure keep shouting Orange man bad, Trump bad , he'll be back in 2020 again.

Edit : Fearing backlash from Indians , the mods have locked the thread no comments can be added. For security reasons India can ban anything from China as we're literally in war with China , be it trade war or actual war in 2/3 fronts as we speak right now. Spread the message guys wherever u see such negativity, counter them with logic.",indiadiscussion,1599119440,2020-09,"Political rant, no profanity or hate speech.",0,0,0,0,0,0,0
g3tkfyg,"Tried, apparently I'm "" not allowed "" to post 🤷‍♀️ Also majority in the main Sub still believe that it's a suicide so I'm not sure if this post will be taken seriously.",bollyblindsngossip,1599119645,2020-09,"Comment about posting restrictions, no issues.",0,0,0,0,0,0,0
g3tkitm,"Are you saying ""what about kashmiri pandits"" is not an actual argument?",librandu,1599119727,2020-09,"Question about argument validity, no issues.",0,0,0,0,0,0,0
g3tkk11,Born Shia! but my family isn’t really religious beyond a belief in God and whatnot. I like the [wahdat al wajud](https://en.m.wikipedia.org/wiki/Sufi_metaphysics) concept and I like Islam and the Quran within its historical context but I don’t consider it superior or inferior to other religious texts. My dad taught us growing up that to be Muslim we needed to consider (for example) Ram and Krishna and the Buddha prophets too to really understand Islam or religion? So let’s make of that what we can haha. Are you practicing/religious?,chodi,1599119761,2020-09,"Personal religious discussion, no issues.",0,0,0,0,0,0,0
g3tkrsm,What about Nigahiga?,saimansays,1599119988,2020-09,"Question about a YouTuber, no issues.",0,0,0,0,0,0,0
g3tkx42,"&gt;Hindu extremists

&gt;They don't, at least not till now. What does Hindu extremist mean anyway ? That term is an oxymoron.

OxYmOrOn we are peaceful people and very tolerating",librandu,1599120152,2020-09,"Political commentary on Hindu extremism, no personal attack or hate speech.",0,0,0,0,0,0,0
g3tky8o,I'm so borred ki spam folder khol ke mails padh raha hu,unitedstatesofindia,1599120185,2020-09,"Self-deprecating humor about boredom, no profanity or target.",0,0,0,0,0,0,0
g3tkz1x,Well Considering the new epa laws are going to rape what's left of the forest... You should be demanding better laws which lead to protection.,unitedstatesofindia,1599120210,2020-09,"Metaphorical use of 'rape' to criticize environmental policy, no personal target.",1,0,0,0,0,0,0
g3tkzs7,"&gt;So, exactly how many subs have these jihadis infiltrated already? Seems like most of mainstream subs.

Everyone who disagrees with me is Paxtani",librandu,1599120232,2020-09,"Accuses others of being Pakistani, but no explicit hate speech or slur.",0,0,0,0,0,0,0
g3tl1b8,But we're living in 2020 what does it have to do with 1990.,chodi,1599120278,2020-09,Neutral question about relevance of past events.,0,0,0,0,0,0,0
g3tl8gd,Can't do that. I have my mother to look after. Even I work there she will be alone. What's the use of enjoying in German if I keep my mother alone in India. Being with her is the least that I can do for her.,unitedstatesofindia,1599120491,2020-09,"Personal reasoning about family responsibilities, no offensive content.",0,0,0,0,0,0,0
g3tlash,P se bas ek P &amp; G company ka mail aa rakha hai,unitedstatesofindia,1599120560,2020-09,"Humorous comment about spam emails, no offensive content.",0,0,0,0,0,0,0
g3tlb14,"I would warn against jumping into Vedas directly. Vedas aren't what you think they are i.e. a simple straightforward religious books. Vedas are, at least according to tradition, hymns which are the manifestation of primordial rhythms of creation. They are philosophically and stylistically deep, meant to be experienced rather than understood.

Take the Gayatri Mantra for example, there are only 24 people in the current Manavatara who understood it fully, so don't chase it.

First, develop yourself spiritually and decide how you will pursue spirituality.",chodi,1599120568,2020-09,"Informative discussion about Vedas, no offensive content.",0,0,0,0,0,0,0
g3tlczx,"What the fuck did I just read?

Are you feeling okay?",unitedstatesofindia,1599120627,2020-09,"Expression of shock using profanity, not directed at anyone.",1,0,0,0,0,0,0
g3tld6m,"I just want to say, be kind to everyone.
You never know what's going inside their mind.",bollyblindsngossip,1599120633,2020-09,"Kind advice, no offensive content.",0,0,0,0,0,0,0
g3tlk3q,"What did you expect from 17-18 year old kids? 

Also OP can you add some screenshots? I want to laugh.",unitedstatesofindia,1599120839,2020-09,"Sarcastic comment about young people, no personal attack.",0,0,0,0,0,0,0
g3tllxx,Good question. I always knew that award ceremonies especially Filmfare would award the most popular film of the year and not necessarily the best performances. But I was fine with that. I think they lost credibility when they started awarding Dharma shit even for categories like music. Maybe it's hypocritical but atleast earlier no matter what they used to award people even if they didn't turn up for awards as long as the film made money. But after a point being present for the awards was also a criteria. So it seemed like awards turned into a family affair rather than something to be respected.,bollyblindsngossip,1599120893,2020-09,"Criticism of award shows, no personal attack or hate speech.",0,0,0,0,0,0,0
g3tlslm,"This meme is funny But PuBG is South Korean game, what is the point of banning it??",saimansays,1599121088,2020-09,"Question about game ban, no offensive content.",0,0,0,0,0,0,0
g3tlthb,D pe mere college ke Dean ka ek email aa rkha hai spam me 😂 aur sab toh faaltu hain,unitedstatesofindia,1599121115,2020-09,"Humorous comment about spam emails, no offensive content.",0,0,0,0,0,0,0
g3tlty1,What exactly did he say? Sorry out of loop on this one.,bollyblindsngossip,1599121129,2020-09,"Neutral question asking for context, no offensive content.",0,0,0,0,0,0,0
g3tluea,"I disagree on this point. Nirmala's handling of economy has been excellent. She walked a tight rope between politically achievable and necessary pre covid with sheer ability. You don't believe me, check out her interviews for the current budget. 

Post covid she latched on to crisis and pushed many reforms. 

She has a clear understanding of what are the issues of our current economy and vision about how to solve it.

Mark my words, if she continues in this role we would see unprecedented growth in our GDP in following years.",chodi,1599121142,2020-09,"Political opinion praising a minister, no offensive content.",0,0,0,0,0,0,0
g3tlum6,"That is beautiful, I admire that.
However, your mother surely wants what's best for you and doesn't want all her hard work to be in vain.

Follow your dreams, but always stay in touch.
Give her all of your love even from afar.

Order online bouquets of flowers for her, call her everyday, let her know you miss her.
That is my advice",unitedstatesofindia,1599121149,2020-09,"Supportive advice, no offensive content.",0,0,0,0,0,0,0
g3tlyid,"Kya pata yaar. Mai toh khud 5'6"" hu, aur agar mai inke section me hota, ya phir uss group me active hota toh meri bhi lag jaati. Fortunately, mere section waale thode se behtar hai, atleast abhi tak.",unitedstatesofindia,1599121265,2020-09,"Personal anecdote about height, no offensive content.",0,0,0,0,0,0,0
g3tm07i,"&gt; if you keep defending islamists, we will have no option but to expose you to islamists.

&gt; then let you guys fight it out.

&gt; then you will call out to ""chaddis"" for help, but we will sit with popcorn in our hands.

A chaddi and his fantasy. Disconnected forever from reality.",librandu,1599121316,2020-09,Political commentary using derogatory term 'chaddis' but not targeting a specific person or group.,0,0,0,0,0,0,0
g3tm2tb,How much do you print? And what do you print?,unitedstatesofindia,1599121395,2020-09,"Neutral question about printing, no offensive content.",0,0,0,0,0,0,0
g3tm3f4,"Bhoot Police &amp; not Bhogle police*

What a glorious cast - can’t wait to see the acting talents of Jacky &amp; Arjun Kapoor share screen space for the first time. 
The movie is being directed by Pavan Kripalani who has previously directed such masterpieces such as Ragini MMS and Darr@the Mall so you know this movie is definitely going to be oscar worthy.",bollyblindsngossip,1599121412,2020-09,"Sarcastic movie review, no profanity or personal attack.",0,0,0,0,0,0,0
g3tmch4,Wtf is this and what is this thread ?,librandu,1599121680,2020-09,"Exclamation with profanity, no target.",1,0,0,0,0,0,0
g3tmfme,"&gt; Kangana basically opened all the drug Bollywood/politicians/industrialist secrets on national tv. Obviously she’s not gonna feel safe coming back to mumbai. 

What secrets?",bollyblindsngossip,1599121773,2020-09,"Discussion of public figure's claims, no attack.",0,0,0,0,0,0,0
g3tmgl3,Seriously The Wire? you are going to advice a sovereign country not to take action whose sovereignty is threatened by a expansionist communist country? And you are taking the word of that country which is encroaching others country land and blaming it on them? If India has to be responsible for border skirmishes then what is China doing inside India?,unitedstatesofindia,1599121802,2020-09,"Political commentary on border dispute, no personal attack.",0,0,0,0,0,0,0
g3tmhvr,"I just saw a chode imply that exmuslims should revert to the religion of their ancestors instead of becoming atheists. 

My braincells fermented reading that. Doesn't get any more disconnected from reality than that. 

[Sauce](https://np.reddit.com/r/chodi/comments/il3u0p/_/g3pw03r)",librandu,1599121842,2020-09,"Criticism of a person's argument, no profanity or identity attack.",0,0,0,0,0,0,0
g3tmjrk,So they are admitting to the fact that a bunch of Muslims assfucked a whole league of them all to death,librandu,1599121898,2020-09,Graphic sexualized violence against a religious group.,1,1,1,0,1,0,0
g3tmkpc,"Reddit is owned by Tencent. Most of the popular subs follow the blm, commie, jihadi propaganda",indiadiscussion,1599121927,2020-09,"Conspiracy theory about media, no direct attack.",0,0,0,0,0,0,0
g3tmpb1,"Bhakt sab hote hai, bas bhagwan alag alag hai. Jai shree ram. Jai bhole. Har har mahadev",unitedstatesofindia,1599122067,2020-09,"Religious statement, no hostility.",0,0,0,0,0,0,0
g3tmx6m,Alexandra Daddario ke aankhon mein samaa jaana chahta hu main,unitedstatesofindia,1599122304,2020-09,"Expression of admiration, no offense.",0,0,0,0,0,0,0
g3tmyu4,and Muslims,librandu,1599122353,2020-09,"Incomplete, no context, no offense.",0,0,0,0,0,0,0
g3tmzgt,Thats exactly how Manhmohan singh lost in 2014,unitedstatesofindia,1599122373,2020-09,"Political commentary, no attack.",0,0,0,0,0,0,0
g3tn1ve,hume aapke👉 memes bohot 😘khoobsurat😍 lagte🤤 hai😻 main👈toh👀 ek 1⃣ghanta🕦 ya 🤔aadha1⃣➗2⃣ ghanta🕤 sirf🚍 aapke memes 🍑 ko 💋 like🤕 karu 👻aur dekhu😈 mere🥋 takreeban🤹 nau 9⃣ account 🎶 🔁 hai 🍆toh🦁 nau9⃣ account⭕ se☺️ jab👅 mai👳‍♂️ follow🍆 karu😀 🤰toh 👰taape🍳 maru🏏 tadan🏓 tadan🏸 karke🏑 taape🎾 maru🤼‍ khoobsurat 💖 ye👆 toh👄 very 👀nice 👍 meme🍑 hai 👋 ye 👉 to ▶️ meri 👨 pasand 👍 ke 👑 meme 🍑 hai 🍯hmm❓ main✅ to🔱 isko🔞 itna🥄 like💜karu💛 Aadha📯 ghanta 🕢to 🏌️mai🏇 iske👐like🍑 button pe 🔑 ⬆️haath🤚 pheru🇧🇶 aur💯 pyaar 💙karu🥺,chodi,1599122447,2020-09,"Overly enthusiastic comment with emojis, no offense.",0,0,0,0,0,0,0
g3tn4cd,"They're so stupid that they feel the ex-muslims would become their natural allies because they feel there's common hatred for the Muslims. They forget that there's a lot of difference between being against the muslims (individuals) and being against Islam (ideology). Most ex-muslims become atheists and reject every religion, including Hinduism, which upsets the Sanghis. When the ex-muslims don't agree with the Hindutva narrative, the Sanghis call them a Jihadi - like they do with Javed Akhtar.",librandu,1599122524,2020-09,"Discussion of ideological differences, no attack.",0,0,0,0,0,0,0
g3tn6ig,"Thats what people have been saying to paki and terrorists sympathizers/leftists, you can leave for pakistan. Maybe, now the ecosystem will understand.",bollyblindsngossip,1599122589,2020-09,"Political commentary, no direct attack.",0,0,0,0,0,0,0
g3tncsg,Man just went from I don't think we should discriminate people on skin color and religion in one sentence to saying islam is toxic and Muslims should be eradicated in the next...dude became bipolsr in the space of a sentence brilliant,librandu,1599122778,2020-09,"Criticism of a person's views, no profanity or identity attack.",0,0,0,0,0,0,0
g3tnj0k,"Even if he change it to iqbal or abdul, his situation will remain same.",unitedstatesofindia,1599122967,2020-09,"Comment on name change, no offense.",0,0,0,0,0,0,0
g3tnt9j,"https://in.reuters.com/article/india-dataprotection/indias-privacy-bill-seeks-access-to-users-data-from-companies-idINKBN1YE1R2

Any kind of concern for privacy within India is definitely valid.

But your liberandu friend is purposely ignoring what China does via whataboutism.

Edit: I’d also like to point out the CPI supported Mao’s actions, so…",chodi,1599123285,2020-09,"Political discussion, no attack.",0,0,0,0,0,0,0
g3tnxm3,"Madam yaha sab chutiye hai aap kisse sunao, I live for the stories from older people here.",unitedstatesofindia,1599123417,2020-09,"Profanity used to describe people in general, not targeted.",1,0,0,0,0,0,0
g3tob18,What I'm saying is that if you play only one game and start parading around as a gamer it isn't cool. All these Instagram pages with chapri admins who post relatable stuff to 'gamers' have popped up because of this while in reality the only 'game' that they are talking bout is PUBG.,saimansays,1599123830,2020-09,"Criticism of gaming culture, no personal attack.",0,0,0,0,0,0,0
g3todk7,Main galat school me padha,unitedstatesofindia,1599123912,2020-09,"Self-deprecating comment, no offense.",0,0,0,0,0,0,0
g3tof3y,"I knew this one would be a talk of the town someday...why can't his sister have a political opinion? What is wrong in supporting Kamra and thrashing Sadhguru?

Even I'm a fan of Kamra, so can I not ask for justice for SSR?",bollyblindsngossip,1599123961,2020-09,"Political commentary and support for a comedian, no personal attack or identity-based hate.",0,0,0,0,0,0,0
g3tom6v,Ye konsi school hain. Humare yaha to plaits ekdum sahi se nahi banaye hote to hi recess ke baad kachra uthvane ki punishment milti.,unitedstatesofindia,1599124181,2020-09,"Humorous comment about school punishment, no profanity or hate.",0,0,0,0,0,0,0
g3tondm,I hope what you’re saying is true. There’s something other than drugs is going on. I can only pray that truth will come out.,bollyblindsngossip,1599124218,2020-09,"Expressing hope and prayer, no offensive content.",0,0,0,0,0,0,0
g3toogn,"Main political comments se sanyaas le Raha hoon. Kaheen main kucch bhi political boloon, gaali de de k chup Kar Dena mujhe",unitedstatesofindia,1599124251,2020-09,"Self-deprecating comment about political comments, no profanity or hate.",0,0,0,0,0,0,0
g3topir,FB ke links daalna allowed nahi reddit pe? Ek fb post share karna hai yahaan aaplogo ke saath kaise karu,unitedstatesofindia,1599124284,2020-09,"Question about sharing links, no offensive content.",0,0,0,0,0,0,0
g3topu1,"Or maybe he just cracked the formula of what sells and is now just repeating it because it works.

He also made akashvani which was very different to PKP series and majorly flopped. Says more about the audience than the director if you ask me",bollyblindsngossip,1599124293,2020-09,"Criticism of a director's motives, no personal attack or hate.",0,0,0,0,0,0,0
g3totu9,"All of the good memes on there are from Reddit and sometimes even with watermark

And that's not what I meant , I was talking about the shitty facts they post there which are obviously fake",saimansays,1599124413,2020-09,"Criticism of content on another platform, no profanity or hate.",0,0,0,0,0,0,0
g3towux,"Mind your language?? Are you seriously telling someone to mind their language regarding a chutiya criminal law??? 

If you actually have any idea of starting up a manafacturing unit you would know the only thing that makes a law applicable to you is the depth of your pockets.. So I assume you got screwed by the ""law"" but your touchy about the industrialists being called out for them??? 

What is your angle other then being horribly out of touch and quote frankly lying through your teeth?",unitedstatesofindia,1599124508,2020-09,"Profanity used in political criticism, no personal attack or identity-based hate.",1,0,0,0,0,0,0
g3tox53,Dude I have been a daily player of the game yet I will vote for Modiji. I just don't fucking know what has gotten into these guys.,chodi,1599124517,2020-09,"Profanity used as filler, no personal attack or hate.",1,0,0,0,0,0,0
g3tp199,"Aaah..  The reality is bhakti Mai Shakti Hai.. 

And you my friend are a paid or unpaid shill.. Since you conveniently point out mms but ignore further degradation under modi.

It's not a echo chamber here dude, it's just that YOU don't make and sense. You rant and rave to rape the nation long as YOUR people are not the victims... And even if they are fuck em because I have an agenda.",unitedstatesofindia,1599124645,2020-09,"Political rant with profanity and accusation of shilling, no personal attack or identity-based hate.",1,0,0,0,0,0,0
g3tp36e,No. They family didn't pay for it. The email is to some Lovely Chaubey. And there is mention of donors.,bollyblindsngossip,1599124703,2020-09,"Factual statement about an email, no offensive content.",0,0,0,0,0,0,0
g3tp45z,What you teach?,unitedstatesofindia,1599124735,2020-09,"Simple question, no offensive content.",0,0,0,0,0,0,0
h6eoo7c,"So Tilak was a beastly savage all along,even liberal historians like Upainder Singh and NCERT used to simp for him.",librandu,1627162249,2021-07,"Historical criticism, no personal attack or hate.",0,0,0,0,0,0,0
h6ep0hp,"She's not book smart or cultured. She will probably think Bach is an abbreviation of Bachchan.

She's street smart! God know what all link she has?

Pure speculation here, Kundra is the Bali Ka Bakra?

She wants out, she outed him for this. He's well connected and frontal nudity isn't something you get arrested for in India. Look at scared games, there had scene or two.

But either someone higher up is super duper annoyed at  him. 

There is a case of porn, nobody has seen it and whole Twitter is out for link?

That doesn't add up. I did hear that Indian masala content were being made, but never thought it was possible in India. Even if it was forced, the guy has connections to make if disappear. 

What if Shilpa the master brain behind this? He's just a show piece.

Again this is pure speculation!**",bollyblindsngossip,1627162425,2021-07,"Speculative commentary on a celebrity, no profanity or hate.",0,0,0,0,0,0,0
h6ep4e4,"""hoping covid be a bit more deadly? "" . What if you or members of your family get infected and die? What would be your stance then ? Will you still be happy that the country is better off? 

Not calling you out , serious question.",unitedstatesofindia,1627162482,2021-07,"Serious question about COVID, no offensive content.",0,0,0,0,0,0,0
h6epdx1,Jahil katarvadis. But what is the point of posting this here?,unitedstatesofindia,1627162616,2021-07,Insulting term 'jahil katarvadis' but no specific target or identity-based hate.,0,0,0,0,0,0,0
h6epr0k,"Out of curiosity, can I ask what usually comes across as non-serious with self managed profiles of women? 

For context, I'm managing my own profile and I prefer to chat/text a little before talking on the phone, also prefer to talk to the person first before involving parents.  I'm definitely serious and I try to be upfront and not waste anyone's time. I do wonder sometimes if I come across as non-serious.",arrangedmarriage,1627162806,2021-07,"Genuine question about dating profiles, no offensive content.",0,0,0,0,0,0,0
h6eq37e,"Even days: cAsTiSm dOeSnT eXiSt.

Odd days: iF aNyOnE tHe bRaHmInS sUfFeReD tHe mOsT!",unitedstatesofindia,1627162978,2021-07,"Satirical comment about casteism, no profanity or hate.",0,0,0,0,0,0,0
h6eq4nc,"What a disaster! I understand there are so many deserving people associated with the business of ""going to the movies"" but these activities should be the least of the concerns right now. There is a global resurgence happening with a variant that ORIGINATED (most likely) in India itself and the global scientific community is predicting very grave stats for the fall season because of that very variant. Do they want to birth a new variant when India's just starting to breath a little bit better (yes, pun intended)?",bollyblindsngossip,1627162999,2021-07,"Criticism of movie theaters during pandemic, no offensive content.",0,0,0,0,0,0,0
h6eqb7x,"I hope that is the case, sadly I know way too many people who've rushed to marriage halls, unventilated air-conditioned  indoor dining and whatnot so I wouldn't be surprised that those same people would make these theaters go house full too 😰",bollyblindsngossip,1627163094,2021-07,"Concern about COVID spread, no offensive content.",0,0,0,0,0,0,0
h6eqc4a,Sant Rampal is a successor to Muhammad. That means he is a successor to Allah himself.,indiadiscussion,1627163107,2021-07,"Religious claim about succession, no profanity or attack.",0,0,0,0,0,0,0
h6esegp,Sundar Kafirayi,sham_sharma_show,1627164168,2021-07,"Unclear phrase, no clear target or profanity.",0,0,0,0,0,0,0
h6eshb5,"Idk about y’all but I dig the fact that he’s unabashed with what he wears and how he behaves. Sure he’s a lot but atleast he’s himself and a lot of his fashion is quite fun, a lot of men are simple and boring with their clothing.",bollyblindsngossip,1627164209,2021-07,"Positive commentary on fashion, no attack.",0,0,0,0,0,0,0
h6esii1,"Again, I agree PC's response was extremely bad, she could have done so much better, given she has been media trained since she was 17. More she spoke, more dumb and ignorant she sounded. Her main intent got lost in the way she presented her thoughts. 

Also, agreed to her cringe persona she has adapted to fit in US diaspora. If you look at my other comments, i have mentioned it.",bollyblindsngossip,1627164226,2021-07,"Criticism of public figure's response and persona, professional.",0,0,0,0,0,0,0
h6etb7r,What's the bias in that..,unitedstatesofindia,1627164645,2021-07,"Question about bias, no attack.",0,0,0,0,0,0,0
h6etgg3,"What has this woman achieved or accomplished that she has 40M followers, besides being the youngest most beautiful woman in the universe and yet no one knows who she is.",bollyblindsngossip,1627164724,2021-07,"Sarcastic question about achievements, no profanity or identity attack.",0,0,0,0,0,0,0
h6eujmc,"Fucking duplicitous bastards they are..I fully support what ure posting...the people hating on u here have no clue what these fuckers are really up to...jihad is of many types and these fuckers have allegiance only to their own.. people seem to have conveniently forgotten that they were invaders...the history taught in textbooks is bullshit..Akbar ""the great"" ..bitch PLZZ...Jai Shri Ram!",indiandankmemes,1627165289,2021-07,Profanity and religious hate speech against Muslims.,1,1,1,0,1,0,0
h6ev2vo,Rani? Govinda? Sridevi? What about them?,bollyblindsngossip,1627165571,2021-07,"Question about actresses, no attack.",0,0,0,0,0,0,0
h6evwc4,Good he has at least moved on from Ghagras/skirts to necklaces now. Not sure what's next but I feel he has the personality to pull it off no matter how ridiculous it looks or sounds.,bollyblindsngossip,1627165999,2021-07,"Sarcastic but not abusive, no profanity.",0,0,0,0,0,0,0
h6ew47o,"I think it's because it's poorly connected to the mainland by a small corridor. Cultural and historical factors also play a role.
So because of that it's not considered as a part of the mainland.",librandu,1627166115,2021-07,"Neutral explanation, no attack.",0,0,0,0,0,0,0
h6ewg0q,"I saw that you mentioned Ben Shapiro. In case some of you don't know, Ben Shapiro is a grifter and a hack. If you find anything he's said compelling, you should keep in mind he also says things like this:

&gt; Palestinian Arabs have demonstrated their preference for suicide bombing over working toilets.


*****

^(I'm a bot. My purpose is to counteract the social media pipeline that sends people his way. I'm part of a project that uses technology to better understand and counteract Ben and other right wing grifters. /r/AuthoritarianMoment for more info, to request features, or to give feedback.) [^Opt ^out ^here.](https://www.reddit.com/r/AuthoritarianMoment/comments/olk6r2/click_here_to_optout_of_uthebenshapirobot/)


^(You can also summon me by tagging thebenshapirobot. Options: healthcare, novel, feminism, patriotism, civil rights, dumb takes, taunt, or just say whatever, see what you get.)",indiandankmemes,1627166290,2021-07,"Criticism of public figure, includes quote with offensive content but not directed at user.",0,0,0,0,0,0,0
h6ewgo8,"A Hindu guy is talking to a Muslim guy, during the course of their conversation they start talking about their kids .Hindu: I have one daughter, she is in 1st standard. How many kids do you have? Mus: I have 10 kids sir.Hin: how do you manage to educate and take care of them all? Mus: oh no I don't send them to school n all, for each kid madrasha gives money, so we make do with that.Hin:???!!!",indiandankmemes,1627166299,2021-07,"Anecdote stereotyping Muslims, no profanity.",0,0,1,0,1,0,0
h6ewid2,What? Really? Rohit banged her?,bollyblindsngossip,1627166324,2021-07,"Question about relationship, no attack.",0,0,0,0,0,0,0
h6ewpv6,"I disagree with your opinion on Madhuri. She is a brilliant actor as well. 
Watch Aja Nachle “Laila Majnu” song where she acts while narrating the story. It’s a master class . 

Rani is another example of good dancer and actor. She is amazing . 

If Katrina is a good dancer , I am MJ in terms of dance 😂
I don’t know what barometer people have to gauge dance but she is absolutely atrocious and she is an insult to dance .",bollyblindsngossip,1627166435,2021-07,"Criticism of dancer's skill, no profanity or identity attack.",0,0,0,0,0,0,0
h6ex1pu,"Yaha saare nithalle CM hai, Uttarakhand me. Aaj tak kisi ne complete tenure nahi kia, pehle waale ko chorr ke.",indiandankmemes,1627166612,2021-07,"Criticism of politicians, no profanity.",0,0,0,0,0,0,0
h6ey30k,Upvote le aur chl nikal yaha se,indiandankmemes,1627167170,2021-07,"Dismissive command, no profanity.",0,0,0,0,0,0,0
h6eymwa,Vo bi ek time tha jab Maine bhot sochkar Lamborghini choose Kari thi,indiandankmemes,1627167470,2021-07,"Nostalgic statement, no attack.",0,0,0,0,0,0,0
h6eytmc,"""Cruel to them"" Then maybe work to improve social conditions instead of demonizing people who are escaping horrific circumstances. 

&amp;#x200B;

I never said marginalized communities are immune from criticism, it's dipshits like you who think that - in fact this just proves your bigotry, you think me defending marginalized people means I think they're special angels or something. 

&amp;#x200B;

""Blame the victim"" 

&amp;#x200B;

You 100% seem like the kind of person to say ""what was she wearing"" when a woman gets raped, don't whine about victim blaming lmao.",desimeta,1627167572,2021-07,Argumentative but no profanity or identity attack.,0,0,0,0,0,0,0
cl0tsyl,"I would, but *hamara desh bhakt media no show tis*.",bakchodi,1412490577,2014-10,"Sarcastic comment about media, no profanity.",0,0,0,0,0,0,0
cl0wdbc,Will they be using m0ps to clean up the katua mess? ,bakchodi,1412503875,2014-10,"Derogatory term for Muslims, no profanity.",0,0,1,0,1,0,0
dfowgl2,What exactly is that sub for?,bakchodi,1491053738,2017-04,"Neutral question, no offensive content.",0,0,0,0,0,0,0
dfowk6t,"http://imgur.com/a/YnPGL

Le bhai. /r/Nepal me post karega ya mai karu?",bakchodi,1491053931,2017-04,"Casual comment about posting, no offensive content.",0,0,0,0,0,0,0
dfown9f,"maine comment kar dia hai 

r/Nepal/comments/62sa69/indian_trolls_have_been_destroying_our_flag_in/ ",bakchodi,1491054093,2017-04,"Informational comment, no offensive content.",0,0,0,0,0,0,0
dfoyamy,Stupid gutka niggers! Nepali flag is already a Hindu flag unlike your secular flag drawn to please Christians and Muslims by by putting white and green stripes.,bakchodi,1491056945,2017-04,"Racial slur 'niggers' used, and religious slur 'gutka' targeting a group, with communal hate.",1,1,1,0,1,0,0
dfp0g25,"yess brohter..

th3se kaffurs w1ll cum crawlin wh3n teh muj4hid33n cum ins1de th3m..

allahah cuckbar...",bakchodi,1491060270,2017-04,Obfuscated profanity and hate speech targeting Muslims with sexual violence.,1,1,1,0,1,0,0
dfp187v,"Some time ago one of the most fundamental r/india rules; No.4 'Be civil to other posters' got removed quietly. Instead the closest we have to a rule on abusive content is this.

https://www.reddit.com/r/india/wiki/index

&gt;Hate Speech : We do not allow hate promoting content which includes but not limited to racism, casteism and other similar variants. **What is Hate Speech? Like a US Supreme Court justice once said, ""We will know it, when we see it"".**

So officially the mods decide case-by-case what is wrong and what isn't. That explains why exchanges between posters can get so heated and why so many get away with personally attacking and abusing other posters.",indiadiscussion,1491061377,2017-04,"Discussion of subreddit rules, no offensive content.",0,0,0,0,0,0,0
dfp2jeg,"&gt; Hindu katua tbh fam
&gt; 
&gt; 

No such thing.

&gt;Katuas do the same with their namaz. 

Except Bharat is natural homeland of Hindus and Katuas are invaders ",bakchodi,1491063204,2017-04,"Uses slur 'katua' for Muslims and calls them invaders, communal hate.",0,1,1,0,1,0,0
dfp3r7h,"Serves you right.

Trying to troll people when you're the most sensitive and ridiculous people on the internet ... lol.

Pick on Muslims, fair game, goat fucking and child humping ... Leave others alone.",bakchodi,1491064953,2017-04,"Encourages targeting Muslims with offensive stereotypes, communal hate.",0,1,1,0,1,0,0
