id,body,subreddit,created_utc,year_month,analysis,profanity_vulgarity,targeted_abuse_harassment,discriminatory_hate_speech,caste,communal_religious,regional_xenophobic,misogyny_gender
fww0onb,**WIDE PAPPU**,chodi,1593854519,2020-07,"Nickname for a political figure, no profanity or hate.",0,0,0,0,0,0,0
fww0p5f,Palti mar liye ye log?,chodi,1593854533,2020-07,"Question about political flip-flopping, no profanity or hate.",0,0,0,0,0,0,0
fy5su7e,"If Only I could say username checked out. ""hinduism"" ""hinduism"" ""hinduism"". What is ""Hinduism""?

Can you elaborate on that? 

PS : I agree that Buddism / Sikhism started out of `hinduism`, I even consider them as a part, but since you're so wonderful with wiki and all links and highlighting. Tell me what is hinduism.

where did it start and how it evolved?

If there's something called ""Hinduism"" does it mean we were thought lies in name of Sanatan Dharma?",chodi,1594832135,2020-07,"Discussion about religion, no profanity or hate.",0,0,0,0,0,0,0
fy5qrrh,"Bhai I know self advertising is wrong here but can you pls support [me](https://youtu.be/_AAszhjoROQ) a little on my YT channel? And if course, thank you!",saimansays,1594831162,2020-07,"Self-promotion, no profanity or hate.",0,0,0,0,0,0,0
fww43kj,Indian media idk why tf they can't be neutral yaa to liberalism ke naam pe hugege ya patriotism ke naam pe bkl news do chalte bank meko kya farak padta hai terrorists ke baare me bjp/congress neta ka kya kehena hai (facepalm emoji),saimansays,1593858204,2020-07,"Profanity directed at media, not a person.",1,0,0,0,0,0,0
fww1eua,Carry on jatta noises.,saimansays,1593855295,2020-07,"Reference to a meme, no profanity or hate.",0,0,0,0,0,0,0
fy5yyg4,"He's not wrong though.
I can see offended ppl here too in the comments.",librandu,1594834995,2020-07,"General observation, no profanity or hate.",0,0,0,0,0,0,0
fz41102,All of it cannot be suffering.,librandu,1595612294,2020-07,"Ambiguous statement, no profanity or hate.",0,0,0,0,0,0,0
fww3ivk,"This is a reminder. Please do not vote or participate in the linked thread, unless you are a regular participant in the linked subreddit. We cannot help you if your account is actioned upon for brigading. Even if we could help you - which we cannot - we wouldn't.


*I am a bot, and this action was performed automatically. Please [contact the moderators of this subreddit](/message/compose/?to=/r/librandu) if you have any questions or concerns.*",librandu,1593857583,2020-07,"Automated bot message, no profanity or hate.",0,0,0,0,0,0,0
fz41069,"Its not that old tbh, there are far older cult classics that are still popular today. Take Brazil for example. I am an avid fan of Terry Gilliam ibw.",unitedstatesofindia,1595612283,2020-07,"Discussion about movies, no profanity or hate.",0,0,0,0,0,0,0
fww1vey,"After all this power tripping by modi, it will be interesting to see how Congress treats bjp people when they come in power.",unitedstatesofindia,1593855783,2020-07,"Political speculation, no profanity or hate.",0,0,0,0,0,0,0
fww4bll,Oh yeah I did forget about that after Delhi election.,unitedstatesofindia,1593858439,2020-07,"Personal recollection, no profanity or hate.",0,0,0,0,0,0,0
fww8c0i,Checking for non-explosives.,bakchodi,1593862600,2020-07,"Joke about checking for explosives, no profanity or hate.",0,0,0,0,0,0,0
fww347b,"So you 'had been' a Muslim for 17 years, which means you are not one right now?",bakchodi,1593857140,2020-07,"Question about religious identity, no profanity or hate.",0,0,0,0,0,0,0
fww3cob,You do realize that India is a infidel and idolator majority country and the residing Muslims can use or are using Taqiya in this ripe situation?,bakchodi,1593857395,2020-07,"Derogatory terms for India and Hindus, religious hate.",0,0,1,0,1,0,0
fwwa2zf,"TBF, despite all the hatred, Priyanka is thriving more than ever. She is doing Matrix 4, that TV show opposite Robb Stark of GoT and has a deal with Amazon now.",bollyblindsngossip,1593864216,2020-07,"Comment on celebrity career, no profanity or hate.",0,0,0,0,0,0,0
fww7hj9,#B I T C H,bollyblindsngossip,1593861757,2020-07,"Explicit profanity, no target.",1,0,0,0,0,0,0
fww55zg,"There was one plastic surgeon who did loads of work on himself. Then he committed suicide.  Not all are content with themselves.  Sad all around.

https://www.dailymail.co.uk/news/article-3196255/I-m-upset-m-freak-Dr-Fredric-Brandt-texted-friend-two-weeks-took-life-similarities-Unbreakable-Kimmy-Schmidt-character.html",bollyblindsngossip,1593859338,2020-07,"Discussion about plastic surgery, no profanity or hate.",0,0,0,0,0,0,0
fz3xzfq,"# According to your logic, TV was invented only for rally broadcasting.

# Congrats. You have reached the highest level of stupidity.",indiadiscussion,1595610879,2020-07,"Insult directed at a person, no profanity.",0,1,0,0,0,0,0
fy5s6w0,Has adblocker installed but still gets ads lul,indiadiscussion,1594831829,2020-07,"Comment about ads, no profanity or hate.",0,0,0,0,0,0,0
fww7fhg,"just now they banned me permanently from r/india. Lol, i haven't even joined that sub. Someone must have told them about this post",indiadiscussion,1593861697,2020-07,"Neutral comment about being banned from a subreddit, no profanity or abuse.",0,0,0,0,0,0,0
fz3tf0c,"Talk like you would talk to any else you just met. Say hi, introduce yourself, ask her about herself and keep the conversation light. Ask about their day, hobbies, food, whatever. Once you are more comfortable with each other, ask more personal questions to get to know them. It is okay to admit that you are nervous / feel awkward.",arrangedmarriage,1595608753,2020-07,"Advice on how to talk to someone, no profanity or abuse.",0,0,0,0,0,0,0
fz3scv7,"It wouldn't hurt to try to strive to just be friends. Even if your family or her family is rushing for an kid.... its chance even if you're trying.

Would it be an option to get through a full activity that she enjoys? Get through it. Dont complain. Actively keep your energy up during it. 

She might end up trying to do the same for you. And if she doesnt, she doesnt. Worth a shot.

You guys have nothing to lose at this point.",arrangedmarriage,1595608252,2020-07,"Advice on building friendship, no profanity or abuse.",0,0,0,0,0,0,0
fz3vm49,"The MIL phenomenon. 

Mother in laws from arranged marriages and their expectations of girls. 

There is a psychological thing that happens to boys in which they feel guilty that theyve chosen their wives over their mothers. It is ironic because it is their mothers that had forced them or led them into an arranged marriage. 

Men will be great to their wives behind closed doors and then rebel or make issues with them because their mother feels the DIL is stealing their son away. 

This can sometimes, when boundaries are pushed too far, causes for psychological damage to the girls, mental, emotional and sometimes physical abuse. In many cases, this even leads to affairs by the man because he feels that by not being loyal to his wife, he is being more loyal to his mother.",arrangedmarriage,1595609777,2020-07,"Discussion of mother-in-law dynamics, no profanity or abuse.",0,0,0,0,0,0,0
ge26lkh,"Galat, bilkul galat 

Koi farmer protest nahi kar raha hai, sub politically driven vyaktitva hai

Saala, rally hai ki theatre (the one where people perform, not cinema)",chodi,1606672838,2020-11,"Criticism of protest as political, uses mild profanity 'Saala' but not directed at a person.",1,0,0,0,0,0,0
ge2aqul,"I know about that, but still u don't understand. If a country works according to religion. Than there is not room for Atheists, like Islamic countries. Now I know hinduism is different from cultists religions. So Hinduism might allow people to be atheist but not sure about the people controlling it. Like caste system was different in texts compared to how it worked in real life.",chodi,1606674868,2020-11,"Discussion of religion and atheism, no profanity or abuse.",0,0,0,0,0,0,0
ge25amu,"[Here is something with photo](https://digitalamitkaul.online/hathras-victims-fake-sister-in-law/),I don't know about the similarity but ""Bhabhi"" context comes from here  


[Another article](https://www.opindia.com/2020/10/rajkumari-bansal-dake-naxal-bhabhi-hathras-case-sister-in-law/)",chodi,1606672198,2020-11,"Neutral comment about a photo and article, no profanity or abuse.",0,0,0,0,0,0,0
ge26mz6,"Cancer movie, right?",unitedstatesofindia,1606672857,2020-11,"Question about a movie, no profanity or abuse.",0,0,0,0,0,0,0
ge24w8q,"That’s the saddest part, because we know weddings in India encompass so many people of different ages, young to older, healthy to sick. It’s a blatant disregard for human life. Shame on the people throwing it, but shame in the people attending as well. I have 3 uncles get it, because they insisted on going to a funeral. They brought hone into a house with 2 newborns, both young mothers caught it. I have another uncle bu marriage who is basically n invalid, he got sick, and the doctor said, no way it’s Covid because you don’t go anywhere, well guess what ? His O2 saturation dropped into 50’s and he passed away... from Covid. It was beyond anyone’s understanding that Covid came into the house. Now forget weddings, look at these election rallies. Just because you deny covid doesn’t make it go away !!",unitedstatesofindia,1606672002,2020-11,"Criticism of wedding and election rallies during covid, no profanity or abuse.",0,0,0,0,0,0,0
ge28c1y,"Capture may not be the right word, but winning an election by dividing Hindus and Muslims isn't the best way either",unitedstatesofindia,1606673696,2020-11,"Political comment about dividing Hindus and Muslims, no profanity or abuse.",0,0,0,0,0,0,0
ge285q1,"It would take one bill to do anything. And no bribing few goverment employees cannot change a law. This is not US this is india. For passing a bill to abolish MSP, bribing few days employees won't work, you have to bribe majority of lok sabha and rajya sabha which will go in dozens of Billions of dollars. Definitely not worth it.",indiadiscussion,1606673612,2020-11,"Discussion of political process, no profanity or abuse.",0,0,0,0,0,0,0
ge2637a,r/indiaspeaks is slowly turning like this ngl,indiadiscussion,1606672587,2020-11,"Comment about a subreddit, no profanity or abuse.",0,0,0,0,0,0,0
ge26og4,"It would take only one bill to abolish MSP. And it would take just one corporation to buy off a few government officials to make that happen. Also, even if this doesnt happen theres no gurantee the government will be able to turn the situation around if the price begins dropping.",indiadiscussion,1606672877,2020-11,"Discussion of political process, no profanity or abuse.",0,0,0,0,0,0,0
ge27dsk,"So,what do you think about that sub,is it delicious.",librandu,1606673232,2020-11,"Sarcastic question about a subreddit, no profanity or abuse.",0,0,0,0,0,0,0
ge26g16,love to see his conspiracy theories. premium chode content.,librandu,1606672761,2020-11,"Comment about conspiracy theories, uses profanity 'chode' but not directed at a person.",1,0,0,0,0,0,0
ge26ozj,I remember hearing that an IAS officer once got suspended for wearing sunglasses while meeting him. This was way back when he first became PM.,librandu,1606672885,2020-11,"Neutral comment about an IAS officer, no profanity or abuse.",0,0,0,0,0,0,0
ge2bokn,"Thanks for posting your experience with celebs.

A new Flair has been introduced “Not verified by Mods” and given to this Post . Only Mods can select this Flair

We ask members to use their own discretion while reading such posts . 

We encourage people to post their experiences and celeb encounters , at the same time we don’t want to become another Quora where people begin posting fake stories . 

Since we are a slightly bigger Sub now, we can’t verify each post or story and we don’t want to get into verification etc.

So read and believe what you want to .",bollyblindsngossip,1606675326,2020-11,"Moderator note, no profanity or abuse.",0,0,0,0,0,0,0
ge2442v,"Mod Note - **Ignore this message if your post is within Rules of this Sub**

 We have strict Posting Rules. Read Rules on Sidebar for detailed Posting Rules. Remove this post if your post 
 is one of following :

 Religious/Political post - There is immediate and permanent ban for such posts

 Non Bollywood posts

 Promotional/ Self Promotional Youtube link / Blog/ Website or anything else. All Promotional Accounts will be 
 banned without warning
 
 Tagging u/EccentricBai, u/Moderator-BBNG

*I am a bot, and this action was performed automatically. Please [contact the moderators of this subreddit](/message/compose/?to=/r/BollyBlindsNGossip) if you have any questions or concerns.*",bollyblindsngossip,1606671614,2020-11,"Moderator note, no profanity or abuse.",0,0,0,0,0,0,0
ge257j1,"🤢🤮🤮🤮
Doesn't deserve words",bollyblindsngossip,1606672155,2020-11,"Expression of disgust with emojis, no profanity or abuse.",0,0,0,0,0,0,0
ge27r2n,"Keep the expectation low and watch the video, I do it with saiman,carry, Ashish even if the video is average you will enjoy it .",saimansays,1606673415,2020-11,"Advice on watching videos, no profanity or abuse.",0,0,0,0,0,0,0
ge2424t,"Literally the whole world -

 (with 'Sanctuary Garden' music playing)

WHAT",saimansays,1606671587,2020-11,"No profanity, no target, just a reaction to a video.",0,0,0,0,0,0,0
ge24pe1,"Yeah stop this shit. I don't like giving money to beggars as it encourages them to keep doing it and training their children.
BUT I have barely in my life ever seen a street performer in my city everyone would gladly give money to that. It feels earned to them and deserved to us.",saimansays,1606671908,2020-11,"Discussion about street performers vs beggars, no profanity, no personal attack.",0,0,0,0,0,0,0
ge28b6g,"Waiving loans is just one of the things the government is doing to help out the farmers. Most farmers already do cooperative farming since most farmers have been in the business for generations. For example; all my mom and dads relatives have their own farms but help each other out. Around 60ish households total. I dont understand what your point is anymore. Is it that farmers are lazy? They clearly arent. Lazy people are those who dont do work, and farmers work hard. Whats your point here.",bakchodi,1606673684,2020-11,"Political discussion about farmers, no profanity, no personal attack.",0,0,0,0,0,0,0
ge27vwh,And...it's clearly showing small lands for farming is having more cost and hence they can up with cooperative farming. How is waving loans justify all these?,bakchodi,1606673481,2020-11,"Political discussion about farming loans, no profanity, no personal attack.",0,0,0,0,0,0,0
ge27n8f,4 admi aur 4 lathi ke liye Sydney ki ticket kitne ki hogi?,bakchodi,1606673362,2020-11,"Sarcastic comment about Sydney tickets, no profanity, no target.",0,0,0,0,0,0,0
ge22jx1,Bismillah mulana sahab,sham_sharma_show,1606670829,2020-11,"Religious phrase, no profanity, no target.",0,0,0,0,0,0,0
ge21zat,When Rohi becomes Raj but it's all on the head,sham_sharma_show,1606670539,2020-11,"Play on words, no profanity, no target.",0,0,0,0,0,0,0
ge22yb3,why so? :),sham_sharma_show,1606671032,2020-11,"Question, no profanity, no target.",0,0,0,0,0,0,0
ge25hzg,"Idk man they're running out of options, they'll just fabricate some new term like ""intolerance""",desimeta,1606672298,2020-11,"Political commentary, no profanity, no personal attack.",0,0,0,0,0,0,0
ge25zf6,They will sooner or later.,desimeta,1606672536,2020-11,"Vague prediction, no profanity, no target.",0,0,0,0,0,0,0
ge2azip,I actually agree lol.,canconfirmiamindian,1606674986,2020-11,"Agreement, no profanity, no target.",0,0,0,0,0,0,0
ge2c5s2,"
If this post is not relevant to the sub, downvote this post.
If this post breaks the rules, report it and downvote this post. 

*I am a bot, and this action was performed automatically. Please [contact the moderators of this subreddit](/message/compose/?to=/r/canconfirmiamindian) if you have any questions or concerns.*",canconfirmiamindian,1606675560,2020-11,"Bot message, no profanity, no target.",0,0,0,0,0,0,0
g5opuua,It's opposite of chess. You have to get your pieces killed quickly,unitedstatesofindia,1600420521,2020-09,"Metaphor, no profanity, no target.",0,0,0,0,0,0,0
g5oopz9,But you did make everything relate to it.,unitedstatesofindia,1600419174,2020-09,"Accusation, no profanity, no personal attack.",0,0,0,0,0,0,0
g5ol2gp,Haan I get that..should not advice others to break up for that. Khud nahi chalraha toh samajh ke karlo breakup. Maine in general bola..ki chalta nahi usually,unitedstatesofindia,1600415084,2020-09,"Personal advice, no profanity, no target.",0,0,0,0,0,0,0
g5ogig1,Wow what a bunch of big bullshit. Ever heard of Mccarthyism?,chodi,1600410648,2020-09,"Political commentary with profanity, no personal target.",1,0,0,0,0,0,0
g5ok0n2,Still not rich enough to afford this,chodi,1600413976,2020-09,"Comment on affordability, no profanity, no target.",0,0,0,0,0,0,0
g5omj2r,"Ohh bhai, this is epic.",chodi,1600416679,2020-09,"Exclamation, no profanity, no target.",0,0,0,0,0,0,0
g5onk57,Thanks for not generalizing us :),canconfirmiamindian,1600417841,2020-09,"Thanks, no profanity, no target.",0,0,0,0,0,0,0
g5omu1r,"Source!! It is a known fact dude its basic history most of the things I mentioned are taught in history books even in this fucked up education system. Go ask for source on concentration camps for Jews XD. You are a perfect eg of what happens when you are systematically fed propaganda. Are you really that unaware of mughal atrocities? You don't know about jizya? Or the concept of dhimmis. 

http://www.firstpost.com/living/aurangzebs-tyranny-and-bigotry-cannot-be-whitewashed-a-counter-view-3426630.html/amp

https://en.m.wikipedia.org/wiki/Persecution_of_Hindus
Since it is Wikipedia many things are still missing surprise! surprise! 
And I don't need to give proof on temple destruction visit kashi someday you will see it yourself. Ja aur history malum karni hai toh kar warna apne kuye mei sadta reh I couldn't care less. Aisa toh hai nai ki koi white supremacist ko ek post se sai kardo tera bhi aisa hi scene hai.",canconfirmiamindian,1600417020,2020-09,"Political debate with profanity, no personal target, but includes religious references and accusations of propaganda.",1,0,0,0,0,0,0
g5on123,Ab ap joh twist karna hai karlo jaise shabd her pher karne hai karlo bharat bharat hi rahega. Hindu hindu hi rahenge mughals oppressors hi rahenge for us muslim rule of India is no different than british raj peace out,canconfirmiamindian,1600417243,2020-09,"Political/religious commentary asserting Hindu identity and criticizing Muslim rule, but no direct attack on individuals or groups.",0,0,0,0,0,0,0
g5oilrc,I mean seriously? Read your statements and feel pity for yourself. What are you even saying? Your bhakti for sushant apart... Sushant did leave Kriti for Sara. Many reports claim that. Even Kriti mentioned that in her post that Sushant had distanced Kriti from himself. That is not a crime. That is a fact,bollyblindsngossip,1600412572,2020-09,"Discussion of celebrity relationships, no profanity or personal attack.",0,0,0,0,0,0,0
g5ojg8a,"Why would you need a double for frontal close up shot, like here? Especially when mechanical horse guarantees safety.",bollyblindsngossip,1600413401,2020-09,"Neutral question about filmmaking, no offensive content.",0,0,0,0,0,0,0
g5ojogz,"Loads of people believe Kangana is the second coming of our most iconic female heroine, who was dark skinned too- Rani of Jhansi. So this video makes fun if that.",bollyblindsngossip,1600413634,2020-09,"Comment about Kangana and Rani of Jhansi, no offensive content.",0,0,0,0,0,0,0
g5ohrlh,"It happened to me in r/forshub
Where I posted something related to bjp and my post was taken down but I think that people should appreciate political memes as it is the only way for expressing disgrace towards government as we don't normally have a conversation like ""areeee bhai bjp nai gdp giraadi hheehehe"" people think that political memes can easily offend anyone",saimansays,1600411791,2020-09,"Discussion about political memes and censorship, no offensive content.",0,0,0,0,0,0,0
g5ojtuz,Reddit ko Godi media mat banao,saimansays,1600413787,2020-09,"Criticism of Reddit, no offensive content.",0,0,0,0,0,0,0
g5oi71g,Not gonna lie,saimansays,1600412185,2020-09,"Neutral statement, no offensive content.",0,0,0,0,0,0,0
g5on850,Modi IS a businessman,librandu,1600417466,2020-09,"Political statement about Modi, no offensive content.",0,0,0,0,0,0,0
g5ogtzm,"So building toilets, houses for the poor and the insurance scheme was a congi idea? Why does Modi receive credit for all this, then? 

(☞ﾟヮﾟ)☞",librandu,1600410930,2020-09,"Political criticism, no offensive content.",0,0,0,0,0,0,0
g5ogooy,Ohh k. I get it now. Thanks.,librandu,1600410800,2020-09,"Neutral acknowledgment, no offensive content.",0,0,0,0,0,0,0
g5oqcka,"I make sense if Reddit was down and it was trending on Twitter but Instagram, people are dying for that shit, its nonsense.",bakchodi,1600421100,2020-09,"Criticism of Instagram, no offensive content.",0,0,0,0,0,0,0
g5omkzu,Even Amitabh Bachchan is getting a lot of hate these days. Hota hai.. chalta hai.. duniya hai..,bakchodi,1600416739,2020-09,"Comment about Amitabh Bachchan receiving hate, no offensive content.",0,0,0,0,0,0,0
g5ogrxq,faida kuch ni hua.... muje laga aapka naam use krke 2 3 photo to mil hi jaenge dm mein. Aapka PR dhang se kaam nahi kar raha hai.,bakchodi,1600410879,2020-09,"Comment about PR, no offensive content.",0,0,0,0,0,0,0
g5onl52,Bhai yeh kahaan se aaya hai? Actors ke saath Cricketer ko bhi badnaam kar diya. Bro do you have the slightest idea of how much cricketers love the sport. Virat Kohli is the captain of the Indian Cricket team. Have some respect. Don’t be that guy in class who spreads rumors unnecessarily.,indiadiscussion,1600417872,2020-09,"Criticism of spreading rumors, no offensive content.",0,0,0,0,0,0,0
g5okb0t,Yaar Maine poora comment section padha. Ye saale to Hinduo ko maarne k liye ready baithe Hain. Oopar se resistance Ka justification aur Hai inka,indiadiscussion,1600414275,2020-09,"Accusation that some are ready to kill Hindus, but no direct attack on individuals or groups.",0,0,0,0,0,0,0
g5ok2dy,"there never was a Dawood, the smuggler Dawood was probably killed in 1986 or 1990

there never was a Haji Mastan, 

Right from the 70's it was always this guy,

the main KINGPIN was always in Mumbai. Understand this, it is not just Mumbai underworld but even Karachi underworld being run by this man",indiadiscussion,1600414025,2020-09,"Discussion about underworld figures, no offensive content.",0,0,0,0,0,0,0
g5ohvlx,Why you gotta attack me like that.,indiandankmemes,1600411892,2020-09,"Playful complaint, no offensive content.",0,0,0,0,0,0,0
g5ognyw,yea its spike.,indiandankmemes,1600410782,2020-09,"Neutral statement, no offensive content.",0,0,0,0,0,0,0
g5omycr,Why must you hurt me in this way?,indiandankmemes,1600417155,2020-09,"Playful complaint, no offensive content.",0,0,0,0,0,0,0
g5oov8p,Nobody nobody I repeat nobody can say NO to anime tiddies.. Not even godiji,dankinindia,1600419343,2020-09,"Comment about anime, no offensive content.",0,0,0,0,0,0,0
g5ohl2z,"No, I only came there for the training purpose in NCL.",dankinindia,1600411623,2020-09,Neutral statement about training purpose.,0,0,0,0,0,0,0
g5opylg,"Modiji hamne ram mandir bana na hai!
.
Modi:ruko yaar thoda sabar karo muthiya toh marne doh.",dankinindia,1600420646,2020-09,"Humorous comment about Modi, no profanity or hate.",0,0,0,0,0,0,0
g9mftcq,Akshay's movies wouldn't have worked if the BJP was not in power.,bollyblindsngossip,1603346909,2020-10,"Political opinion about actor's success, no hate.",0,0,0,0,0,0,0
g9m9wsf,"Hence, you don't need college to write properly either.",bollyblindsngossip,1603341938,2020-10,Neutral statement about writing skills.,0,0,0,0,0,0,0
g9mc955,"Sidharth did a lot of models projects and ads before his debut as ad and actor, take him many years.",bollyblindsngossip,1603343830,2020-10,Neutral statement about actor's career.,0,0,0,0,0,0,0
g9mhd76,"he also said all memes are special

but....",saimansays,1603348323,2020-10,"Incomplete comment, no clear target.",0,0,0,0,0,0,0
g9mg2lb,"love jihad? im not talking about love jihad, my concern is why every other ad showing a muslim person so polite and hindu so dumb? you might remember  BoycottRedLabel also. and thats not the only one.",saimansays,1603347144,2020-10,"Criticism of media representation, no hate speech.",0,0,0,0,0,0,0
g9mdyec,You forgot the lord Jagdish Bhagat,saimansays,1603345278,2020-10,"Mention of a person, no hate.",0,0,0,0,0,0,0
g9mdwcf,"Didn't we have posts on Macron and the Paris attack? This is related, no?",librandu,1603345230,2020-10,"Question about relevance, no hate.",0,0,0,0,0,0,0
g9mimw5,Try calling a gujrati woman moneyben,librandu,1603349520,2020-10,"Suggestion to call a Gujarati woman 'moneyben', potentially mocking but not clearly hateful.",0,0,0,0,0,0,0
g9mcw9h,"2 awards in one hour, lol.",librandu,1603344372,2020-10,Neutral comment about awards.,0,0,0,0,0,0,0
g9mhi6j,Well his name is congiboy so can’t blame him for having negative iq.,indiadiscussion,1603348449,2020-10,"Insult directed at a person based on username, no identity basis.",0,1,0,0,0,0,0
g9mfo6g,Pls don't accuse me of patriarchy but when women keep a bindi (or pottu in my language) it looks cool and good. What's oppressive in that? (Forcing is wrong but still),indiadiscussion,1603346775,2020-10,"Discussion about bindi, no hate.",0,0,0,0,0,0,0
g9meo0t,"Well now you can see. At the end of the day, we are kafirs to them. They want to slaughter us.",indiadiscussion,1603345889,2020-10,"Religious slur 'kafir' used to dehumanize a group, communal hate.",0,0,1,0,1,0,0
g9mcrzu,"Ngl, that was a good comeback",chodi,1603344269,2020-10,"Positive comment, no hate.",0,0,0,0,0,0,0
g9mf16g,"And when given a choice to become more powerful or more kind, always choose power.",chodi,1603346208,2020-10,"General statement, no hate.",0,0,0,0,0,0,0
g9mglyn,"They're stuck in a limbo. India betrayed Kashmir. Indian people by voting such a government betrayed Kashmir. We should sell it to the states as Alaska was sold by Russia. If we cannot solve it, well then, give it to someone who will. 
I implore my government to go to war and fix this right now. Like right now. We loose soldiers like petty change and no one bothers, yesterday a police officer was killed. 
Acquiring gilgit baltistan will automatically neutralize chinese aggression. We'll have them by the balls ObOr.",chodi,1603347629,2020-10,"Political opinion on Kashmir, no hate speech.",0,0,0,0,0,0,0
g9miyk8,"If it can give pollution free air, then actually we can do that too.

Humans have already destroyed Earth too much for their ""leisure"" and ""fun"". 

They have grown way too selfish. I personally pray for a calamity to teach the human kind a lesson.",unitedstatesofindia,1603349829,2020-10,"Opinion on humanity, no hate.",0,0,0,0,0,0,0
g9mhkcq,It's normal,unitedstatesofindia,1603348505,2020-10,Neutral statement.,0,0,0,0,0,0,0
g9mhwk8,English toh bahut saare hai... stalk karle. I think kuch 43 English playlists bana diye honge ab tak.,unitedstatesofindia,1603348820,2020-10,Neutral comment about playlists.,0,0,0,0,0,0,0
g9mewo6,"~~our culture~~ our people (I think that's what it should be, correct me)",canconfirmiamindian,1603346100,2020-10,"Self-correcting statement about culture, no target or profanity.",0,0,0,0,0,0,0
g9mdkit,"Yeah bro, this sub is becoming another Indiasqueaks/chodi echo chamber where any criticism of something that a Brahmana or kshatriya and the system they maintain do is clamped down on.",canconfirmiamindian,1603344951,2020-10,"Criticism of subreddit and caste system, no personal attack or hate speech.",0,0,0,0,0,0,0
g9mdenc,"I agree with each and every word you said. Our country is a shithole for women and Dalits, these guys are yet to experience true freedom. I joined this sub because there is genuine racism against Indians. But I'll never support any post on this sub which claims that our culture have treated women and Dalits just fine.",canconfirmiamindian,1603344808,2020-10,"Agreement with criticism of country's treatment of women and Dalits, no hate speech.",0,0,0,0,0,0,0
g9maz28,MaArY mE cYut AnGLe dEer,arrangedmarriage,1603342786,2020-10,"Obfuscated profanity, no clear target.",1,0,0,0,0,0,0
g9m9hcq,Why don’t we start on Reddit?,arrangedmarriage,1603341605,2020-10,"Question about starting on Reddit, no offensive content.",0,0,0,0,0,0,0
g9mbd9i,"🤣🤣🤣🤣
Appreciate the efforts deer",arrangedmarriage,1603343101,2020-10,"Appreciation with emojis, no offensive content.",0,0,0,0,0,0,0
g9mg6sj,Sir katke..ungli katke..dismember krke kuch fry krke khaenge aur kuch display pe rakhenge,sham_sharma_show,1603347249,2020-10,"Graphic violent threat against unspecified target, likely personal.",0,1,0,0,0,0,0
g9mcbi0,Saare masjid tod denge ab,sham_sharma_show,1603343882,2020-10,"Threat to demolish all mosques, targeting religious group.",0,1,1,0,1,0,0
g9m9ob6,True. But Gulal was a great film!,sham_sharma_show,1603341754,2020-10,"Positive comment about a film, no offensive content.",0,0,0,0,0,0,0
g9m9zs6,sakshi malik (?) ki ye wali photo,indiandankmemes,1603342003,2020-10,"Asking about a photo, no offensive content.",0,0,0,0,0,0,0
g9m9wub,Which source???,indiandankmemes,1603341939,2020-10,"Asking for source, no offensive content.",0,0,0,0,0,0,0
g9mblku,Just see any of her posts bro        [sakshimallik](https://www.instagram.com/p/CFPCKZln_h1/?igshid=1rhnz7j6kytxj),indiandankmemes,1603343290,2020-10,"Directing to a profile, no offensive content.",0,0,0,0,0,0,0
g9mhces,"My account was suspended for this comment for 3 days. 

u/kn0thing, u/spez, as an old fa*, [this](https://thumbs.gfycat.com/KindheartedNervousCornsnake-mobile.mp4) is how I feel about what you've let happen to reddit. Silicon Valley's hold on the internet discourse needs to come to an end. Your circle jerking is ridiculous. Legit fire whoever suspended me. Some dumbass even reviewed and OK'd it! Lol you clowns, at least get a Hind speaking person to translate what ""bakchodi"" means before you go around pressing triggers. Also spez, pls upvote.",bakchodi,1603348303,2020-10,"Criticism of Reddit and moderators, includes profanity and insult.",1,1,0,0,0,0,0
g9mcc9h," &gt;what do you think my age is unkill?.......XD

27-28",bakchodi,1603343899,2020-10,"Asking age, no offensive content.",0,0,0,0,0,0,0
g9mc3am,"Abe oo CoolDownBot, your comment was removed because you are a chutiya and we do not allow cross-posts to any sub. So go fuck yourself and don't try this again.


*I am a bot, and this action was performed automatically. Please [contact the moderators of this subreddit](/message/compose/?to=/r/bakchodi) if you have any questions or concerns.*",bakchodi,1603343698,2020-10,"Mocking bot with profanity and insult, no identity target.",1,1,0,0,0,0,0
fww06ia,"Bruh, 13 days late. Where were you?
I know dark mode is in windows 10, right?",indiandankmemes,1593853985,2020-07,"Comment about timing and dark mode, no offensive content.",0,0,0,0,0,0,0
fy5y397,Aye good one bro I forgot about him 💯,indiandankmemes,1594834594,2020-07,"Positive acknowledgment, no offensive content.",0,0,0,0,0,0,0
fww72oy,boars* not bears.,canconfirmiamindian,1593861339,2020-07,"Spelling correction, no offensive content.",0,0,0,0,0,0,0
fww1dx3,Logan paul abused animals so its time to nuke a country.,canconfirmiamindian,1593855267,2020-07,"Hyperbolic statement about nuking a country, no specific target or hate speech.",0,0,0,0,0,0,0
fww5nuj,I think that news is kinda wrong z it was for those pesky bears but the elephant ate it by mistake,canconfirmiamindian,1593859865,2020-07,"Discussion of news, no offensive content.",0,0,0,0,0,0,0
fww373w,"**I found links in your comment that were not hyperlinked:**

* [snapdrop.net](https://snapdrop.net)

*I did the honors for you.*

***

^[delete](https://www.reddit.com/message/compose?to=%2Fu%2FLinkifyBot&amp;subject=delete%20fww36vd&amp;message=Click%20the%20send%20button%20to%20delete%20the%20false%20positive.) ^| ^[information](https://np.reddit.com/u/LinkifyBot/comments/gkkf7p) ^| ^&lt;3",dankinindia,1593857226,2020-07,"Meta-commentary about hyperlinks, no profanity or abuse.",0,0,0,0,0,0,0
fww36vd,"Keep both on same wifi network, open [Snapdrop](http://snapdrop.net) on both and thank me later.",dankinindia,1593857220,2020-07,"Neutral technical advice, no profanity or abuse.",0,0,0,0,0,0,0
fww3u8r,Main kabhi batlata nahi,dankinindia,1593857925,2020-07,"Hinglish phrase meaning 'I never tell', no profanity or abuse.",0,0,0,0,0,0,0
fijhobj,Would hve looked fine w/o those horrifying flowers,bollyblindsngossip,1582448412,2020-02,"Opinion on aesthetics, no profanity or abuse.",0,0,0,0,0,0,0
fijil3i,"Shekhar Kapur why didnt you make the part 2?

It was the only way for Shekhar Kapur to stay relevant for years. Always used to announce Mr. India 2 every 3-4 years.",bollyblindsngossip,1582449647,2020-02,"Criticism of filmmaker's career, professional, no profanity.",0,0,0,0,0,0,0
fijhwfj,None of Bhai’s family has what it takes to succeed in Bollywood. They all have been free loaders for years and can do a few movies before audience kicks them out. Even Salman’s peak is over,bollyblindsngossip,1582448715,2020-02,"Criticism of a family's talent, no profanity, no identity attack.",0,0,0,0,0,0,0
fijnmd0,"Secular hindus has fucked hindus worse than Mohandas, he was also a secular hindu.",chodi,1582456517,2020-02,"Profanity 'fucked' used in political criticism, no personal target.",1,0,0,0,0,0,0
fijl9ni,All hail Virat Shakuni!!,chodi,1582453310,2020-02,"Sarcastic nickname for a public figure, no profanity or abuse.",0,0,0,0,0,0,0
fijnuvz,Good one 😉,chodi,1582456833,2020-02,"Positive comment, no issues.",0,0,0,0,0,0,0
fijkypx,What are the working opportunities for CS people? Is industry just available for you guys?,librandu,1582452895,2020-02,"Question about job opportunities, no issues.",0,0,0,0,0,0,0
fijkp77,Seriously? I didn’t know,librandu,1582452530,2020-02,"Neutral expression of surprise, no issues.",0,0,0,0,0,0,0
fijid5e,"when majority of country is illiterate, cannot read or write, only a delusional brahmin like Nehru can built higher education institutes and feel something great was achieved.",librandu,1582449343,2020-02,"Political criticism referencing caste, but no hate speech; 'brahmin' used as political label, not demeaning.",0,0,0,0,0,0,0
fijnhtc,Are nhi achha meme h..mja aya,saimansays,1582456347,2020-02,"Hinglish positive comment about a meme, no issues.",0,0,0,0,0,0,0
fijjzp3,Thane can be called Mumbai,saimansays,1582451566,2020-02,"Geographical opinion, no issues.",0,0,0,0,0,0,0
fijn9cd,Itss a reeee,saimansays,1582456026,2020-02,"Nonsensical phrase, no issues.",0,0,0,0,0,0,0
fijmbtp,"I pointed out that there are 20 lakh Malayalis living and working in Gujarat alone and 50 lakh outside Kerala in Northern states, but such people are taught at an early age to act ungrateful I guess.",indiadiscussion,1582454756,2020-02,"Criticism of a community's attitude, but not hate speech; no slur or dehumanization.",0,0,0,0,0,0,0
fijq1se,"

Snapshots:

1. Indian Leftists are Hinduphobic ver... - [archive.org](https://web.archive.org/20200223120711/http://old.reddit.com/r/bangalore/comments/f86noe/ilpt_pothole_not_getting_fixed_spray_paint/fijff7t/), [archive.today](https://archive.today/wip)



*I am just a simple bot, **not** a moderator of this subreddit* | [*bot subreddit*](/r/SnapshillBot) | [*contact the maintainers*](/message/compose?to=\/r\/SnapshillBot)",indiadiscussion,1582459631,2020-02,"Bot comment with link, no issues.",0,0,0,0,0,0,0
fijm43u,Imagine being proud of earning $$ by being a slave &amp; suppressing everything about your own culture.,indiadiscussion,1582454470,2020-02,"Criticism of cultural suppression, no profanity or hate speech.",0,0,0,0,0,0,0
fijpbf1,iNtErLoCuToR aNti-NaTiOnAL!,bakchodi,1582458745,2020-02,"Sarcastic mockery of a political label, no profanity or hate speech.",0,0,0,0,0,0,0
fijgty9,Oh bhyi maaro mujhe maaro,bakchodi,1582447301,2020-02,"Hinglish exclamation 'kill me', self-directed, no profanity.",0,0,0,0,0,0,0
fijjp0h,Chutiye british chle gye ye bakchodi chod gye,bakchodi,1582451162,2020-02,"Profanity directed at British people, but no specific target or identity-based hate.",1,0,0,0,0,0,0
fijqr19,Aur teri maa hi meri maa hai,dankinindia,1582460466,2020-02,"Insult directed at a person, using profanity.",1,1,0,0,0,0,0
fijidkz,I'm truly disgusted now with my wrongdoings. I'm the lowest. Please forgive me.,dankinindia,1582449360,2020-02,"Self-directed remorse, no profanity or hate.",0,0,0,0,0,0,0
fijiare,You mather hacker r/YouBrokeTheChain,dankinindia,1582449253,2020-02,"Profanity (mather hacker) directed at a person, but no identity-based hate.",1,1,0,0,0,0,0
fr5ve9x,If you would have applied the same to yourself this post would not have existed dude,saimansays,1589915304,2020-05,"Criticism of a person's actions, no profanity or hate.",0,0,0,0,0,0,0
fr5oq88,Haha same tiktok wale par saiman ke against wale ko toh 1k upvote mil rahe he.,saimansays,1589912097,2020-05,"Comment about upvotes, no profanity or hate.",0,0,0,0,0,0,0
fr5q05h,"They want attention,WHY ARE YOU GIVING THEM ATTENTION!",saimansays,1589912717,2020-05,"Frustration about attention-seeking, no profanity or hate.",0,0,0,0,0,0,0
fr5xas9,Well actually the new way is making more Indians cucks then ever before.,chodi,1589916214,2020-05,"Insulting term 'cucks' used to demean people, but no specific target or identity basis.",0,1,0,0,0,0,0
fr5w214,Can't giver her the nation if she doesn't have experience of running a state,chodi,1589915616,2020-05,"Political commentary on a female politician's experience, no profanity or hate.",0,0,0,0,0,0,0
fr5ww8a,"Nah, it’s still TikTok’s job to stop the bullshit. Since when is government the new grandmother?",chodi,1589916019,2020-05,"Criticism of government role, no profanity or hate.",0,0,0,0,0,0,0
fr5qi8r,She only has to open her mouth. Everyone will forget about her education.,bollyblindsngossip,1589912957,2020-05,"Comment on a woman's appearance, but not clearly demeaning or hateful.",0,0,0,0,0,0,0
fr5rino,"He doesn’t like fries, like who likes fries anyways?",bollyblindsngossip,1589913445,2020-05,"Casual comment about fries, no profanity or hate.",0,0,0,0,0,0,0
fr5t7xs,Thanks for reminding me u/brokeneveryday and u/stickittothe that Sara can't act to save her life (her *Love Aaj Kal 2* acting was so bad that it was so good 😆).,bollyblindsngossip,1589914266,2020-05,"Criticism of an actress's acting, no profanity or hate.",0,0,0,0,0,0,0
fr5t7ru,"

Snapshots:

1. So my post is deleted from rIndiasp... - [archive.org](https://web.archive.org/20200519185104/http://old.reddit.com/r/indiadiscussion/comments/gmunee/so_my_post_is_deleted_from_rindiaspeaks_for_its/), [archive.today](https://archive.today/wip)



*I am just a simple bot, **not** a moderator of this subreddit* | [*bot subreddit*](/r/SnapshillBot) | [*contact the maintainers*](/message/compose?to=\/r\/SnapshillBot)",indiadiscussion,1589914264,2020-05,"Bot message, no profanity or hate.",0,0,0,0,0,0,0
fr5n56a,Its like these people have no mind of their own. They just regurgitate whatever negative they see about a topic whether its remotely true or not. Whatever gets upvotes I guess.,indiadiscussion,1589911318,2020-05,"Criticism of people's behavior, no profanity or hate.",0,0,0,0,0,0,0
fr5wtme,Good idea 😛,indiadiscussion,1589915984,2020-05,"Positive comment, no profanity or hate.",0,0,0,0,0,0,0
fr5qkvf,"Light, energy, dark energy, consciousness, chaddi trying their best to sound sciency but failing terribly.",librandu,1589912992,2020-05,"Mocking a group's attempt to sound scientific, but no identity-based hate.",0,0,0,0,0,0,0
fr5nm52,"If I remember correctly, this guy used ""chatur chintu"" to define bhakts in one of his videos. So maybe he really is among us.",librandu,1589911554,2020-05,"Discussion about a term used, no profanity or hate.",0,0,0,0,0,0,0
fr5s0k0,"Your comment / post is removed because your account is less than two weeks old. If you still wish to participate, put in a request via modmail to be made an approved submitter.

*I am a bot, and this action was performed automatically. Please [contact the moderators of this subreddit](/message/compose/?to=/r/librandu) if you have any questions or concerns.*",librandu,1589913683,2020-05,"Bot message, no profanity or hate.",0,0,0,0,0,0,0
fr5xd0l,I mean you could've gone with.. _pat their own backs_,bakchodi,1589916245,2020-05,"Suggestion for a phrase, no profanity or hate.",0,0,0,0,0,0,0
fr5wbx5,Seriously how?,bakchodi,1589915748,2020-05,"Neutral question, no profanity or target.",0,0,0,0,0,0,0
fr5p31a,Porkistan jeendabad,bakchodi,1589912267,2020-05,"Regional slur 'Porkistan' used to demean Pakistan, no profanity.",0,0,1,0,0,1,0
fr5pe4u,Is he banned?,unitedstatesofindia,1589912417,2020-05,"Neutral question, no profanity or target.",0,0,0,0,0,0,0
fr5oe91,"Suggestion noted.

We will amend it.",unitedstatesofindia,1589911933,2020-05,"Neutral statement, no profanity or target.",0,0,0,0,0,0,0
fr5r2i1,Case in point,unitedstatesofindia,1589913229,2020-05,"Neutral phrase, no profanity or target.",0,0,0,0,0,0,0
fr5wdc1,"Dont tag your instagram accounts in your posts

you will get yourself banned",dankinindia,1589915766,2020-05,"Advice, no profanity or target.",0,0,0,0,0,0,0
fr5xg75,Big brain time,canconfirmiamindian,1589916286,2020-05,"Sarcastic phrase, no profanity or target.",0,0,0,0,0,0,0
fdk22ll,Thanks but this is our PM,chodi,1578494141,2020-01,"Neutral statement, no profanity or target.",0,0,0,0,0,0,0
fdjtb7j,what myth?,chodi,1578486752,2020-01,"Neutral question, no profanity or target.",0,0,0,0,0,0,0
fdjt46b,"Growth rate of Hindus~218%
Growth rate of Muslims~385%",chodi,1578486552,2020-01,"Statistical comparison, no profanity or target.",0,0,0,0,0,0,0
fdjtcms,Omg i fucking hate maggi fuckkkkkk,bakchodi,1578486793,2020-01,"Profanity directed at abstract target (Maggi), no personal abuse.",1,0,0,0,0,0,0
fdjvzkr,You don't know shit.,bakchodi,1578489309,2020-01,"Profanity directed at abstract target, no personal abuse.",1,0,0,0,0,0,0
fdjwihv,Congratulations I guess,bakchodi,1578489767,2020-01,"Neutral phrase, no profanity or target.",0,0,0,0,0,0,0
fdjvpz7,Hats off to you OP! Kya observation hai!  #Tiredofphotoshopppedpics,bollyblindsngossip,1578489065,2020-01,"Compliment, no profanity or target.",0,0,0,0,0,0,0
fdk01w8,Mahesh Babu,bollyblindsngossip,1578492652,2020-01,"Name only, no profanity or target.",0,0,0,0,0,0,0
fdk1aaz,"History movies are something I look forward to, but mostly or rather overall Bollywood has disappointed me. There is not one maintstream movie based on history that I can vouch for. There are a few by niche filmmakers but none by mainstream guys. And Bhansali is the biggest culprit. I don’t have much exoectations from Tanhaji because Shivaay disappointed me as well. But just one chance more(the hopeless romantic in me)",bollyblindsngossip,1578493571,2020-01,"Opinion on movies, no profanity or target.",0,0,0,0,0,0,0
fdjy8xu,Yeah. Fuss is all about NRC which hasn't been implement or even produced in SC yet.,saimansays,1578491231,2020-01,"Political discussion, no profanity or target.",0,0,0,0,0,0,0
fdk17yj,Good thing this was my last year,saimansays,1578493524,2020-01,"Neutral statement, no profanity or target.",0,0,0,0,0,0,0
fdjwaei,If you cut her legs off then then it's easy to balance on one leg,saimansays,1578489571,2020-01,"Violent suggestion directed at a person, no profanity.",0,1,0,0,0,0,0
fdk1ch1,To be fair there are alot of fanboys there that make me cringe how childish they make us look.,indiadiscussion,1578493615,2020-01,"Criticism of fanboys, no profanity or identity target.",0,0,0,0,0,0,0
fdjtub7,"I wouldn't be surprised if  r/india is headquartered in JNU with liaison officers coming from Jamia and AMU. The insane amount of ISI propaganda would make anyone leave that sub, let alone post something logical.",indiadiscussion,1578487282,2020-01,"Accuses subreddit of ISI propaganda, links to specific universities, but no direct personal attack or identity-based slur.",0,0,0,0,0,0,0
fdjt5gn,Put a positive comments saying how the sub has helped to get a clear picture of what's going on and blah blah.. and then see what happens,indiadiscussion,1578486589,2020-01,"Suggests posting positive comments to test moderation, no profanity or attack.",0,0,0,0,0,0,0
fdjxkw6,It's like the theorem where LHS=RHS is arrived without any steps being followed.,librandu,1578490684,2020-01,"Metaphorical comment about theorem, no profanity or attack.",0,0,0,0,0,0,0
fdjwu95,"Point 6. There can be a case for alienation of ancrestral property even for such hindus who fail to prove their parents weren't illegal migrants. (Deceased fathers etc). It is because, a deceased parent cannot lay claim to citizenship and although his son or daughter(alive) will be given citizenship via CAA, the deceased parent cannot be. Illegal migrant cannot hold property in which case, such property might be vested. Adding huge arbitrariness to principles",librandu,1578490050,2020-01,"Legal analysis of property rights, no profanity or attack.",0,0,0,0,0,0,0
fdjx28y,Point 7. The legal status of the muslim orphans would be? Stateless citizen. Yeah. That's correct. Stateless citizen. Unless you get them doing ghar wapsi etc.,librandu,1578490245,2020-01,"Discusses legal status of Muslim orphans, uses 'ghar wapsi' but no direct attack or slur.",0,0,0,0,0,0,0
g1l4ixf,Thank you giving me valuable data!,unitedstatesofindia,1597497698,2020-08,"Thankful comment, no issues.",0,0,0,0,0,0,0
g1leh39,reddit coin sale dhamaal,unitedstatesofindia,1597501550,2020-08,"Casual comment about reddit coins, no issues.",0,0,0,0,0,0,0
g1lb8ws,Credit score ya CIBIL hai?,unitedstatesofindia,1597500191,2020-08,"Question about credit score, no issues.",0,0,0,0,0,0,0
g1lin5j,"I have been looking for this song for years by KK and just could not remember the name!!! Thank you!

I just remember the lines 'ho kuch to reham khuda.... sun le meri dua'

Such good memories :)",bollyblindsngossip,1597502939,2020-08,"Nostalgic comment about a song, no issues.",0,0,0,0,0,0,0
g1l30ma,I don't think a lot of people who cry fascism really know what it means,bollyblindsngossip,1597497235,2020-08,"Opinion about misuse of term fascism, no attack.",0,0,0,0,0,0,0
g1l1v78,Yes completely agree with your examples. I was trying to out a perspective about the comments on SSR when people highlights his intelligence. But that is no justification to wish death on others. People forget that there is a thin line between calling some out and acting as a troll.,bollyblindsngossip,1597496910,2020-08,"Discussion about trolling, no attack.",0,0,0,0,0,0,0
g1l1g5l,From when did Keralite felt proud of indian flag. You don’t really read. That’s the flag of Akhand Bharat not Republic of India :( you should have stayed in school,chodi,1597496783,2020-08,"Criticizes Keralites' patriotism, but no slur or hate speech.",0,0,0,0,0,0,0
g1la382,Ab bakri ki lootenge bhaizaan,chodi,1597499515,2020-08,"Hinglish phrase about looting goats, likely communal slur targeting Muslims.",0,0,1,0,1,0,0
g1lisah,Edit kar ke conspiracy murder likh do,chodi,1597502989,2020-08,"Sarcastic comment about editing, no attack.",0,0,0,0,0,0,0
g1lfi8v,"Not op but on my wifi provider excitel, it is available",bakchodi,1597501906,2020-08,"Informational comment, no issues.",0,0,0,0,0,0,0
g1lf5fv,What's isp?,bakchodi,1597501795,2020-08,"Question about ISP, no issues.",0,0,0,0,0,0,0
g1lfbj5,"Internet service provider, like idea, BSNL, jio, Airtel

I use EthernetXpress in goa",bakchodi,1597501846,2020-08,"Informational comment, no issues.",0,0,0,0,0,0,0
g1l91r0,"True,but this is a class issue,amplified by the class-caste correlation.

There is more specific caste-oriented discrimination in unis like [this](https://www.epw.in/engage/article/Survey-at-an-IIT-Campus-Shows-How-Caste-Affects-Students-Perceptions),which I feel the author could have drawn attention to.",librandu,1597499155,2020-08,"Discussion of class-caste correlation, no attack.",0,0,0,0,0,0,0
g1lhn2a,"Says every muzzzzzzzliiiiim ever. 

""Noooooooooo he doesn't know about our great relizaaan, Izzzzzzlaaaam, plzzzz read the Qurandd, its the relizaaaan of peace. Noooooooo. Boooooom"".",librandu,1597502594,2020-08,"Mocking Muslims' defense of Islam, uses exaggerated spelling, clearly derogatory.",0,0,1,0,1,0,0
g1l22ob,"&gt;Dude was fighting british to save his wealth and kingdom not cuz of independence from brits or shittttt.

Wasn't everyone fighting for their own personal independence? If he got to save his wealth too, what's bad in it?",librandu,1597496970,2020-08,"Discussion about historical figure's motives, no attack.",0,0,0,0,0,0,0
g1lgbrs,Ghar Ghar ki kahani,saimansays,1597502187,2020-08,"Benign phrase, no profanity or target.",0,0,0,0,0,0,0
g1l4hmc,Really nice and creative. Happy  Independence Day.,saimansays,1597497687,2020-08,"Positive comment, no issues.",0,0,0,0,0,0,0
g1l8h7z,Beautiful...,saimansays,1597498940,2020-08,"Positive comment, no issues.",0,0,0,0,0,0,0
g1lfvrp,How is seeking an apology from goras a joke? And why this sudden outrage? Calm down.,canconfirmiamindian,1597502032,2020-08,"Questioning outrage, no profanity or target.",0,0,0,0,0,0,0
g1ldpzd,He supported pewdiepie during the tseries debacle despite him making those racist songs about us.,canconfirmiamindian,1597501257,2020-08,"Discussion of past events, no profanity or target.",0,0,0,0,0,0,0
g1ldxd2,Downvotes speaks for the comment.,canconfirmiamindian,1597501343,2020-08,"Meta-commentary, no issues.",0,0,0,0,0,0,0
g1lhe13,"

Snapshots:

1. Priority of Randians on Independenc... - [archive.org](https://web.archive.org/20200815144152/https://i.imgur.com/up7AJqr.jpg), [archive.today](https://archive.today/wip)



*I am just a simple bot, **not** a moderator of this subreddit* | [*bot subreddit*](/r/SnapshillBot) | [*contact the maintainers*](/message/compose?to=\/r\/SnapshillBot)",indiadiscussion,1597502513,2020-08,"Bot message, no issues.",0,0,0,0,0,0,0
g1lcyyj,I still don't understand why are you stiil on that sub after knowing that it is anti-Indian,indiadiscussion,1597500969,2020-08,"Criticism of subreddit, no profanity or target.",0,0,0,0,0,0,0
g1l8lzc,"So whose account was that which stated that they don't like Independence Day?

Share that info please. Else it almost seems like a throwaway account specifically created to spread misinformation 

Who does not like Independence Day? 

And by the way Jai Hind everyone.",indiadiscussion,1597498990,2020-08,"Questioning and patriotic, no issues.",0,0,0,0,0,0,0
g5okvy5,"Mast need complete krunga, phir kuch dosto ko call krke bakchodi krunga

Aap batao",unitedstatesofindia,1600414891,2020-09,"Casual talk, no profanity or target.",0,0,0,0,0,0,0
g5oov5w,Ariel Winter jitne bade hai tab hi back pain hota hai I assumed.,unitedstatesofindia,1600419340,2020-09,"Body-shaming comment about a public figure, personal but not identity-based.",0,1,0,0,0,0,0
fdk2wy7,Actually seeing the current world scenario most of the PMs.,chodi,1578494747,2020-01,"Incomplete comment, no clear target.",0,0,0,0,0,0,0
g9m8hdj,dont forget the Chana Badam and chai sellers of railway. unka alg flow hai,saimansays,1603340842,2020-10,"Mention of vendors, no issues.",0,0,0,0,0,0,0
g5oi8i8,"Don’t lump asexuals with them,being an asexual does not mean that a person is misogynistic while incel ideology is surrounded by misogyny",librandu,1600412224,2020-09,"Clarifying distinction, no issues.",0,0,0,0,0,0,0
fr5q95y,Slurs are not allowed.,chodi,1589912837,2020-05,"Moderator note, no issues.",0,0,0,0,0,0,0
ge256c8,I prefer court weddings anyway. Saves money and only the few important people get to attend.,unitedstatesofindia,1606672139,2020-11,"Personal preference, no issues.",0,0,0,0,0,0,0
g9miw5j,"You've been exposed, chaddi",librandu,1603349766,2020-10,"Insult using 'chaddi' (slang for Hindu nationalist), but not a slur or identity-based hate.",0,1,0,0,0,0,0
fijm0pt,Nice bancho hi hore hum offend,dankinindia,1582454344,2020-02,"Casual profanity, no target.",1,0,0,0,0,0,0
g1l4bj3,Since you spelled my name wrong I'll keep at it.,unitedstatesofindia,1597497641,2020-08,"Mild personal jab about misspelling, no profanity or hate.",0,0,0,0,0,0,0
g5omsdn,You are not qualified. Your parents are already in same political front.,unitedstatesofindia,1600416967,2020-09,"Criticism of qualifications and family political ties, no hate.",0,0,0,0,0,0,0
fr5whsw,Their website name gave me cancer.,unitedstatesofindia,1589915826,2020-05,"Hyperbolic expression of dislike for a website, no target.",0,0,0,0,0,0,0
g5okd2x,"F bro, koi nhi next weekend mast hoga",unitedstatesofindia,1600414336,2020-09,"Filler profanity, no target.",1,0,0,0,0,0,0
g5oolx6,hahahhaha....Katai Jahar  bhai...Kahtai jahar!!!,chodi,1600419039,2020-09,"Exclamation of praise, no profanity or hate.",0,0,0,0,0,0,0
g5oggt1,"&gt;redditor for 1 hour

Gotta take you very seriously",unitedstatesofindia,1600410607,2020-09,"Sarcastic comment about account age, no hate.",0,0,0,0,0,0,0
g1l1kaj,u/shesm0vedon u/two_tolla this is real gold stuff.,librandu,1597496818,2020-08,"Positive comment, no issues.",0,0,0,0,0,0,0
fww2hhn,"Ooohh.. nice concept . Include Tibet, HK, Taiwan type scenery and Tianmen Square type game play. Rub it in by having Winnie-the-Pooh look alike on each loading screen. I've heard Chinese steal Milk Powder from Australia and New Zealand..add that some how.",chodi,1593856447,2020-07,"Political satire referencing China, no hate speech.",0,0,0,0,0,0,0
fdjta5f,"Sony Max used to show this movie 400 times in a year, I don't think any Indian escaped this movie.",chodi,1578486722,2020-01,"Observation about movie reruns, no hate.",0,0,0,0,0,0,0
g5ojl5x,Thanks /u/choga_don,chodi,1600413539,2020-09,Simple thanks.,0,0,0,0,0,0,0
g9mci8b,"Awww. You're so empathetic. 
I feel this way whenever I see fight scenes or chase sequences where some poor fruit sellers cart is thrown over or some villain gets thrown into a matka shop destroying everything. Who pays for these innocent hardworking people's losses?",bollyblindsngossip,1603344040,2020-10,"Empathetic comment about movie scenes, no hate.",0,0,0,0,0,0,0
fy5qm5j,"It was announced today, it's bulky like every such glass that's the joke here.

Jio fiber had around a million active users by December, proly has increased by now, is increasing it's infra, it's nowhere near a failure, pricing is okay.",chodi,1594831089,2020-07,"Factual discussion about Jio fiber, no hate.",0,0,0,0,0,0,0
g1lbfay,Discount Dracula desh ko chodd ke chala gaya. Suar ka baccha.,chodi,1597500296,2020-08,"Insult directed at a person, includes profanity and animal metaphor.",1,1,0,0,0,0,0
fww6p6q,You do sound elitist.,unitedstatesofindia,1593860952,2020-07,"Accusation of elitism, no hate.",0,0,0,0,0,0,0
fdjux04,Never forget the horrors the left inflict anywhere they have some strength.,chodi,1578488318,2020-01,"Political opinion, no hate.",0,0,0,0,0,0,0
fdjymot,Tatti khata hai kya? Takle ne kya kya bola sune nahi tum?,bakchodi,1578491535,2020-01,Profanity and insult directed at a person.,1,1,0,0,0,0,0
fdjtwtt,"Vistara is getting shit. I almost missed my flight because those idiots didn't have a point man at the security check gate, who could expedite the check, after immigration. Bhala ho of kind people who let us bypaas them.",chodi,1578487350,2020-01,"Profanity and insult directed at a company, not a person.",1,0,0,0,0,0,0
fijfgu2,They can do this easily only if they never love their boyfriends.,chodi,1582445564,2020-02,"Stereotype about women, but not hostile.",0,0,0,0,0,0,0
fdk1tmk,Ek abbi bhi thi inke saath.,chodi,1578493956,2020-01,"Ambiguous statement, no clear target.",0,0,0,0,0,0,0
fr5v6jt,Its not satire,chodi,1589915204,2020-05,"Simple statement, no issues.",0,0,0,0,0,0,0
fdjw472,Librandus will say it was photoshopped,chodi,1578489420,2020-01,"Political commentary mocking a group, no profanity or personal attack.",0,0,0,0,0,0,0
fww7cs7,"I'm in the dark.

What Police case bro?",bollyblindsngossip,1593861620,2020-07,"Neutral question, no offensive content.",0,0,0,0,0,0,0
fww8hpj,Better than a frickin Commie,chodi,1593862751,2020-07,"Political insult using 'Commie', no profanity or personal attack.",0,0,0,0,0,0,0
g9mf265,Thank you for the appreciation,saimansays,1603346233,2020-10,"Polite expression, no offensive content.",0,0,0,0,0,0,0
g9miep0,dar ka mahual hai,chodi,1603349302,2020-10,"Hindi phrase meaning 'atmosphere of fear', no offensive content.",0,0,0,0,0,0,0
g9m9hpl,Laughs in r/linuxmasterrace,unitedstatesofindia,1603341613,2020-10,"Humorous reference to a subreddit, no offensive content.",0,0,0,0,0,0,0
g5ooy6e,Unka baap mera chacha hai,saimansays,1600419440,2020-09,"Hindi phrase meaning 'their father is my uncle', no offensive content.",0,0,0,0,0,0,0
g1lcqlp,"Not impressed much , let's see if she can bring something out with her performance.",bollyblindsngossip,1597500877,2020-08,"Neutral critique of performance, no offensive content.",0,0,0,0,0,0,0
fdjva9p,"Aaj main karke aaya

(•_•)  

( •_•)&gt;⌐■-■  

(⌐■_■)",chodi,1578488662,2020-01,"Hindi phrase with emoticons, no offensive content.",0,0,0,0,0,0,0
fijkavh,There is another... SECULAR hindu.,chodi,1582451988,2020-02,"Political commentary, no offensive content.",0,0,0,0,0,0,0
empp9kh,Its a celebration,saimansays,1557207252,2019-05,"Neutral celebratory statement, no profanity or target.",0,0,0,0,0,0,0
emps7ez,another madlad drew pepe graffiti over potholes,saimansays,1557209863,2019-05,"Neutral comment about graffiti, no profanity or target.",0,0,0,0,0,0,0
empmgr1,Bhaijan ye saiman ka sub hai aapne shayad galti se yaha daal diya post. Agli baar apne gand mei daal dijiye.,saimansays,1557204874,2019-05,"Hinglish profanity directed at a person, personal insult.",1,1,0,0,0,0,0
ena7eqm,clouds help us escape radar.,saimansays,1557715366,2019-05,"Neutral statement about clouds, no profanity or target.",0,0,0,0,0,0,0
empirfc,Loha Singh,saimansays,1557202044,2019-05,"Name or nickname, no profanity or target.",0,0,0,0,0,0,0
empqcef,10 hour versions are still up,saimansays,1557208221,2019-05,"Neutral statement about video versions, no profanity or target.",0,0,0,0,0,0,0
emptatb,I was almost going to wish you kekday.,bakchodi,1557210840,2019-05,"Neutral statement about wishing, no profanity or target.",0,0,0,0,0,0,0
empj7nm,Japan and Russia 😍😍,bakchodi,1557202360,2019-05,"Positive emojis, no profanity or target.",0,0,0,0,0,0,0
empmpo8,Its the luminati,bakchodi,1557205090,2019-05,"Reference to Illuminati, no profanity or target.",0,0,0,0,0,0,0
emps138,He will come of age next year....and year after.....and then year after until there is no congress party left,bakchodi,1557209696,2019-05,"Political criticism of a party, no personal attack or identity basis.",0,0,0,0,0,0,0
enac011,You don't call your mama's daughter as sister. I actually didn't even know people consider mama's daughter as sister until I started browsing reddit.,bakchodi,1557717569,2019-05,"Discussion of family relations, no profanity or target.",0,0,0,0,0,0,0
empsu00,"I mean....if worst comes to worst, I'd even believe the past about him being highly Educated and Intelligent.

But Young? From what angle?",bakchodi,1557210387,2019-05,"Political commentary on a public figure, professional criticism.",0,0,0,0,0,0,0
emps2ak,It is indeed a favour if you know how it is done in randia.,indiadiscussion,1557209730,2019-05,"Meta-commentary about a subreddit, no profanity or target.",0,0,0,0,0,0,0
empoini,"

Snapshots:

1. *This Post* - [archive.org](https://web.archive.org/20190507052400/http://www.reddit.com/r/indiadiscussion/comments/blmsqj/got_banned_in_rindia_for_purely_harmless_and/), [megalodon.jp](https://megalodon.jp/pc/get_simple/decide), [removeddit.com](https://www.removeddit.com/r/indiadiscussion/comments/blmsqj/got_banned_in_rindia_for_purely_harmless_and/), [archive.is](https://archive.is/XoCOB)

2. r/indiaspeaks - [archive.org](https://web.archive.org/20190507052403//r/indiaspeaks), [megalodon.jp](https://megalodon.jp/pc/get_simple/decide), [_archive.is\*_](https://archive.is/?run=1&amp;url=%2Fr%2Findiaspeaks ""could not auto-archive; click to resubmit it!"")

*^(I am a bot.) ^\([*Info*](/r/SnapshillBot) ^/ ^[*Contact*](/message/compose?to=\/r\/SnapshillBot))*",indiadiscussion,1557206644,2019-05,"Technical bot comment, no profanity or target.",0,0,0,0,0,0,0
emppmk6,"&gt; r/indiaspeaks is the only sane voice   

I know /r/india is more often than not self-fellating burrow but let's not get ahead of ourselves here.",indiadiscussion,1557207585,2019-05,"Criticism of a subreddit, no profanity or personal attack.",0,0,0,0,0,0,0
empkagx,"It is not. There is a doubleclick cookie also in there. No reason for doubleclick to show up if you used social share widgets.

You use double click if you are planning to advertise and deliberately put it in there",indiadiscussion,1557203189,2019-05,"Technical discussion about cookies, no profanity or target.",0,0,0,0,0,0,0
empsw30,We have to speak comparatively. You cant suddenly have a new subreddit and make people flock to it.,indiadiscussion,1557210439,2019-05,"General statement about subreddits, no profanity or target.",0,0,0,0,0,0,0
emplmd3,"At least the latter post was nor removed by mods, like it happens in randia.",indiadiscussion,1557204219,2019-05,"Meta-commentary about moderation, no profanity or target.",0,0,0,0,0,0,0
emplup9,my mum tho,canconfirmiamindian,1557204404,2019-05,"Incomplete phrase, no profanity or target.",0,0,0,0,0,0,0
ena8rv2,Lol. Chalo ab humein padhne do. Final Year ke Exams hain. Jyada bakchodi nhin.,canconfirmiamindian,1557716005,2019-05,"Hinglish mild profanity (bakchodi) used as filler, not directed at anyone.",1,0,0,0,0,0,0
ena7s9n,"You're welcome bhrata, ye hai TV ads ka sahi upyog",canconfirmiamindian,1557715546,2019-05,"Positive comment about TV ads, no profanity or abuse.",0,0,0,0,0,0,0
ena4xp8,"&gt;Education system do suck

Never felt like that, pls elaborate",canconfirmiamindian,1557714129,2019-05,"Neutral discussion about education system, no profanity or abuse.",0,0,0,0,0,0,0
ena4lkf,It's not education system's fault if you aren't fluent in English or your mother tongue,canconfirmiamindian,1557713952,2019-05,"Criticism of individual's language skills, no profanity or identity attack.",0,0,0,0,0,0,0
emps32l,"SRM IST, Chennai",canconfirmiamindian,1557209751,2019-05,"Just a university name, no profanity or abuse.",0,0,0,0,0,0,0
emps1jr,"PC definitely. She killed the theme. 

Like DP’s hair and that’s about it. The dress is boring and makeup is blah.",bollyblindsngossip,1557209709,2019-05,"Fashion critique, no profanity or personal attack.",0,0,0,0,0,0,0
empq5ze,"So many items on Akki, some side-hero was asking from what PR agency I was from lol - anyways, I don't think Akki was that bad - I recall a gora friend of mine in Switzerland picked another friends [1996 Stardust Magazine](https://i.imgur.com/uASqONv.jpg) ( a Pakistani actually  ) where the cover page had his affair and the inside article was I think that he was the sexist man in India

Akki is what we call a quantity actor, 3/10 will be good but that time it was a roll of Khiladi's, Tu Chor Main Sipahi, Sandharsh, Aflatoon and I think the last Khiadi started his Canada connection",bollyblindsngossip,1557208077,2019-05,"Discussion about actor's career, no profanity or abuse.",0,0,0,0,0,0,0
emprf3z,PC is being lauded (international media) as being pretty bold with her fashion choices... This look may not appeal to us [i dont like either one] but look at other MET Gala costumes and our girls did pretty good on 'nailing' the theme,bollyblindsngossip,1557209141,2019-05,"Fashion discussion, no profanity or abuse.",0,0,0,0,0,0,0
emppstw,The girls got the same nose so it looks less obvious when they do start going to these parties and getting papped.,bollyblindsngossip,1557207751,2019-05,"Observation about celebrities, no profanity or abuse.",0,0,0,0,0,0,0
empt979,no way !! wtf !!,bollyblindsngossip,1557210793,2019-05,"Exclamation of surprise with profanity, no target.",1,0,0,0,0,0,0
empnq66,"I would agree with you, but all of Tiger's films have been trash at best and have still minted money. His fans are not the discerning type.",bollyblindsngossip,1557205921,2019-05,"Criticism of actor's films and fans, no profanity or identity attack.",0,0,0,0,0,0,0
ew899ft,Pehli baar suna aaj. Mast gaana hai re ye to,bakchodi,1565205887,2019-08,"Positive comment about a song, no profanity or abuse.",0,0,0,0,0,0,0
ew86oh8,Uthane paise Mai tho 2-3 bacho ko full meals mil jatha,bakchodi,1565204376,2019-08,"Comment about money, no profanity or abuse.",0,0,0,0,0,0,0
ew8ajoa,"""Ek chor Jharkhand mein mar gaya aur tumhe dukh ho raha tha"" - The way this line is used, it implies that the person writing it is not saddened by it. Maybe even supports... if he said that to me, I would say that ""dukh hona bhi chahiye... bahut galat hua tha.""",bakchodi,1565206645,2019-08,"Discussion about a quote, no profanity or abuse.",0,0,0,0,0,0,0
ew82pyu,Tweet nahi mil raha. I'm gonna try again to find it.,bakchodi,1565202164,2019-08,"Neutral statement about finding a tweet, no profanity or abuse.",0,0,0,0,0,0,0
ew812cv,"Wrong. You forgot the Dalal of Dalals, Republic 😂",bakchodi,1565201192,2019-08,"Political commentary with sarcasm, no profanity or identity attack.",0,0,0,0,0,0,0
ew864hd,Who is the mulli ?,bakchodi,1565204057,2019-08,"Question using a derogatory term for a Muslim, targeting a person.",0,1,1,0,1,0,0
ew84sej,"Removed cause this is boring. We dont give a single fuck about some idiot twitter celeb.

If you want to suck dick go elsewhere.

THis is not a sub for karma farming.",indiadiscussion,1565203295,2019-08,"Profanity and sexual slur directed at an unspecified person, harassment.",1,1,0,0,0,0,0
ew8739t,"I will, not before suggesting you stick a dildo up your ass.

Dafuqs wrong with you? Stupid cunt.",indiadiscussion,1565204619,2019-08,"Profanity and sexual slur directed at a person, harassment.",1,1,0,0,0,0,0
ew899ij,"&gt;While I would not make that joke, I did think that was funny,

See thats the problem. Our version of funny is not approved by certain sections of the people here.&lt;removed content here&gt;  in simple unbakchodi posts and comments, admins are interfering in our sub. We are daily banning atleast 10 -15 accounts who are violating our sub rules, for reasons like ""caliing mullahs bakrichods"" ""katuwas"" etc. We know its bullshit but then if we want to stay in this platform we have stick to it",indiadiscussion,1565205888,2019-08,"Discussion about moderation, mentions slurs but not endorsing, no direct attack.",0,0,0,0,0,0,0
ew86xgf,Thank you for your opinion. Now fuck off.,indiadiscussion,1565204524,2019-08,"Profanity directed at a person, harassment.",1,1,0,0,0,0,0
ew8ai9m,"&gt;Tell me what was katua about this post?

Wow. I think some loony left Indian origin  admin is involved. No other explanation fits.

&gt;We dont want to get quarantined and we will take every measure possible for that.  Iske liye kisiko chahe pasand aye na aye humare hath mein kuch nahi 

Of course man, your sub your rules. While I disagree with what you are doing, I understand your predicament and the issues you guys are facing. Explain karne ke liye dhanyawaad",indiadiscussion,1565206622,2019-08,"Discussion about subreddit moderation, no personal attack or hate speech.",0,0,0,0,0,0,0
ew8672d,"Encounter anna, why you gotta do me like that this?",indiadiscussion,1565204098,2019-08,"Playful rhetorical question, no profanity or abuse.",0,0,0,0,0,0,0
ew85glr,i didnt because my hands were full. 😑,bollyblindsngossip,1565203679,2019-08,"Neutral statement, no profanity or abuse.",0,0,0,0,0,0,0
ew82r08,"&gt;He also threatened Rakesh Roshan with his underworld connections and made Hrithik marry Sussane. 

Wait a minute. That's actually true? And here I was laughing at my girlfriend when she first told me about this.

I thought they were childhood sweethearts or something?",bollyblindsngossip,1565202180,2019-08,"Expressing surprise about a rumor, no profanity or abuse.",0,0,0,0,0,0,0
ew87f2r,"Rishi Kapoor tweeted one of the articles carrying this news...saying bravo Sara for not putting on glasses and an ""airport look"" and pulling your own luggage I mean... why? As if her PR wasn't enough now Rishi Kapoor is helping them.",bollyblindsngossip,1565204808,2019-08,"Criticism of celebrity PR, no profanity or abuse.",0,0,0,0,0,0,0
ew83kmp,Maybe u didn’t do a namaste or cute adab while pushing the trolleys,bollyblindsngossip,1565202640,2019-08,"Sarcastic comment about celebrity behavior, no profanity or abuse.",0,0,0,0,0,0,0
ew8a1a7,Tiger Shroff being Tiger Shroff,bollyblindsngossip,1565206342,2019-08,"Neutral comment about a celebrity, no profanity or abuse.",0,0,0,0,0,0,0
ew88yrx,Ranveer doing a unsuspecting stage dive to greet the fans.,bollyblindsngossip,1565205713,2019-08,"Neutral comment about a celebrity, no profanity or abuse.",0,0,0,0,0,0,0
ew80u89,"Hey there! Your post has been removed automatically because your account is very newly made. Try to use your main account or wait for some time before posting anything.

*I am a bot, and this action was performed automatically. Please [contact the moderators of this subreddit](/message/compose/?to=/r/SaimanSays) if you have any questions or concerns.*",saimansays,1565201062,2019-08,"Automated moderation message, no profanity or abuse.",0,0,0,0,0,0,0
ew891yy,Probably gonna buy some property for the say sena shaka.,saimansays,1565205766,2019-08,"Speculative comment about property purchase, no profanity or abuse.",0,0,0,0,0,0,0
ew83vm4,Glad that u agree. Violence in the name of religion is something that I utterly despise. And it's ok if u aren't looking for one:). Saw your bio and I m not sure u would like a 17y old lol.,indiandankmemes,1565202799,2019-08,"Agreeing on violence, personal note, no profanity or abuse.",0,0,0,0,0,0,0
ew86ug7,Baat meim dum hain.,librandu,1565204474,2019-08,"Hindi phrase meaning 'there is substance in the matter', no profanity or abuse.",0,0,0,0,0,0,0
ew84kyv,Hahahahahaha,librandu,1565203178,2019-08,"Laughter, no profanity or abuse.",0,0,0,0,0,0,0
ew876vu,Nobody gave zackshit about him.,librandu,1565204677,2019-08,"Informal expression meaning 'nobody cared', no profanity or abuse.",0,0,0,0,0,0,0
ew87noz,"Dindu = limpdick who's too feared that his existence will be mutilated by all other religions and his purile existence will be erased from the face of earth, and uses such vulnerability as a justification for mutilation of women and children, and as a justification for violence, like mob lynching, shows too much care about history but spits pan masala on hindu monuments and believes taj mahal was some tejo mahalay, engages in whataboutism and calls anybody who disagrees muzzie n abdool, believes that his failure to make it to top notch institutions was purely due to reservations (albeit scoring less marks than ST cutoff), learns history from whatsapp and opindia and should always be avoided, like a rabid dog.",librandu,1565204946,2019-08,"Long rant using derogatory terms for Muslims, including 'muzzie' and 'abdool', and dehumanizing them as 'rabid dog'.",0,1,1,0,1,0,0
erq86kh,Talking about the comments in this post!,bollyblindsngossip,1561137383,2019-06,"Neutral comment about the post, no profanity or abuse.",0,0,0,0,0,0,0
erq7r82,I opened it again just now. Must be connection issues on your side,bollyblindsngossip,1561137117,2019-06,"Neutral comment about connection issues, no profanity or abuse.",0,0,0,0,0,0,0
erq8240,Who said that?,bollyblindsngossip,1561137306,2019-06,"Question, no profanity or abuse.",0,0,0,0,0,0,0
erq4rug,Isn't Deepika Padukone a co-producer for this one?,bollyblindsngossip,1561135189,2019-06,"Question about a celebrity, no profanity or abuse.",0,0,0,0,0,0,0
erq9qif,"BW also has the highest people consulting  numerologist, astrologers and tarot card readers. Because box office success is usually driven by luck, these factors help them take call on the release dates.

Also since bollywood is so disorganized, with cut throat competition, for pulling another competitor down they can go to any extent.",bollyblindsngossip,1561138376,2019-06,"Commentary on Bollywood practices, no profanity or abuse.",0,0,0,0,0,0,0
erq3rgz,Could it be shatru calling reena roy?,bollyblindsngossip,1561134525,2019-06,"Question about a person, no profanity or abuse.",0,0,0,0,0,0,0
erqcvms,"No, I do. I'm just saying bakchodi leaks out, thats all. This is the internet and you seek to escape trolls?

**Edit: Trolls also exist in the form of randian alts who bait users as seen here** https://np.reddit.com/r/IndiaSpeaks/comments/c38u3b/man_gives_triple_talaq_to_his_wife_for_giving/erpwwb2/",indiadiscussion,1561140414,2019-06,"Mild profanity 'bakchodi' used as filler, no target.",1,0,0,0,0,0,0
erqc1bi,"bakchodi is a joke, mods are even more of a  backstabbing ghazis than randimods",indiadiscussion,1561139860,2019-06,"Profanity 'bakchodi' and 'ghazis' used as insult to mods, but no identity group targeted.",1,1,0,0,0,0,0
erqc2r9,No I'm pretty sure it was either r/indianews or r/indiaspeaks I don't browse r/bakchodi like ever. Lmao I know what bakchodi means.,indiadiscussion,1561139887,2019-06,"Discussion about subreddits, no profanity or abuse.",0,0,0,0,0,0,0
erq82xv,"Basically r/India is ULTRA LEFT BUTTHURT SJW content and r/indiaspeaks is ULTRA RIGHT UNCLE JI wala WhatsApp group content. r/India created that segregation , well I argued with them on some point and they banned me with the message ""whine about right wingers being persecuted on some other subreddit , we don't want saghis here"".",indiadiscussion,1561137320,2019-06,"Criticism of subreddits, no personal attack or identity-based hate.",0,0,0,0,0,0,0
erqdkov,WELL SAID. They are irrelevant in elections and such a move will make them more famous for no reason.,indiadiscussion,1561140871,2019-06,"Political opinion, no profanity or abuse.",0,0,0,0,0,0,0
erqbonz,"I went a little over the top not all posts are like that but a vast majority of redditors on that sub are like that I've seen various comments like ""thanks for sharing *OP* Ji I have clicked on the upword aero, I am not sure what it will do"". Though it is still much much better than the whiney retards on r/India",indiadiscussion,1561139628,2019-06,"Insult 'retards' directed at a group of redditors, not identity-based.",0,1,0,0,0,0,0
erqe4r7,"""FBI! Open up"" bolna tha. dhet!",bakchodi,1561141243,2019-06,"Exclamation 'dhet' is mild profanity, no target.",1,0,0,0,0,0,0
erqbl2o,Kindly cite your videographic sources,bakchodi,1561139562,2019-06,"Request for sources, no profanity or abuse.",0,0,0,0,0,0,0
erq9eeu,"Fews days back did same with sunny Leone...

As she was getting too much roles in movie, hard Kaur got boht hard on sunny Leone as usual fake publicity chutiyap",bakchodi,1561138159,2019-06,"Profanity 'chutiyap' used in criticism of a celebrity, no personal attack.",1,0,0,0,0,0,0
erq9q15,tu narad he bc,bakchodi,1561138368,2019-06,"Profanity 'bc' directed at a person, personal insult.",1,1,0,0,0,0,0
erqa0z1,One photo in one frame for all 4 beghams,bakchodi,1561138565,2019-06,"Comment about a photo, no profanity or abuse.",0,0,0,0,0,0,0
erq9d8i,i cant find the clean template,bakchodi,1561138138,2019-06,"Request for template, no profanity or abuse.",0,0,0,0,0,0,0
erq93gp,I had a Guilty laugh,saimansays,1561137966,2019-06,"Expression of amusement, no profanity or abuse.",0,0,0,0,0,0,0
erqbgg9,"mere karan arjun ayenge, if bjp comes in west bengal, kerela and J&amp;K",saimansays,1561139478,2019-06,"Political statement, no profanity or abuse.",0,0,0,0,0,0,0
erq4v99,"Also saiman when he sees a political meme for swiay  
""I'm gonna pretend I didn't see that""",saimansays,1561135251,2019-06,"Comment about a YouTuber, no profanity or abuse.",0,0,0,0,0,0,0
erq4pho,The number of political memes in this sub has  become exceedingly annoying.,saimansays,1561135146,2019-06,"Complaint about memes, no profanity or abuse.",0,0,0,0,0,0,0
erqcy5z,You're welcome!,saimansays,1561140459,2019-06,"Polite response, no profanity or abuse.",0,0,0,0,0,0,0
erq8h2l,Aye bhindi kismish bol na.,saimansays,1561137568,2019-06,"Playful comment, no profanity or abuse.",0,0,0,0,0,0,0
erq4ubv,Atleast he is getting downvoted unlike that quantum physics post.,librandu,1561135234,2019-06,"Observation about downvotes, no profanity or abuse.",0,0,0,0,0,0,0
erq4sv5,/u/exotictantra probably thinks that Homeopathy was invented by vedic scientists and thus all the mental gymnastics.,librandu,1561135208,2019-06,"Criticism of someone's reasoning, no profanity or identity attack.",0,0,0,0,0,0,0
erq83hb,*Bhadwa Mudi ko Shikhar Dhawan ki finger ki chinta hai* as if he wont be able get Dhawan's finger his old ass.,librandu,1561137330,2019-06,"Profanity (Bhadwa) directed at a politician, personal insult.",1,1,0,0,0,0,0
erqbwsx,I second this,canconfirmiamindian,1561139778,2019-06,"Agreement, no issues.",0,0,0,0,0,0,0
erqa6mp,Nikal lavde,canconfirmiamindian,1561138665,2019-06,"Profanity (lavde) directed at an unspecified person, likely harassment.",1,1,0,0,0,0,0
erqc9n0,Pahli fursat me nikal,canconfirmiamindian,1561140013,2019-06,"Dismissive command, no profanity or identity attack.",0,0,0,0,0,0,0
f7c68h2,"Muh mah superior jets can't be shot down by obsolete Indian air force.

Do read on this how Indian air force slayed sabers in 65 and it was an achievement considering vintage aircrafts",bakchodi,1573585310,2019-11,"Nationalist boast about military history, no profanity or hate.",0,0,0,0,0,0,0
f7op01n,sex-kisse-sikha,bakchodi,1573931225,2019-11,"Sexual reference, but not profanity or harassment.",0,0,0,0,0,0,0
f7oydjo,Put em on 3DWarehouse/Unity Asset store :3 (free/paid whichever suits you) AHH and on Paint 3D!,bakchodi,1573937468,2019-11,"Suggestion about 3D models, no issues.",0,0,0,0,0,0,0
f8xbxll,You came here to mune salt once in a year...but your home sub gives us a perennial supply of salt without us even asking for it....,bakchodi,1574914073,2019-11,"Metaphorical criticism of a subreddit, no profanity or identity attack.",0,0,0,0,0,0,0
f7c0gws,Beta boobs udhar nahi hote hai,bakchodi,1573581686,2019-11,"Sexual reference, but not profanity or harassment.",0,0,0,0,0,0,0
f84p434,I used to think tharoor is just one step away from joining bjp but that boat has  long sailed,bakchodi,1574256925,2019-11,"Political commentary, no profanity or hate.",0,0,0,0,0,0,0
f84t6ah,2:06 on that video,saimansays,1574260090,2019-11,"Timestamp reference, no issues.",0,0,0,0,0,0,0
f7byrtk,"This serial was ment to be horror but after the release i watched it 2 months and it was decent till then but after later writers of this serial also implemented time travel in this serial 
'Yan' is a comman word sarpayan ,dayan ,bhasmayan ,bhasmika , etc 

There are many cringe moments like female lead's mother dying by the hand of daayan and then coming back in the serial after 2 months as a friend of daayan and many characters who died come back later

Here is time travel promo 

https://youtu.be/Q2riy8atqyc

Yes you have to die in order to time travel",saimansays,1573580623,2019-11,"Discussion of a TV serial, no profanity or hate.",0,0,0,0,0,0,0
f84y51q,Mi पुन्हा येईन,saimansays,1574263442,2019-11,"Marathi phrase, no issues.",0,0,0,0,0,0,0
f8x7cs5,"Kuch bhi  

If you saying this after seen his Minecraft then you should know that he uses shaders which is processor intensive and not GPU intensive, even a gtx 1060 can run those shaders with a decent processor.

Don't spread rumors",saimansays,1574910255,2019-11,"Technical correction, no profanity or hate.",0,0,0,0,0,0,0
f84pbh2,Slayy point is good but shub is just boring and for lil kids,saimansays,1574257098,2019-11,"Opinion about content creators, no profanity or hate.",0,0,0,0,0,0,0
f7osa8p,Did you really just say that to a post on saiman says subreddit?,saimansays,1573933102,2019-11,"Rhetorical question, no issues.",0,0,0,0,0,0,0
f7owztq,"Sorry, your account is new. Ask me after 2 months of participation",bollyblindsngossip,1573936458,2019-11,"Moderator-style response, no issues.",0,0,0,0,0,0,0
f7oudn1,"LOL

That's Mrs. India's hat i.e Sridevi

**Edit:** Mr. India was produced by Boney Kapoor, so he is referred as Mr. India here",bollyblindsngossip,1573934540,2019-11,"Factual correction, no issues.",0,0,0,0,0,0,0
f84quic,u need to give such answers at such pageants.,bollyblindsngossip,1574258340,2019-11,"Advice, no issues.",0,0,0,0,0,0,0
f84uyyj,I just heard the entire remix. Cringe worthy!,bollyblindsngossip,1574261343,2019-11,"Mild criticism of a remix, no profanity or target.",0,0,0,0,0,0,0
f84q87f,Did she ignore the officials or rushed in quickly to avoid the crowd?,bollyblindsngossip,1574257847,2019-11,"Neutral question about an event, no offensive content.",0,0,0,0,0,0,0
f7c83n4,They weren't together. Ranveer was on insta live a couple of minutes after he commented and said he was on his way to meet her,bollyblindsngossip,1573586496,2019-11,"Factual statement about celebrities, no offensive content.",0,0,0,0,0,0,0
f84ryi9,"First search result on google  

https://www.google.com/search?client=firefox-b-d&amp;q=fsm_vs_cthulhu+electoral+bonds+site%3AReddit.com",librandu,1574259194,2019-11,Neutral statement about a search result.,0,0,0,0,0,0,0
f7ooqt1,Don't know how I could forget that. I'll put it in,librandu,1573931090,2019-11,Neutral statement about forgetting something.,0,0,0,0,0,0,0
f7op8m9,"What would be the point? The vastly more educated than me tankie gave you a long list of reasons that there is a point to protectionism, and you just ignored him.",librandu,1573931340,2019-11,"Political argument, uses 'tankie' as political label, no personal attack or identity hate.",0,0,0,0,0,0,0
f8x41mq,"&gt; Guiz, guiz a bunch of racists are goin to listen to us brown people because we retweeted and tagged them, to let them know about chintuphobia. Omegalulz

They forget that they're not white, no matter how much they wish that they were.",librandu,1574907648,2019-11,"Mocking tone, uses 'chintuphobia' and 'brown people' but no explicit slur or hate speech, targets a group but not clearly discriminatory.",0,0,0,0,0,0,0
f7oqoci,"Idiocracy in action.

Wonder what's the correlation between per capita gdp and population growth rate.",librandu,1573932104,2019-11,"Comment on population growth and GDP, no offensive content.",0,0,0,0,0,0,0
f84z6qo,"Just Congi and commie designs. Move along people, nothing to see here.",librandu,1574264115,2019-11,"Political criticism using 'Congi' and 'commie', no personal attack or hate speech.",0,0,0,0,0,0,0
f84s4gn,u/sarcasticfan did you also got banned?,indiadiscussion,1574259321,2019-11,Neutral question about a ban.,0,0,0,0,0,0,0
f84qjfp,link me one,indiadiscussion,1574258098,2019-11,Neutral request for a link.,0,0,0,0,0,0,0
f84wcx9,"If I had any respect for you before, I'd have lost it after your last comment. 😂😂😂",indiadiscussion,1574262279,2019-11,"Sarcastic remark about losing respect, no profanity or hate.",0,0,0,0,0,0,0
f7c4q5i,Oof. I thought you were joking lmao,indiadiscussion,1573584363,2019-11,"Expression of surprise, no offensive content.",0,0,0,0,0,0,0
f7c8m03,"

Snapshots:

1. Poster doesn't know what liberal me... - [archive.org](https://web.archive.org/20191112192655/https://i.redd.it/vpvz8lpy3by31.jpg), [archive.today](https://archive.today/yvvQv)



*I am just a simple bot, **not** a moderator of this subreddit* | [*bot subreddit*](/r/SnapshillBot) | [*contact the maintainers*](/message/compose?to=\/r\/SnapshillBot)",indiadiscussion,1573586816,2019-11,"Bot message, no offensive content.",0,0,0,0,0,0,0
f7orcxc,"&gt;  the biggest sub in Indiaverse is a left-liberal leaning.

Sorry, but that is incorrect. liberal in the classic sense would be the current political discourse. Randia on the other hand is radical left(sort of) for lack of a better classification since the classic dichotomy of left right does not fit well in the Indian context.

&gt; the opposition's voice 

Has to be credible, randia isn’t.",indiadiscussion,1573932504,2019-11,"Political commentary on subreddit, no personal attack or hate speech.",0,0,0,0,0,0,0
etoxaxg,That's why we use reddit!,bakchodi,1563040000,2019-07,Neutral statement about using reddit.,0,0,0,0,0,0,0
etoyau9,bruh 😫😜😜😜🔥🔥,bakchodi,1563040752,2019-07,"Informal exclamation, no offensive content.",0,0,0,0,0,0,0
etowxz3,"Pray tell what is religion then? Also, I am going to post this on r/Im14AndThisIsDeep",bakchodi,1563039738,2019-07,"Sarcastic question about religion, no hate speech.",0,0,0,0,0,0,0
etp0f2v,I have just qualified this year. So I have not taken admission yet. However I am taking electrical IIT kanpur(I have a OBC quota too),bakchodi,1563042368,2019-07,"Personal statement about education and quota, no offensive content.",0,0,0,0,0,0,0
etoxzha,I started like 3 days ago.Got only 87% but also got 3400 rank. Now I don't respect anyone who gets below 90% with myself being an exception.,bakchodi,1563040514,2019-07,"Personal opinion about scores, no offensive content.",0,0,0,0,0,0,0
etotlfr,Hollywood movies are cancer.,bakchodi,1563037254,2019-07,"Hyperbolic criticism of Hollywood movies, no personal target or identity group.",0,0,0,0,0,0,0
etp0wyz,Nope it's your username.,saimansays,1563042752,2019-07,"Dismissive reply, no profanity or abuse.",0,0,0,0,0,0,0
etosxbr,r/cursedcomments,saimansays,1563036753,2019-07,"Subreddit reference, no profanity or abuse.",0,0,0,0,0,0,0
etos3kl,"tried sending it in the comments and your pm too,but it ain't working",saimansays,1563036132,2019-07,"Technical issue, no profanity or abuse.",0,0,0,0,0,0,0
etot1fe,Take my upvote,saimansays,1563036838,2019-07,"Positive comment, no profanity or abuse.",0,0,0,0,0,0,0
etotvtu,Upload it on Imgur/Dropbox/Google Drive/Mega and send the link!,saimansays,1563037473,2019-07,"Helpful suggestion, no profanity or abuse.",0,0,0,0,0,0,0
etow9t8,"The way she is alienating everyone, I doubt it. Essentially, she has run out of all good will. The only reason she is alive in bollywood is the money she can bring right now, the day she gets two flops, she is out. 

Now of, everyone will say which non nepo actress won't be out with two flops? The answer is Katrina with thugs and zero, but still she is getting film offers very fluidly, despite the fact that she is not even the most bankable actor like kangana is. 

The fact is that general audience is getting tired of her and rangolis verbal vomit, and one day, it will backfire on her.",bollyblindsngossip,1563039240,2019-07,"Critical commentary on a public figure's career, professional criticism, no personal attack or identity basis.",0,0,0,0,0,0,0
etosw46,those blinds came out during Ae Dil..,bollyblindsngossip,1563036728,2019-07,"Neutral statement about media reports, no profanity or abuse.",0,0,0,0,0,0,0
etowqbj,"I didn't know her by name, but now I google her and recognize her. Yeah, she's very talented.",bollyblindsngossip,1563039578,2019-07,"Positive comment about talent, no profanity or abuse.",0,0,0,0,0,0,0
etotows,"I think the weight gain/loss he is doing for Shamshera and Brahmastra probably taking a toll on him. I don't think he had planned to shoot both at the same time so he has to gain weight for when he shoots Shamshera and lose the weight for when he shoots Brahmastra.

&amp;#x200B;

Also he looks better with a stubble and not full on beard.",bollyblindsngossip,1563037328,2019-07,"Speculative commentary on actor's physical condition, no profanity or abuse.",0,0,0,0,0,0,0
etp0tut,Seems like Shah Rukh is the only one who escaped 40s with full hair density lol,bollyblindsngossip,1563042684,2019-07,"Light-hearted comment about hair, no profanity or abuse.",0,0,0,0,0,0,0
etox7my,"&gt; and also that he's about 40 now

lol hrithik is 45 and looks way more fit than him",bollyblindsngossip,1563039933,2019-07,"Comparison of actors, no profanity or abuse.",0,0,0,0,0,0,0
etou4zq,"https://m.imgur.com/eCoTPJP


Basically, men are bad, India is bad, Indian men are  absolute WORST",indiadiscussion,1563037662,2019-07,"Generalized negative statement about men and India, but not targeting a specific individual or group with hate speech; it's a broad criticism.",0,0,0,0,0,0,0
etov0di,"LOL

look who stays there....  [https://np.reddit.com/r/worldnews/comments/cc74u4/india\_lifts\_271\_million\_people\_out\_of\_poverty\_in/etlfdnv/](https://np.reddit.com/r/worldnews/comments/cc74u4/india_lifts_271_million_people_out_of_poverty_in/etlfdnv/) 

&amp;#x200B;

even i got banned for commenting in the same post....

[https://www.reddit.com/r/worldnews/comments/cc74u4/india\_lifts\_271\_million\_people\_out\_of\_poverty\_in/etl9d7g?utm\_source=share&amp;utm\_medium=web2x](https://www.reddit.com/r/worldnews/comments/cc74u4/india_lifts_271_million_people_out_of_poverty_in/etl9d7g?utm_source=share&amp;utm_medium=web2x)",indiadiscussion,1563038311,2019-07,"Comment about being banned, no profanity or abuse.",0,0,0,0,0,0,0
etoupsq,"I'm happy that this blew up in the news though, it looked like she was gonna get away with this yesterday.
Only Twitter remains where people think she is innocent.",canconfirmiamindian,1563038093,2019-07,"Opinion about news coverage, no profanity or abuse.",0,0,0,0,0,0,0
em48k3x,75% of Iraqis are Arabs.,bakchodi,1556600215,2019-04,"Factual statement about demographics, no profanity or abuse.",0,0,0,0,0,0,0
em4ievm,"Elbow, YES !",bakchodi,1556614246,2019-04,"Exclamation, no profanity or abuse.",0,0,0,0,0,0,0
em4c8pn,Bangalore more like bang a whore,bakchodi,1556604704,2019-04,"Pun on city name with vulgar word, but not directed at a person or group.",1,0,0,0,0,0,0
em4h9ex,Main Ranchhod nahi Raaju hun jo apni gend marwata hun,bakchodi,1556612286,2019-04,"Self-deprecating Hindi phrase with profanity, not directed at others.",1,0,0,0,0,0,0
em4bl7x,I have been shouting this since decades. Its not about mussies who are illiterate want azaadi. Its the opposite.,bakchodi,1556603832,2019-04,"Political commentary, no profanity or abuse.",0,0,0,0,0,0,0
em4e3c2,"Why roast kannadigas

They already blacker than niggas",bakchodi,1556607307,2019-04,Racial slur and regional hate directed at Kannadigas.,1,0,1,0,0,1,0
em4fp4b,I know some people who openly supports Imran khan as well as the British colonalisation. They truly believe that they would have been like Norway/sweden if the south India have separated from North India. South Indians have a superior complexity because they feel that Dravidians are the true people of India.,canconfirmiamindian,1556609749,2019-04,"General political commentary on South India, no direct hate speech.",0,0,0,0,0,0,0
em48itu,What a profile. Stand-up comedian and Democrat. Absolute cringe reading through her stuff where she's desperately trying to be funny. Amy Schumer 2.0,canconfirmiamindian,1556600176,2019-04,"Criticism of a public figure's comedy and political affiliation, no personal abuse.",0,0,0,0,0,0,0
em4gdj3,The guy who posted has been banned from both r/India and r/Indiaspeaks. A Telugu guy who wants a separate south India but is racist towards Tamil people. This guy must be retarded for not getting an IIT seat. Whenever a North Indian comes up with a valid counter attack he cuss their mother. I wish this guy gets a citizenship in Pakistan. Such a scumbag,canconfirmiamindian,1556610808,2019-04,"Personal insults and abuse directed at an individual, including mental disability slur and wishing citizenship in Pakistan.",0,1,0,0,0,0,0
em483mn,I don't mean it as some evil corporation but the ise of GM seeds has lead to loss of some indigenous breed of plants as  those breeds don't provide the same yield as GM seeds,canconfirmiamindian,1556599713,2019-04,Neutral discussion about GM seeds and biodiversity.,0,0,0,0,0,0,0
em4aqkj,I bet this person would be Bachelor's in arts .,canconfirmiamindian,1556602760,2019-04,"Sarcastic comment about someone's education, no profanity or hate.",0,0,0,0,0,0,0
em4cx4i,Pakistan mein karne ke liye kuch hain hi nahi.,canconfirmiamindian,1556605624,2019-04,"Comment about Pakistan having nothing to do, no hate speech.",0,0,0,0,0,0,0
em4gkx7,Isn't this guy preity's ex?,bollyblindsngossip,1556611143,2019-04,"Question about a person's relationship, no hate.",0,0,0,0,0,0,0
em4d7pr,What a man...he never looks irritated or upset with ppl who are pushy but adore him..unlike new age celebs who act like they are doing their fans a favor..there can never be another King Khan..,bollyblindsngossip,1556606042,2019-04,"Positive comment about a celebrity, no hate.",0,0,0,0,0,0,0
em4febh,Nothing surprising,bollyblindsngossip,1556609290,2019-04,"Neutral comment, no hate.",0,0,0,0,0,0,0
em4flb4,PM ki meeting ko 480p mein hi record karna tha?,bollyblindsngossip,1556609588,2019-04,"Sarcastic comment about video quality, no hate.",0,0,0,0,0,0,0
em4bu52,"Yup she was in both KHNH and DDLJ, she was Geeta in Kal Ho Naa Ho (jiske do gande gande bacchein hai 😂), Saif’s MBA friend who Saif had the hots for but uses Saif as a babysitter for her kids. In DDLJ she was part of Kajol’s gang of friends, not a major role either. She basically is friends with Aditya Chopra and KJo from college days and they pretty much put her in these movies.",bollyblindsngossip,1556604157,2019-04,"Discussion about an actress's roles, no hate.",0,0,0,0,0,0,0
em4gjae,So his sentence is suspended already ? Why if he was caught red handed?,bollyblindsngossip,1556611067,2019-04,"Question about legal proceedings, no hate.",0,0,0,0,0,0,0
em4a8ip,T series might be into depression because of you,saimansays,1556602153,2019-04,"Sarcastic comment about T-series, no hate.",0,0,0,0,0,0,0
em4c31e,Not a spoiler : No body jumps off from a cliff,saimansays,1556604488,2019-04,"Spoiler comment, no hate.",0,0,0,0,0,0,0
em48mpp,Spoiler alert: ant man DOESN'T expand inside Thanos' butt,saimansays,1556600296,2019-04,"Spoiler comment, no hate.",0,0,0,0,0,0,0
em4cxov,"Salman Khan doesn't snaps , he drives",saimansays,1556605645,2019-04,"Joke about Salman Khan, no hate.",0,0,0,0,0,0,0
em4g2cz,Don't spoil the endgame,saimansays,1556610321,2019-04,"Request not to spoil, no hate.",0,0,0,0,0,0,0
em49vfz,Pls stop posting shitty and lame memes,saimansays,1556601720,2019-04,"Request to stop posting bad memes, no hate.",0,0,0,0,0,0,0
em4dngt,Get in DMs and explain the situation,librandu,1556606664,2019-04,"Suggestion to discuss privately, no hate.",0,0,0,0,0,0,0
em4ime5,"VirginTech seems to have been working hard to impress the mod team, by insulting people on their behalf and playing protector to women. And now this loon has earned himself yet another mod badge.",librandu,1556614592,2019-04,"Personal attack on a user, no profanity or identity-based hate.",0,1,0,0,0,0,0
em4flbp,"My ancestors fled Pakistan Sindh due to the atrocities. I feel putrid reading that. Hindu population in Pak is just 1.6% and they are forcefully converted to Islam or are cut off from civilisation. 5,000 pak hindus migrate back to homeland India every year and the rate keeps increasing specially now that we provide them with aadhar and passports faster. What that retard is saying is not backed by anything but assumptions and indoctrinated cultural Marxist narratives",indiadiscussion,1556609588,2019-04,"Discussion of historical atrocities and criticism of another user's argument, includes 'retard' as insult.",0,1,0,0,0,0,0
em4ghs9,"Im really sorry to hear that. Worst thing is that these pakis then call Indians intolerant and a lot of my muslim friends tell me how everytime anything communal happens in India these pakis jump into their messages offering support against the ""barbaric hindus"". Srsly these pakis couldnt be loyal to their own homeland and they think that somehow they are better than Indian hindus or muslims.",indiadiscussion,1556610998,2019-04,"Derogatory term 'pakis' used to demean Pakistanis as a group, with hostile framing.",0,0,1,0,0,1,0
em4ic1w,This isn't offensive at all (to me atleast) i would very much like to see more like this,indiandankmemes,1556614119,2019-04,"Positive feedback, no issues.",0,0,0,0,0,0,0
f7orfgb,"Nice post bro but meme correction.
Cat was supposed to be a good character 
And the girls are not sane here. 
Complete opposite but still this meme gets a ⬆️
2️⃣0️⃣0️⃣2️⃣",indiandankmemes,1573932553,2019-11,"Meme commentary, no issues.",0,0,0,0,0,0,0
f84rma8,"Padha likha ya kis line m ja rha ho sir ap. Apko well trained bna h well educated ni, vo apki aukat k bhar h.",indiandankmemes,1574258939,2019-11,"Insulting someone's education, no profanity or identity-based hate.",0,1,0,0,0,0,0
f84r4en,Depressed and oppressed.,indiandankmemes,1574258555,2019-11,"Short phrase, no clear target or hate.",0,0,0,0,0,0,0
f84uq47,Finally a good meme on this sub,indiandankmemes,1574261172,2019-11,"Positive feedback, no issues.",0,0,0,0,0,0,0
f84x73b,Using emojis on reddit is a curse,indiandankmemes,1574262831,2019-11,"Opinion about emojis, no issues.",0,0,0,0,0,0,0
f7ou48h,"I've seen American protests... They get violent, remember Charleston?",canconfirmiamindian,1573934354,2019-11,"Mention of historical event, no hate.",0,0,0,0,0,0,0
f84xfrv,I don't see anything wrong in that statement. Hindi IS a north indian language.,canconfirmiamindian,1574262984,2019-11,"Factual statement about language, no issues.",0,0,0,0,0,0,0
f7ownnv,Every race has good lookong and ugly people. Deal with it,canconfirmiamindian,1573936209,2019-11,"General statement about races, no hate.",0,0,0,0,0,0,0
em4a4qd,"BITSAT nahi de raha main. Will go to local college, probably.",bakchodi,1556602027,2019-04,"Personal statement about college, no issues.",0,0,0,0,0,0,0
em4gk6r,did they touch/elbow your balls at any time?,bakchodi,1556611109,2019-04,"Inappropriate question, but no clear target or hate.",0,0,0,0,0,0,0
em4hf40,Aapko bhi mera naman 🙏🙏,bakchodi,1556612555,2019-04,"Respectful greeting, no issues.",0,0,0,0,0,0,0
em4gwcg,I am all down for that lol,bakchodi,1556611666,2019-04,"Agreement, no issues.",0,0,0,0,0,0,0
em4bll9,Konsi state se ho?,bakchodi,1556603845,2019-04,"Asking about state, no issues.",0,0,0,0,0,0,0
em4gabq,"**No one comment on UP Yogi Raaj or else**

**Unhe Niptaa arthat Nipat liya jayega, Apna Samay Aayega, Majid ko Dhahayega, Mandir Wahi Banayega 😎**",bakchodi,1556610665,2019-04,"Political slogan with communal undertones, but no direct hate speech.",0,0,0,0,0,0,0
f7opvqy,She has dual citizenship. Canadian and American,bollyblindsngossip,1573931673,2019-11,"Factual statement, no issues.",0,0,0,0,0,0,0
f7ouu4p,"The so called other girl had n number of breakups and when she eyed Ranveer, Ranveer and Anushka were still in a relationship.",bollyblindsngossip,1573934873,2019-11,Comment discusses a third person's relationship history without direct insult or identity-based attack.,0,0,0,0,0,0,0
f7oqzcu,"Good job, Gauri!
When's her next movie coming?",bollyblindsngossip,1573932271,2019-11,"Positive comment about a person, no offensive content.",0,0,0,0,0,0,0
f7c3jlq,“Hello ji” -kkkg,bollyblindsngossip,1573583620,2019-11,"Quoting a phrase, no offensive content.",0,0,0,0,0,0,0
f7c3hcv,"What is that sub about anyway? I thought it was supposed to be a place for people doing banter and posting content with meta references, but over time it looks like it’s become a place for conservatives to post low key Hindu right wing content disguised as humour and trollery.",librandu,1573583583,2019-11,"Criticism of a subreddit's content, no personal attack or identity-based hate.",0,0,0,0,0,0,0
em4cpgy,"BC fake news spread na karo, that too an year  old fake news. 


https://www.dailyo.in/variety/rana-ayyub-trolling-fake-tweet-social-media-harassment-hindutva/story/1/23733.html",bakchodi,1556605333,2019-04,"Profanity 'BC' used as exclamation, not directed at a person.",1,0,0,0,0,0,0
em4936c,libtards h govt ko oppose karne k liye kisi b hadd tak ja sakte h...,bakchodi,1556600797,2019-04,"Political insult 'libtards' targeting political affiliation, not a protected identity.",0,0,0,0,0,0,0
em4fiwf,"Bai how is katrina top female star? She hasn't done much successful roles in BO recently, all her 100cr+ hits like Tiger franchise are because of Salman's stardom.",bollyblindsngossip,1556609484,2019-04,"Criticism of a celebrity's career, no personal attack or identity-based hate.",0,0,0,0,0,0,0
em4edcb,But production is sabab😂😂,bakchodi,1556607716,2019-04,"Casual comment, no offensive content.",0,0,0,0,0,0,0
erq4835,*I'm grabbing myself by the balls*,bakchodi,1561134829,2019-06,"Self-referential humorous statement, no offensive content.",0,0,0,0,0,0,0
erq46ok,"&gt;IAMT is the accepted consensus.

followed by 

&gt; vedic culture was synthesized in NW India 

&amp;#x200B;

Clearly you are not familiar with IAMT. Here is an Indian source for your convenience:  [http://niyogibooksindia.com/blog/ancient-india/](http://niyogibooksindia.com/blog/ancient-india/)",bakchodi,1561134805,2019-06,"Discussion of academic topic, no offensive content.",0,0,0,0,0,0,0
em4chzu,MFW I can understand what porkies talk in.,bakchodi,1556605055,2019-04,"Derogatory term 'porkies' for Pakistanis, regional hate.",0,0,1,0,0,1,0
f7ou5cx,Thanks another useful link you've provided today.,librandu,1573934376,2019-11,"Sarcastic thanks, no offensive content.",0,0,0,0,0,0,0
erqd3qf,"Sure, thats cool.",indiadiscussion,1561140562,2019-06,"Neutral agreement, no offensive content.",0,0,0,0,0,0,0
f7ou766,These are gawthis for you.,bakchodi,1573934413,2019-11,"Derogatory term 'gawthis' possibly regional, but unclear target.",0,0,0,0,0,0,0
etoyde9,"Abe oo kingpin941, your comment was removed because you are a chutiya and we do not allow cross-posts to any sub. So go fuck yourself and don't try this again.


*I am a bot, and this action was performed automatically. Please [contact the moderators of this subreddit](/message/compose/?to=/r/bakchodi) if you have any questions or concerns.*",bakchodi,1563040808,2019-07,"Profanity 'chutiya' and 'fuck yourself' directed at a user, personal harassment.",1,1,0,0,0,0,0
f7ooidz,Outstanding answer,saimansays,1573930971,2019-11,"Positive comment, no offensive content.",0,0,0,0,0,0,0
em4gz82,"Before you chutiyas spew your hate,  know that it's fake.",bakchodi,1556611803,2019-04,"Profanity 'chutiyas' directed at a group, personal harassment.",1,1,0,0,0,0,0
em4h75w,How tf does he make money?? He also has a ton of debt to pay off,bollyblindsngossip,1556612180,2019-04,"Profanity 'tf' as exclamation, not directed at a person.",1,0,0,0,0,0,0
f7c1eks,Madhubala being played by an Instagram model looking girl with surgical enhancements all over her face? I pray to God that you're not being serious right now.,bollyblindsngossip,1573582280,2019-11,"Criticism of an actress's appearance, no profanity or identity-based attack.",0,0,0,0,0,0,0
erqcsd6,"He play for his country and this is the respect he gets, shameful....",bakchodi,1561140353,2019-06,"Expression of disappointment about treatment of a player, no attack.",0,0,0,0,0,0,0
empih6y,That is because the results of islam are changed according to the countries. Insulting islam can lead to 🚫🔨.,bakchodi,1557201850,2019-05,"Discussion of Islamic laws, no direct attack on individuals or groups.",0,0,0,0,0,0,0
f7c7pgf,"&gt;Cute handwriting. ❤️

Thanks

&gt;bedroomarxism

The only kind of marxism I like ( ͡° ͜ʖ ͡°)",bakchodi,1573586248,2019-11,"Positive comment about handwriting and a joke, no offensive content.",0,0,0,0,0,0,0
f84tj64,I've been laughing since I commented..pls help.,saimansays,1574260340,2019-11,"Self-referential humor, no target.",0,0,0,0,0,0,0
f8x8woi,Always late but worth the wait. Ananya's next caption.,bollyblindsngossip,1574911531,2019-11,"Sarcastic comment about a celebrity's caption, no attack.",0,0,0,0,0,0,0
empr7sq,Yes you're right,bakchodi,1557208982,2019-05,"Agreement, no offensive content.",0,0,0,0,0,0,0
f84vhoi,Timothy Cena is the real john,saimansays,1574261697,2019-11,"Joke about a wrestler, no offensive content.",0,0,0,0,0,0,0
em4bjlp,"chutiya kaat rhe h NTA wale meri 93.6 percentile m 76K rank aayi

ek ki 91.3 percentile m 66K aayi , matlab kuch bhi 😔😔",bakchodi,1556603776,2019-04,"Profanity used to express frustration at an institution, not targeted at a person.",1,0,0,0,0,0,0
f8x8e3l,He has a movie coming up Happy Hardy &amp; Heer so get ready to be face palmed.,bollyblindsngossip,1574911103,2019-11,"Sarcastic comment about an actor's movie, no attack.",0,0,0,0,0,0,0
etoyth1,It's also possible that Rishi Kapoor's medical treatment is having a toll on his mental health.,bollyblindsngossip,1563041146,2019-07,"Speculation about a celebrity's health, no attack.",0,0,0,0,0,0,0
f7ourms,What about 2002?,bakchodi,1573934822,2019-11,"Question about a year, no offensive content.",0,0,0,0,0,0,0
em4fwtn,I got 99% percentile,bakchodi,1556610085,2019-04,"Statement of achievement, no offensive content.",0,0,0,0,0,0,0
erq6f55,Whatever you guys say but I think acting of the fat guy was next level.,bakchodi,1561136256,2019-06,"Opinion about an actor's performance, no attack.",0,0,0,0,0,0,0
f8xclup,Indians deserve to have shitty facilities because aukad hi itni he tum logo ki.,bakchodi,1574914652,2019-11,"Profanity and insult directed at Indians as a group, but not based on a protected identity.",1,1,0,0,0,0,0
empm0q1,Did you forget kanhiya Kumar?,bakchodi,1557204520,2019-05,"Question about a politician, no offensive content.",0,0,0,0,0,0,0
f7oqooq,"&gt;All these economic ideologies on the whole are in-group differences between librandus. It's no great fault, because there's nothing at stake leaning either way. 

&gt;Conservatives don't care for it. The government works out something, and these people come up with arguments to defend it against critique, the root ideology of that government decision being completely irrelevant. 


Based and redpilled.",librandu,1573932109,2019-11,"Political commentary, no profanity or personal attack.",0,0,0,0,0,0,0
ew86bz3,"Yes because when Randia bans people who are against their liberandu propaganda, they turn to the indiaspeaks sub",indiadiscussion,1565204177,2019-08,"Meta-commentary about subreddit bans, no personal attack or identity-based hate.",0,0,0,0,0,0,0
f8x3lzq,Egg puffs from?,librandu,1574907325,2019-11,"Simple question about food, no offensive content.",0,0,0,0,0,0,0
f8x8mio,"Nayan's shot to fame was Chandramukhi opposite Rajnikant, how do you justify that?

Moreover she has a list of those media hyped affairs where she was thrashed mercilessly when the other half dumped her.",bollyblindsngossip,1574911297,2019-11,"Discussion about a celebrity's career and relationships, no personal attack or identity-based hate.",0,0,0,0,0,0,0
etovl9h,It is from r@ndia,bakchodi,1563038738,2019-07,"Mention of a subreddit name, no offensive content.",0,0,0,0,0,0,0
em4ihhg,"u/kafircastro aaj Kal Kam dikhte ho bakchodi pe, naye ladko ne atank mcha kr rkha hai repost kr kr ke",bakchodi,1556614365,2019-04,"Casual comment about new users posting reposts, no profanity or personal attack.",0,0,0,0,0,0,0
etovn5p,"Since when did chutiye come under gali galoch? And anyways this is bakchodi, I don't make any comment seriously here.",bakchodi,1563038777,2019-07,"Discussion about the word 'chutiye' and bakchodi, no personal attack or identity-based hate.",0,0,0,0,0,0,0
f7c6lpg,"Both their characters name were Bala in their last movie. Ayushmann called him the OG Bala by referring him as ""King"". After watching the movie Akshay was so impressed he gave him the crown(King's crown) of Bala. This is what I understood...lol",bollyblindsngossip,1573585544,2019-11,"Explanation of a movie reference, no offensive content.",0,0,0,0,0,0,0
em4f1v1,"Well written. Something I wanted to put out there but was too lazy to gather my thoughts and pen it down.

Something I've found is, when posts this long are made, a lot of effort goes into them so I take the time to read and reread to fully grasp what the writer wants to convey. But a lot of people just keep scrolling. We need to keep things succinct, precise and potent.

I have the same thoughts as you regarding narrative, western hegemony and the cultural degradation that is afoot these days. Right now we are internet nobodies. We need to keep our heads down, work hard on ourselves, succeed and get everyone around us to succeed, form a massive network of people and finally start playing the game of the left fully prepared and on even terms. We've been bashed for what around 800 years now? Take a couple more decades and pay back the debt with full interest.",bakchodi,1556608750,2019-04,"Long comment about cultural degradation and left-wing politics, no personal attack or identity-based hate.",0,0,0,0,0,0,0
em4f2x1,!redditgaumutra,bakchodi,1556608797,2019-04,"Reference to a subreddit bot, no offensive content.",0,0,0,0,0,0,0
f7bzyeg,maha kek.........XD,bakchodi,1573581360,2019-11,"Expression of amusement, no offensive content.",0,0,0,0,0,0,0
em4dvbr,Kesari is a chad,bakchodi,1556606977,2019-04,"Positive comment about a movie character, no offensive content.",0,0,0,0,0,0,0
empqzrp,Oh alright brother. I might be wrong as you live in the ground reality. Fuck I'm so afraid now. Let's hope Ram saves UP. Fingers crossed,bakchodi,1557208800,2019-05,"Sarcastic comment about UP and Ram, no personal attack or identity-based hate.",1,0,0,0,0,0,0
em48cej,Rehn de bhai. Ho gya tera. Chawanprash khaa jaa k!,bakchodi,1556599978,2019-04,"Dismissive comment telling someone to eat chawanprash, no profanity or personal attack.",0,0,0,0,0,0,0
empsfxw,PC is true to the theme.,bollyblindsngossip,1557210051,2019-05,"Comment about a person being true to theme, no offensive content.",0,0,0,0,0,0,0
f8x3fxy,"Sort of. 
Buddhism was in power",bakchodi,1574907197,2019-11,"Historical statement about Buddhism, no offensive content.",0,0,0,0,0,0,0
f7oxebs,"Sorry, I have to remove this post . Kid doesn’t deserve to be judged by us.",bollyblindsngossip,1573936755,2019-11,"Moderator comment about removing a post, no offensive content.",0,0,0,0,0,0,0
f7oqfhe,Basic copy paste. But yeah me dum,librandu,1573931969,2019-11,"Comment about a copy-paste, no offensive content.",0,0,0,0,0,0,0
etoyuc3,Ye Mukul Roy bhi Mamta ki full-time bhadwagiri karta tha kuch saal pahle tak jab ise railway minister bhi banaya tha usne,bakchodi,1563041164,2019-07,"Political commentary about Mukul Roy and Mamta, no profanity or personal attack.",0,0,0,0,0,0,0
f7c38yj,Ye sharif shane ki kundli chahiye mereko immediately.,bakchodi,1573583436,2019-11,"Request for a horoscope, no offensive content.",0,0,0,0,0,0,0
empi9zg,Ye trap kaun hai ji?,bakchodi,1557201706,2019-05,"Question about a trap, no offensive content.",0,0,0,0,0,0,0
erqd899,Tiger and Ranveer are both 5’9. Tiger looks short because the lower half of his body is disproportionate and he has a big bum. Ranbir is close to 6’.,bollyblindsngossip,1561140644,2019-06,"Body-shaming directed at a public figure, personal appearance, no profanity.",0,1,0,0,0,0,0
f84xdc6,"Sharad Pawar is the true politician. Only Amit Shah is an equal to him, and Sharad Pawar knows it too well.",bakchodi,1574262942,2019-11,"Political commentary, no profanity, no personal attack.",0,0,0,0,0,0,0
f84zqn3,"Jaad nahi maanga tha, bas aisi hi ek chahiye thi life me jiske saath mangalwaar ko sundarkand ka paath karun baith ke........",bakchodi,1574264464,2019-11,"Personal desire, no profanity, no target.",0,0,0,0,0,0,0
em4fjue,u/Accountmisplaced u/wishbone96 kal ke launde ho aur mujhe nahi lagta tumhara karma enough to be in Mod race,bakchodi,1556609523,2019-04,"Personal insult directed at a user, no profanity, no identity basis.",0,1,0,0,0,0,0
f84x13i,Good that he's taken some time off of brigading this sub and invested it in shaking his fist furiously at the anti-Hindu forces operating against Modi.,librandu,1574262723,2019-11,"Political commentary, no profanity, no personal attack.",0,0,0,0,0,0,0
f8xb88y,Maulana Thackeray😂,bakchodi,1574913471,2019-11,"Nickname combining religious and political figures, no profanity, no clear target.",0,0,0,0,0,0,0
em4e4d7,Ek minute lag jata hai alt change karne me,bakchodi,1556607349,2019-04,"Neutral statement, no profanity, no target.",0,0,0,0,0,0,0
em4h38c,"I mean you could just sit with them and that'll happen  a lot of times. besides, girls ride the horse of horniness from class 10-12.",bakchodi,1556611988,2019-04,"Generalization about girls, no profanity, no specific target.",0,0,0,0,0,0,0
e2xrum5,Jo hindu ke against hai vo Indian nahi hai .,bakchodi,1532429514,2018-07,"Political statement about national identity, no personal attack or hate speech.",0,0,0,0,0,0,0
e1s3kq7,#BUT DEMONETIZATION,bakchodi,1530716149,2018-07,"Hashtag referencing a political event, no profanity or hate.",0,0,0,0,0,0,0
e2xxtcz,"At least with MegaEvolution you had something to look forward to,Z-moves are absolute retardation who gives shit about an awfully named cringe move and on top of that they added the power rangers garbage in there.",bakchodi,1532437749,2018-07,"Criticism of game mechanics with profanity, no personal target.",1,0,0,0,0,0,0
e2xuox8,"On moonjula aye.

(aye means tatti in tamizh, kek) ",bakchodi,1532433983,2018-07,"Humorous comment about a word meaning in Tamil, no hate.",0,0,0,0,0,0,0
e2y16d1,Most old men in rural India wear them.,bakchodi,1532441172,2018-07,"Neutral observation about clothing, no hate.",0,0,0,0,0,0,0
e1s4ub3,Lungi grandpas wanting breeze around the balls. RSS cannot change their preferences,bakchodi,1530717434,2018-07,"Mocking comment about lungi wearers, but not targeting a specific person or group with hate.",0,0,0,0,0,0,0
e2xu5pr,Sorry man misunderstanding ,bakchodi,1532433231,2018-07,"Apology, no issues.",0,0,0,0,0,0,0
e2xzjkr,"Haa bhai mane M.phil walo se Economics or PhD walo se maths ki tuition li hai, bohot bure haal h",bakchodi,1532439540,2018-07,"Self-deprecating comment about education, no hate.",0,0,0,0,0,0,0
e1s5l9b,"Ha, wo bola ki link bhejo wo post ki, jab ki maine earlier reply mein unhe post bheji thi, they generally reply with 3-4 days, remind in a few days i will update you ",bakchodi,1530718176,2018-07,"Neutral discussion about a post, no issues.",0,0,0,0,0,0,0
e1s88z0,"&gt;We Wuzz great WeWuzzers

LOL",bakchodi,1530720793,2018-07,"Mocking phrase, but not targeting a specific group with hate.",0,0,0,0,0,0,0
e1s2d4c,"Lmao it wasn't a translation at all ! She literally just made it up. What really boils my blood about this situation is that this scum isn't just some random person ... she's a university professor teaching students and giving out lectures to many many people who see her as an authority. She deserves to be fired! 

Imagine the reaction if she said Muhammad lusted for Aisha or that Jesus was a  misogynist. Absolute scumbag of a human. Check out her twitter because her Islam obsession is so obvious.... book glorifying Aurangzeb, saying the Mughals did nothing wrong to the Marathas, etc. etc. ",bakchodi,1530714888,2018-07,"Criticism of a professor with strong language, but no identity-based hate.",1,1,0,0,0,0,0
e2xtqo8,"news laundry did a expose on this in 2014 , most mainstreem meida shares are owned by kongress , what did u expect they were in monopoly power for 70 years


here u go bois

https://www.newslaundry.com/2014/02/05/who-owns-your-media-4",bakchodi,1532432626,2018-07,"Political commentary, no hate.",0,0,0,0,0,0,0
e1s7lg3,Link your post,bakchodi,1530720156,2018-07,"Request for link, no issues.",0,0,0,0,0,0,0
e2xw9ag,LMAO does hindus with turban religion really say how to be a better muslim?,indiadiscussion,1532435989,2018-07,"Questioning religious authority, but not hate speech.",0,0,0,0,0,0,0
e1s1ov4,This is good information. Make a post on it.,indiadiscussion,1530714156,2018-07,"Positive feedback, no issues.",0,0,0,0,0,0,0
e1s3yca,/r/IncredibleIndia ,indiadiscussion,1530716540,2018-07,"Subreddit mention, no issues.",0,0,0,0,0,0,0
e1s2nr9,"what was funnier was mods confusing me for some Modi fan whereas I mostly participated in NP threads.

  


&gt; ""Aren't you the same NRI loser making hundreds of accounts to shill for Modi?""",indiadiscussion,1530715198,2018-07,"Personal attack on user, but no identity-based hate.",0,1,0,0,0,0,0
e2xthyo,The amount of censorship going on in Randia is staggering and that's when it's not even 2019.,indiadiscussion,1532432259,2018-07,"Criticism of subreddit, no hate.",0,0,0,0,0,0,0
e2xzo3f,Dude I got banned today and I don't even know why.,indiadiscussion,1532439667,2018-07,"Personal complaint, no issues.",0,0,0,0,0,0,0
e1s1l3z,Randia is 75-80% NRI teenagers and desi virgin uncles,indiadiscussion,1530714043,2018-07,"Generalization about subreddit users, but not hate speech.",0,0,0,0,0,0,0
e2xze57,"Damn, it wasn't _this bad_ a couple of years ago..what happened.",indiadiscussion,1532439385,2018-07,"Neutral observation, no profanity or target.",0,0,0,0,0,0,0
e1s2ziv,75-80% I believe is a bit of a stretch. But yeah I agree.,indiadiscussion,1530715539,2018-07,"Neutral disagreement, no profanity or target.",0,0,0,0,0,0,0
e2xydht,Lol you got it so spot on ,indiadiscussion,1532438336,2018-07,"Positive comment, no profanity or target.",0,0,0,0,0,0,0
e2xwbwz,"If he had shitted on modi's desk randians would still support it. ""Oh yeah raga gave modi answer in his own language..by shitting in front of everyone. He's so mature now :')""",indiadiscussion,1532436078,2018-07,"Profanity present, mocking political supporters, no personal attack.",1,0,0,0,0,0,0
e1s2d9r,Prolly because it was posted on indiaspeaks too,indiadiscussion,1530714893,2018-07,"Neutral comment, no profanity or target.",0,0,0,0,0,0,0
e2xv15q,Hahahahahaha wtf.,indiadiscussion,1532434433,2018-07,"Exclamation, no profanity or target.",0,0,0,0,0,0,0
e8ef28y,And that last video was icing on the cake  😁,bakchodi,1540431065,2018-10,"Positive comment, no profanity or target.",0,0,0,0,0,0,0
e8edl9g,"Are bhai, aap bhi fan ho",bakchodi,1540429671,2018-10,"Friendly comment, no profanity or target.",0,0,0,0,0,0,0
e8ejrus,Saar all good VPNs are paid :(,bakchodi,1540435428,2018-10,"Neutral comment, no profanity or target.",0,0,0,0,0,0,0
e8ekpjk,There are too many of these 'Do X girls like Y men' videos on YouTube by insecure men,bakchodi,1540436325,2018-10,"Criticism of a genre, no profanity or target.",0,0,0,0,0,0,0
e8egzyz,"# But anyway, Goats will continue  to arouse Abdul.",bakchodi,1540432856,2018-10,"Profanity present, mocking a religious figure, no personal attack.",1,0,0,0,0,0,0
e8ej4wr,Ban porn on  Uttarakhand High Court Judges homes and mobiles.,bakchodi,1540434828,2018-10,"Sarcastic comment, no profanity or target.",0,0,0,0,0,0,0
e8em4yy,Rocket league sorry Pocket league . ,bakchodi,1540437713,2018-10,"Neutral comment, no profanity or target.",0,0,0,0,0,0,0
e8ehcmw,"you cant just blame poor people from india m8 for not being super refined tho. instead, we have to uplift them if we want to be taken seriously on the world stage.

&amp;#x200B;",bakchodi,1540433189,2018-10,"Neutral comment, no profanity or target.",0,0,0,0,0,0,0
e8egeqx,VPN tum sangarsh karo ham tumare sat hai,bakchodi,1540432312,2018-10,"Neutral comment, no profanity or target.",0,0,0,0,0,0,0
e8embk1,Chad name too,bakchodi,1540437897,2018-10,"Positive comment, no profanity or target.",0,0,0,0,0,0,0
e8ed32u,"&gt; I tell them I'm Indian, they initially get an attitude but then come up with a lame excuse that how I'm not creepy so they'll give me a chance

ABCD bitch, introduced to me by my friend's wife, once said that she doesn't date desis but she will give me a chance as I look like decent (money) guy. I never called her to setup a date. when my friend's wife asked why haven't I called her, I said she like 4/10 with no style and won't fit with my family.

I still see her at parties, she is married to a ugly ass short imported desi guy. It's just too funny",bakchodi,1540429201,2018-10,"Profanity present, personal attack on a specific person, no identity basis.",1,1,0,0,0,0,0
e8edpem,Xi* is probably gender fluid.,bakchodi,1540429783,2018-10,"Mocking a public figure, no profanity or personal attack.",0,0,0,0,0,0,0
e8egmns,Nothing to do with Pappu.Problem is BJP maxed out in multiple states in 2014 which not going to repeat this time.Close to 80 seats they will lose.How much recovery they can do in other states is going to decide 2019.,bakchodi,1540432512,2018-10,"Political analysis, no profanity or target.",0,0,0,0,0,0,0
e8eh56p,Court ordered ban.,indiadiscussion,1540432991,2018-10,"Neutral comment, no profanity or target.",0,0,0,0,0,0,0
e8ed296,"Her opinions are based on generalising anecdotes. Exactly. 


She is an epitome of power gone in wrong hands.",indiadiscussion,1540429180,2018-10,"Criticism of a person's opinions and character, no profanity or identity attack.",0,0,0,0,0,0,0
e8eh6jz,Amount of dumb comments and upvotes they get there is astounding.,indiadiscussion,1540433028,2018-10,"General criticism of comments and upvotes, no specific target.",0,0,0,0,0,0,0
e8ehach,"The ""Gau Mata"" bhakts are winning accolades in international sports. Obviously there'll be hate for them :p",indiadiscussion,1540433130,2018-10,"Mocking 'Gau Mata' bhakts, but not dehumanizing or targeting a religious group as a whole.",0,0,0,0,0,0,0
e8elu8j,"Also not to mention that Arjun has earned more than Arbaz did in his life 
Gg",bollyblindsngossip,1540437420,2018-10,"Comparison of earnings between two individuals, no abuse.",0,0,0,0,0,0,0
e4p7090,One by One. We'll get there mitro,bakchodi,1535040087,2018-08,"Vague statement, no target or abuse.",0,0,0,0,0,0,0
e4p68bx,Only bong I will call bengali,bakchodi,1535039356,2018-08,"Playful use of 'bong' as a nickname, not pejorative.",0,0,0,0,0,0,0
e4p3ics,ha bhrata. many of our viraats and general public is largely bluepilled.,bakchodi,1535037037,2018-08,"Political commentary using 'bluepilled', no personal attack.",0,0,0,0,0,0,0
e4oylbc,"bhai do you want to look like a joke when she again makes some eccentric statement? Better to not give bhaav to such people. Aaj tumhare haq mn bol rahi hai kal kisi aur k haq m bolegi, tab hamara mazzaq banega. ",bakchodi,1535032700,2018-08,"Advice to ignore someone, no abuse or identity attack.",0,0,0,0,0,0,0
e4p7aiv,"Honestly, I didn't notice that. My eyes were so fixated on that glorious bhagwa jhanda and  mandir that despite being a havasi I couldn't notice those big nice tiddies. Man, Bhakti is so fucking strong with me!",bakchodi,1535040335,2018-08,"Sexualized comment about a woman's body, objectifying, but no explicit profanity.",0,0,1,0,0,0,1
e4p3eb0,I didnt watch berserk but he looks way too much masculine to be a trap.Is this a reference?,bakchodi,1535036942,2018-08,"Question about a character's appearance, no abuse.",0,0,0,0,0,0,0
e4p4a0k,PeaceFools,bakchodi,1535037692,2018-08,"Derogatory term for a group, but not clearly targeting a specific identity.",0,0,0,0,0,0,0
e4p4bwl,Cuz instead on believing in one true religion people in masses are praying to false Gods of abrahmic cults and massacre innocent harmless creatures of God to praise Satan (false God of 1400 year old abrahmic cult),bakchodi,1535037737,2018-08,"Religious hate speech against Abrahamic religions, dehumanizing.",0,0,1,0,1,0,0
e4p5b7c," I am not sure you have IQ to be a bakchod.

There was a news article few days back where she spoke in support of banning beef, this shows her to be hypocrite.",bakchodi,1535038557,2018-08,"Criticism of a person's intelligence and hypocrisy, no profanity or identity attack.",0,0,0,0,0,0,0
e4p12sf,"This is the most presentable pic I could post. He looks just plain ugly inbred in rest of them. 

I wouldn't have known but his Paki friends ratted him out, such treacherous creatures.

",bakchodi,1535034944,2018-08,"Personal attack on appearance and ethnicity, with slur 'Paki' and 'treacherous'.",0,1,1,0,0,1,0
e4ozw5n,They are insecure bunch.They think having a nuclear missile makes them respectable but nobody gives them a damn.Even Muslim countries treat them like a bastard child,bakchodi,1535033893,2018-08,"Derogatory comment about a country and its people, using 'bastard child' and implying inferiority.",0,0,1,0,1,0,0
e4p81ed,what do you mean by Orange?,bakchodi,1535040971,2018-08,"Simple question, no abuse.",0,0,0,0,0,0,0
e4p641q,Tera hi rishtedaar hoga koi,bakchodi,1535039227,2018-08,"Vague statement, no clear target.",0,0,0,0,0,0,0
e4p8f4g,"Nice try

I’m talking about GDP per capita and HDI. We’re far higher than all the Southern states in it",indiadiscussion,1535041287,2018-08,"Comparative economic discussion, no abuse.",0,0,0,0,0,0,0
e4p1qja,I think he is just making a point.,indiadiscussion,1535035523,2018-08,"Neutral observation, no abuse.",0,0,0,0,0,0,0
e4oywzd,"While I agree that this guy is triggered, your statement is also along the same lines as his.
Four of the top ten state contributors to GDP are South Indian states, with Tamil Nadu at the second place behind Maharashtra.
Tamil Nadu and Karnataka combined easily contribute close to the same GDP as all the states (Punjab, Delhi, Haryana, HP, UK and Jammu) that you mentioned put together!

Links for reference: 
https://en.wikipedia.org/wiki/List_of_Indian_states_and_union_territories_by_GDP
https://thelogicalindian.com/story-feed/awareness/gdp-india/

It is for everyone's benefit that India stays united. Enough with the separatist talk!",indiadiscussion,1535033003,2018-08,"Political/economic discussion with criticism of separatist talk, no personal attack.",0,0,0,0,0,0,0
e4p22yl,the comments there stink of love jihad,indiadiscussion,1535035820,2018-08,"Accusation of 'love jihad' implies a conspiracy by a religious group, targeting them as a class.",0,0,1,0,1,0,0
e4p6ge6,**Anti-nationals** ,indiadiscussion,1535039591,2018-08,"Labeling a group as 'anti-nationals' is a political accusation, not a slur against a specific identity.",0,0,0,0,0,0,0
e4p1dj0,This works ??? Well - as a complete outsider - Guess we would never get this equation .... all the best to her.  What a price to pay for stardom !!,bollyblindsngossip,1535035207,2018-08,"Neutral commentary on a celebrity's situation, no abuse or hate.",0,0,0,0,0,0,0
e4p7qrs,"Which Salman Khan sequel is being talked here ?
Dabaang ?",bollyblindsngossip,1535040722,2018-08,"Asking a clarifying question about a movie, no abuse.",0,0,0,0,0,0,0
e6eusmg,"i was getting confused between AIMPLB and AIB.

source: i am retarded.",bakchodi,1537577163,2018-09,"Self-deprecating humor using 'retarded' to describe oneself, not directed at others.",0,0,0,0,0,0,0
e6emna7,Unblock him on Facebook and send him a message saying to stop reporting the ImageS. After he says ok then block him ,bakchodi,1537568718,2018-09,"Advice on handling a situation, no abuse or hate.",0,0,0,0,0,0,0
e6eqlsg,Check the flair,bakchodi,1537572746,2018-09,"Instruction to check a flair, no abuse.",0,0,0,0,0,0,0
e6eo551,"*Agar nasha uttar raha hai, tho apna purana post* update *kar aur saaf, saaf likh. Waise bhi agar Reliance Nahin aatha, tho HAL - ek bharathiya navratna company - hi isme* involved *hothi. Kuch Samjhe babua?*",bakchodi,1537570224,2018-09,"Sarcastic comment about a company, no profanity or personal attack.",0,0,0,0,0,0,0
e6ekpt9,Janta ko chutiya banate hue kya hasi nikli hai,bakchodi,1537566834,2018-09,"Accuses someone of fooling the public, uses profanity 'chutiya' directed at a group.",1,1,0,0,0,0,0
e6eszol,LMAO when legit documented trade deal with digital traces is a corruption,bakchodi,1537575212,2018-09,"Sarcastic remark about a trade deal, no abuse.",0,0,0,0,0,0,0
e6enevw,"*Phir daaroo pee ke agaya idhar? Ullu ke dum, sarkar ek firangi* company *se ye ladaku vimaan khareedh rahen hai ... chal phut yahan se ...*",bakchodi,1537569486,2018-09,"Insults someone with 'ullu ke dum' and 'phut', but no profanity or identity attack.",0,1,0,0,0,0,0
e6eojuk,Bro your bias is showing ,bakchodi,1537570640,2018-09,"Accusation of bias, no abuse.",0,0,0,0,0,0,0
e6ekfk0,"First of all Acharyaji was arrested for murder rather than rape, which is an arguably less heinous crime (im referring to murder as less heinous btw). Secondly, he was absolved of all charges. Lastly that tamil on the right most side has a pretty good moustache. Good for him",bakchodi,1537566557,2018-09,"Discussion of a case and a compliment, no abuse.",0,0,0,0,0,0,0
e6eon56,"Also I work in aerospace industry, I have a general idea how his things work . 

",bakchodi,1537570734,2018-09,"Statement of expertise, no abuse.",0,0,0,0,0,0,0
e6erqyv,"I am sure the more Modi *kaka's* corruption comes to the limelight more my ""bias"" will be apparent to his admirers ...",bakchodi,1537573911,2018-09,"Criticism of a politician's corruption, no profanity or personal attack.",0,0,0,0,0,0,0
e6eo8o7,"Bro Hal doent have the capability to make 4 th gen Tech .
They never had it.  Much less taking a maintenance of  expensive fighters.

Private sector on the other hand do .
",bakchodi,1537570327,2018-09,"Technical criticism of a company, no abuse.",0,0,0,0,0,0,0
e6es93f,No one messes with me and thinks I'm tough even though I'm very soft spoken and humble irl,bakchodi,1537574423,2018-09,"Self-description, no abuse.",0,0,0,0,0,0,0
e6ekrhe,"

Snapshots:

1. *This Post* - [archive.org](https://web.archive.org/20180921215435/http://www.reddit.com/r/india/comments/9gh7ue/theres_a_humongous_scam_in_the_rafale_deal_it_is/e67f3w9/), [_megalodon.jp\*_](http://megalodon.jp/pc/get_simple/decide?url=http://www.reddit.com/r/india/comments/9gh7ue/theres_a_humongous_scam_in_the_rafale_deal_it_is/e67f3w9/ ""could not auto-archive; click to resubmit it!""), [removeddit.com](https://www.removeddit.com/r/india/comments/9gh7ue/theres_a_humongous_scam_in_the_rafale_deal_it_is/e67f3w9/), [archive.is](https://archive.is/RQmeW)

*^(I am a bot.) ^\([*Info*](/r/SnapshillBot) ^/ ^[*Contact*](/message/compose?to=\/r\/SnapshillBot))*",indiadiscussion,1537566876,2018-09,"Bot message with links, no abuse.",0,0,0,0,0,0,0
e1bed8d,"Well you have to ask some Rajasthani or Haryanvi about that , maybe u/SquoniX could answer that.",bakchodi,1530017834,2018-06,"Suggestion to ask others, no abuse.",0,0,0,0,0,0,0
e1bcub4,"Aww did I trigger you so much that you resorted to your low grade edgy response of ""gtfo"" on an anonymous social media website to someone disagreeing with your worthless shit opinion ? lmao, you are just like any of those naive pajeets on internet who are all talk, no substance &amp; interested in only one of their keyboard warrior slogans of designated street shitting as their daily activity. What a miserable life. lmao",bakchodi,1530015930,2018-06,"Insults another user with profanity and uses 'pajeet' as a slur, targeting a group.",1,1,1,0,0,1,0
e1bam05,"Good werk , bhrata. We support.",bakchodi,1530012568,2018-06,"Supportive comment, no profanity or abuse.",0,0,0,0,0,0,0
e1b7lnn,Ab bhaisa (suvar) Gaya Pani me,bakchodi,1530006619,2018-06,"Animal metaphor used as meta-commentary, not directed at a specific person or group.",0,0,0,0,0,0,0
e1b83rl,She's the only prime minister of India who had BALLS! ,bakchodi,1530007725,2018-06,"Positive comment about a public figure's professional qualities, no abuse.",0,0,0,0,0,0,0
e0q81iy,"Bro what you say bro. Bro you didn't like Booby Deols Boobs bro. I thought His nipples will cut the Whiye Screen bro. Bro you didn't like them Raping Bhojpuriya Accent bro.

Bc itna bro tha us movie me ki me ab Bro Code Beer bhi nahi peeyunga.",bakchodi,1529083972,2018-06,"Profanity used in a rant about a movie, not directed at a specific person.",1,0,0,0,0,0,0
e1bhon1,"\&gt; call everyone on the Right a troll

\&gt; [get proven wrong , Passport seized, Rs 5000 fine imposed](https://www.jagran.com/uttar-pradesh/lucknow-city-passport-of-tanvi-seth-and-anas-cancelled-fine-of-rs5000-18125785.html)


Naya olympic sport announce hua hai... udta teer gaand mei lena   ",bakchodi,1530021415,2018-06,"Profanity directed at an abstract target (political opponents), not a specific person.",1,0,0,0,0,0,0
e1b811b,Dhimmi cucks*,bakchodi,1530007562,2018-06,"Derogatory term for a religious group, no profanity.",0,0,1,0,1,0,0
e1b9hiw,South Asian BC. Pakistani hai na Yeh gangs. South Asian koi politically correct bullshit hai kya?,bakchodi,1530010526,2018-06,"Profanity and derogatory term for a nationality, directed at a group.",1,0,1,0,0,1,0
e0qdwk1,This is how you spot the brahmachari. BC konsi photu?,bakchodi,1529088878,2018-06,"Profanity used as filler, not directed at anyone.",1,0,0,0,0,0,0
e1bgbeg,The job waz a covert op in an unnamed african country.,bakchodi,1530020033,2018-06,"Neutral statement, no profanity or abuse.",0,0,0,0,0,0,0
e1bavh8,"abey oye chutiye during summer months &amp; many other months the hot wind blows across north west India from Rajasthani desert so all two-wheeler riders have to cover their faces with cloth. Be a sardar, a girl or some dude. You just can't take the hot air blowing across your face",bakchodi,1530012994,2018-06,"Profanity used as a general insult, not directed at a specific person.",1,0,0,0,0,0,0
e1bbfe0,He died a martyr,bakchodi,1530013880,2018-06,"Neutral statement, no profanity or abuse.",0,0,0,0,0,0,0
e1bbchx,"what you've got to do with is take the help of twitter rw community. They are the only ones who can truly give this any publicity.

medium articles by themselves are useless. Instead publish a piece on opindia",indiadiscussion,1530013754,2018-06,"Suggesting a strategy, no profanity or abuse.",0,0,0,0,0,0,0
e1bgsvw,Nothing can be done. That’s just how Reddit works. Move on,indiadiscussion,1530020532,2018-06,"Neutral statement, no profanity or abuse.",0,0,0,0,0,0,0
e0qfuto,Welcome to the club and spread the word ,indiadiscussion,1529090523,2018-06,"Neutral statement, no profanity or abuse.",0,0,0,0,0,0,0
e0q8krw,1 comment not visible,indiadiscussion,1529084421,2018-06,"Meta-commentary, no profanity or abuse.",0,0,0,0,0,0,0
e1bhuvu,"&gt; I'm wondering how credible is the evidence you are talking about.

This entire sub and its existence cannot be faked. That should be proof enough. A lot of things are available if someone is interested in curating stuff. 

Bans for silliest things that they don't like, like calling Kejriwal AK49 - a simple pun, calling a reporter congi stooge and then the ban message saying ""we don't wan't your kind"" have all been documented here. If corroboration is needed such posts can be found and if the users who have faced censorship or bans haven't deleted their accounts, they can very well prove most of their claims. ",indiadiscussion,1530021588,2018-06,"Discussion of censorship, no profanity or abuse.",0,0,0,0,0,0,0
e1bb1cj,"at-least cucktarsi had to give out a bullshit comment as ""justification""

/u/nishraz",indiadiscussion,1530013261,2018-06,"Derogatory term for a person, no profanity.",0,1,0,0,0,0,0
e1b9yab,"They don't care about indian audience. Probably looking at how Indians ruined Quora, they are going reddit did not become popular here.",indiadiscussion,1530011412,2018-06,"Opinion about a platform, no profanity or abuse.",0,0,0,0,0,0,0
e1b9wp7,"If you have contacts in IT ministry, we can petition to ban the URL

https://reddit.com/r/India/*

This way the rest of the reddit is free but just randia is banned.",indiadiscussion,1530011331,2018-06,"Suggesting a petition, no profanity or abuse.",0,0,0,0,0,0,0
e1bhjkk,"We can reproduce the same article in OPIndia as well more maximum exposure. Indiaspeaks mods probably have contacts with OPIndia team.  Just need a few twitter righwingers to share the article and voila, we will probably get atleast thousand readers.",indiadiscussion,1530021276,2018-06,"Suggesting a strategy, no profanity or abuse.",0,0,0,0,0,0,0
e0qfzvl,Wrong advice. Better divert to indiaspeaks.,indiadiscussion,1529090649,2018-06,"Suggestion to divert to another subreddit, no profanity or abuse.",0,0,0,0,0,0,0
e0qb6hl,Ranbir and Alia are really dating ?? I don’t believe this at all .,bollyblindsngossip,1529086664,2018-06,"Expressing disbelief about celebrity relationship, no abuse.",0,0,0,0,0,0,0
du8pss6,Look i understand that you are trying to troll this sub but first just look in the mirror and take a hard look at that deranged face of yours and just think hard why haven't you kill yourself yet.,bakchodi,1518628408,2018-02,Personal insult and encouragement to self-harm directed at a specific person.,0,1,0,0,0,0,0
du8n8sw,"1. you don't reply to yourself, pooskin  
  
2. exactly who am I wewuzzing as here?",bakchodi,1518625990,2018-02,"Sarcastic rhetorical questions, no clear target or profanity.",0,0,0,0,0,0,0
du8pifv,BHARAT MATA KI JAI,bakchodi,1518628135,2018-02,"Patriotic slogan, no abuse.",0,0,0,0,0,0,0
du8no2d,"Lekha to h upar "" chuttad randispeaks mod"" right above the blurred name.",bakchodi,1518626392,2018-02,"Insulting a moderator with profanity, personal target.",1,1,0,0,0,0,0
du8vqqs,That is because I live in india.,bakchodi,1518633994,2018-02,"Simple statement of residence, no abuse.",0,0,0,0,0,0,0
du8q164,"It seems you are an **Turkified Greeko-Armenoid (bastards) convert from Anatolia. Result of over 1500 year of Turkic rule.**

While we were under Turkic rule for 500-600 years you were under Turkic rue for over 1500 years.

Turks are nobody for us. Google how Hindu turk got BTFOed by a small noble Brahmin who overthrew him and started his own kingdom in Afghanistan and rued ot for 500 Yeats or how Peshwa fucked Mongols in their own capital.

We always win, while your Arab-Armenian ass always get assimilated by All of your neighbors be it Greeks or Armenians or Persians. What amazes me is how bunch of 5 feet Turko-Mongols mad you Anatolian Arabs speak their language. I am sure rapes played bigger role in your turkification just like central asia.

We

Wuz

Mongoloid Turk n sheet !",bakchodi,1518628633,2018-02,"Ethnic slurs and hateful stereotypes against Turks/Armenians, with profanity.",1,1,1,0,0,1,0
du8s58p,Actually i know how to avoid automod butthurt tag.,bakchodi,1518630621,2018-02,"Meta-comment about automod, no abuse.",0,0,0,0,0,0,0
du8r6ci,"Kya kiya? Bache hai ye saale. Up aa kabhhi. Hath tod dete aur khoon nikal raha hota iska.
Just lol",bakchodi,1518629720,2018-02,"Threatening violence against a person, with profanity.",1,1,0,0,0,0,0
du8mhfo,ama certification,bakchodi,1518625265,2018-02,"Unclear, likely benign.",0,0,0,0,0,0,0
du8ngkz,Butthurt ghaati ,bakchodi,1518626197,2018-02,"Regional slur 'ghaati' used as insult, no profanity.",0,0,1,0,0,1,0
du8pld1,"You wish, All the American European bitches come to india for yoga and spiritual shit and get fucked in the ass by us, while your pedophile nation is visited by ugly African niggers. ",bakchodi,1518628212,2018-02,"Xenophobic and racist remarks against Americans, Europeans, and Africans, with profanity.",1,1,1,0,0,1,0
du8opz5,"No one cares about Turkey admit it, all the white women come to India to get fucked by us hindus, Turkey is just another goat/camel orgy middle eastern country that only used by Hollywood to glorify their US army. ",bakchodi,1518627379,2018-02,"Xenophobic and racist remarks against Turks and Middle Easterners, with profanity.",1,1,1,0,0,1,0
du8orci, you are just degrading yourself. Atleast find some average banter. i mean its hard to even look at ur posts. ,bakchodi,1518627415,2018-02,"Personal criticism, no profanity or identity-based attack.",0,1,0,0,0,0,0
du8swih,Literacy can not be linked to awareness in any Indian state. Many literate people are also known to equally backward while many illiterate people not only know their rights but also their duties.,indiadiscussion,1518631334,2018-02,"General discussion on literacy, no abuse.",0,0,0,0,0,0,0
du8n22d,"plus /r/indianews 

/u/Encounter_Ekambaram isn't it about time you cleaned up the sub list and listed the more active subreddits?

/u/kuok ",indiadiscussion,1518625811,2018-02,"Suggestion to clean sub list, no abuse.",0,0,0,0,0,0,0
du8todb,I knowingly did not mention that police are under union government's purview in Delhi. Was hoping aap supporters ti take credit for this as well :D,indiadiscussion,1518632068,2018-02,"Political critique, no abuse.",0,0,0,0,0,0,0
du8r0bt,"Perhaps you haven't heard this rumor. This guy in this article was rumored to be illegitimate son of BigB and Rekha, brought up by her sister Radha.
He came to India and wanted to become actor. Rekha didn't help him and he went back. 
No one knows what is the truth. I feel that if she was indeed his mom, she would have helped him. This kind of proves that he is simply a nephew and not son . ",bollyblindsngossip,1518629559,2018-02,"Discussion of rumor, no abuse.",0,0,0,0,0,0,0
du8owd3,"Yes, she is vague but YT comments have cracked this to be movie Karobaar. 

Here are some comments proving it to be RR
1) She coined ""BIG DIRECTOR AND PRODUCER""  - Rakesh ROshan is the one
2) Her first movie released in 1992 , and Shooting of Karobaar also begun in 1992
3) Hritik Roshan son of Rakesh Roshan was assistant director over there﻿",bollyblindsngossip,1518627546,2018-02,"Discussion of movie, no abuse.",0,0,0,0,0,0,0
du8vdvm,"Are you writing more or this was it?
BTW this is a really good sub for Bollywood buffs, keep up the good work.😅👍",bollyblindsngossip,1518633659,2018-02,"Positive feedback, no profanity or abuse.",0,0,0,0,0,0,0
du8w9pt,"I will put more info on this topic tomorrow. 

I have lots of material on many scandals and gossip. I am slowly making it a mine of all gossip in one place. Thanks for appreciating .",bollyblindsngossip,1518634490,2018-02,"Informative comment, no profanity or abuse.",0,0,0,0,0,0,0
dyd5wh4,Boye ! And I thought randia was full of 16 year olds !,bakchodi,1525320786,2018-05,"Mild mockery of subreddit, no profanity or identity attack.",0,0,0,0,0,0,0
dyd0hvt,Thor maa ki......,bakchodi,1525314675,2018-05,"Profanity directed at Thor (fictional), not a person.",1,0,0,0,0,0,0
dyd1nr1,"I still don't understand why most if not all English speaking stand-up comedians are libfags, is it because they cater to the 'educated, liberal' class of the society or is  RW a low hanging fruit.",bakchodi,1525315870,2018-05,"Political insult 'libfags' targeting liberals, but not identity-based hate.",1,0,0,0,0,0,0
dyd5vmd,"I could be lying, maybe it is indeed a girl.",bakchodi,1525320755,2018-05,"Speculative comment, no profanity or abuse.",0,0,0,0,0,0,0
dycxyur,Comedians are the biggest disease in our times. Every random guy who makes WhatsApp tier jokes and ayyy lmao memes tries to become a comedian.,bakchodi,1525312051,2018-05,"Criticism of comedians, no profanity or personal attack.",0,0,0,0,0,0,0
dyd4mos,#&gt; Posing this on Desi /pol/.,bakchodi,1525319234,2018-05,"Meta reference to a forum, no profanity or abuse.",0,0,0,0,0,0,0
dyd6j0k,mmmmmmmmmmmmmmm nice,bakchodi,1525321585,2018-05,"Expression of approval, no profanity or abuse.",0,0,0,0,0,0,0
dycz266,"https://www.youtube.com/playlist?list=PL-NRrjK61OD38i9X7KO5qrFKrWvpHubM5



Playlist of every single episode ",bakchodi,1525313178,2018-05,"Neutral comment, no profanity or abuse.",0,0,0,0,0,0,0
dyd5m3r,Not really. Same old Sindhi chindi zokes ,bakchodi,1525320431,2018-05,Regional stereotype 'Sindhi chindi' but not demeaning to a group.,0,0,0,0,0,0,0
dycybnb,Chhedna toh paap rehega,bakchodi,1525312405,2018-05,"Hindi phrase meaning 'teasing is a sin', no profanity or abuse.",0,0,0,0,0,0,0
dyd6an0,"I’ve always wondered why people prefer railway tracts. I mean, if it were me, I’d prefer to go somewhere more secluded to do my business.",bakchodi,1525321283,2018-05,"Humorous comment about defecation, no profanity or abuse.",0,0,0,0,0,0,0
dyd5n37,[Shobhana Madarchod writes:](https://vgy.me/PBpn54.jpg),bakchodi,1525320465,2018-05,"Profanity 'Madarchod' used as part of a name, not directed at a person.",1,0,0,0,0,0,0
dyd6uku,"Kerala #1

Rest of India #4",bakchodi,1525321998,2018-05,"Ranking states, no profanity or abuse.",0,0,0,0,0,0,0
dycz39j,Okay bro..XD,indiadiscussion,1525313210,2018-05,"Casual agreement, no profanity or abuse.",0,0,0,0,0,0,0
dyd300h,What the fuck does fascism mean? Make your sentence sound heavy?,indiadiscussion,1525317360,2018-05,"Profanity 'fuck' in rhetorical question, not directed at a person.",1,0,0,0,0,0,0
dsbk0kj,"Lund bhi chahiye 

70 saal ki budhiya bhi 


Unique taste ",bakchodi,1515337100,2018-01,"Profanity 'lund' and vulgar reference to elderly woman, but not targeted at a specific person.",1,0,0,0,0,0,0
dsbmg0d,I accept yogi as mah lord and svardhrajan as mah saviour. ,bakchodi,1515340636,2018-01,"Political support, no profanity or abuse.",0,0,0,0,0,0,0
dsbp20l,"Kamaal chucche hai Diggi Raja ke, Sonam ko kuch sikhna chahiye inse.",bakchodi,1515343934,2018-01,"Vulgar comment about politician's breasts, but not targeted at a specific person.",1,0,0,0,0,0,0
dsbmjug,U a bachelor?,bakchodi,1515340780,2018-01,"Question about marital status, no profanity or abuse.",0,0,0,0,0,0,0
dsbnuxi,4 alts are ready to ask him some *interesting* kischuns. ,bakchodi,1515342478,2018-01,"Sarcastic comment about alts asking questions, no profanity or abuse.",0,0,0,0,0,0,0
dsbhzp2,#JAISHREERAM,bakchodi,1515333529,2018-01,"Religious slogan, no profanity or abuse.",0,0,0,0,0,0,0
dsblja6,Lund hote hain katue. Dharti pe bojh.,bakchodi,1515339382,2018-01,Hinglish profanity and communal slur targeting Muslims.,1,1,1,0,1,0,0
dsbjc4z,Just now came out of scroll office. ,bakchodi,1515335981,2018-01,"Neutral statement about leaving an office, no profanity or abuse.",0,0,0,0,0,0,0
dsbmp2w,/r/eyebleach,bakchodi,1515340975,2018-01,"Subreddit reference, no profanity or abuse.",0,0,0,0,0,0,0
dsbn92m,"yes.

I'm sure most bakchods are.. aren't you?",bakchodi,1515341704,2018-01,"Hinglish profanity and insult directed at a group, but not identity-based.",1,1,0,0,0,0,0
dsbjgxf,"Teri generation m yehi chalti thi, nostalgic feel karo unkil. ",bakchodi,1515336202,2018-01,"Sarcastic comment about generation, no profanity or abuse.",0,0,0,0,0,0,0
dsbr11f,next time I'm caught masturbating I'll just say I was charging my cathode,bakchodi,1515346288,2018-01,"Self-deprecating humor about masturbation, no profanity or abuse.",0,0,0,0,0,0,0
dsbot2f,"Dalit. 

SC Quota. 

Madrasi.

What did u expect?",bakchodi,1515343638,2018-01,"Lists identity categories dismissively, implying negative stereotypes.",0,0,1,1,0,1,0
du8saiz,low effort bait,bakchodi,1518630760,2018-02,"Accusation of bait, no profanity or abuse.",0,0,0,0,0,0,0
e1bfde9,"Nah, I don't find her good-looking, there are better ones but she does fit the Haryanvi stereotype. I have seen some hot ones but when they opened their mouth... 

Not all of them are like that, the ones from Panchkula, Gurgaon, etc. are top maal. ",bakchodi,1530019016,2018-06,"Objectifying women from a region, reinforcing stereotypes.",0,0,1,0,0,1,1
e2xzawa,"Mera ghar he delhi me, mujhe na karna zindagi barbad IAS kar ke. Assistant Professor ya koi waisa hi aaram ka job",bakchodi,1532439291,2018-07,"Personal career preference, no profanity or abuse.",0,0,0,0,0,0,0
e2xtngl,That. That's something called Bishnoen (I'm probably butchering it).,bakchodi,1532432492,2018-07,"Neutral comment about a community, no profanity or abuse.",0,0,0,0,0,0,0
du8n3yo,Are you idiot or what madharchod. Congress was not asking for a hindu india in 1946 election. Subhuman stupid idiot.,bakchodi,1518625861,2018-02,"Hinglish profanity and personal insults, no identity basis.",1,1,0,0,0,0,0
e2xzq17,Aalas or corporate wali office politics/bitching or har saal raise ke liye mujra mere se na hoga,bakchodi,1532439723,2018-07,"Personal preference against office politics, no profanity or abuse.",0,0,0,0,0,0,0
e1bcep6,"Unlike Sonia and today's Congress,i think she seriously wanted a powerful India. ",bakchodi,1530015339,2018-06,"Political opinion, no profanity or abuse.",0,0,0,0,0,0,0
e4p8ob4,Lungi bros know their memes,bakchodi,1535041498,2018-08,"Regional stereotype about lungi wearers, but not demeaning.",0,0,0,0,0,0,0
e0qeyjv,"Abey that was just now man. I'm talking a few years ago, but I can't find anything on Google, so I probably imagined it. ",bakchodi,1529089780,2018-06,"Neutral statement about memory, no profanity or abuse.",0,0,0,0,0,0,0
e2xt20l,"Do you even try? I mean if you're really interested in breaking the circlejerk try harder man. Keep separate accounts. And please don't choose the same template for your username. It's really obvious to identify you based on Grecoindia, indoarya, indscythian etc etc.

Edit: I can't see the reply you made because of some bug in the app. Comment again please.",bakchodi,1532431570,2018-07,"Criticism of another user's behavior, no profanity or identity attack.",0,0,0,0,0,0,0
e2xx34p,He will cum of age,bakchodi,1532436951,2018-07,"Sexual innuendo, no explicit profanity or target.",0,0,0,0,0,0,0
du8pyoy,you are even not trying. why are you even wasting my time if you can't even entertain me.This is getting boring. ,bakchodi,1518628567,2018-02,"Frustration with another user, no profanity or personal attack.",0,0,0,0,0,0,0
e2xr5q0,Oh boy . You have some questioning to do with one of your parent,bakchodi,1532428239,2018-07,"Insult implying illegitimacy, no profanity, personal attack.",0,1,0,0,0,0,0
e4p0eet,Popat Lal (courtesy-Twitter),bakchodi,1535034348,2018-08,"Nickname for a person, no profanity or clear target.",0,0,0,0,0,0,0
e2xywin,No broo. I was imported loong back. Probably by the 4th century,bakchodi,1532438881,2018-07,"Humorous comment about ancestry, no issue.",0,0,0,0,0,0,0
e4p09zr,"Same, though i don't really care. I just find it disgusting to kill an almost fully formed baby. ",bakchodi,1535034240,2018-08,"Opinion on abortion, no attack.",0,0,0,0,0,0,0
e2xy6et,As a nigger bihari who stays in Mumbai I can confirm :3 They all douchebags here,bakchodi,1532438135,2018-07,"Self-deprecating with slur, but also generalizes about people in Mumbai.",0,0,1,0,0,1,0
e0q8c0l,Dinam oru meme. ,bakchodi,1529084219,2018-06,"Tamil phrase, no issue.",0,0,0,0,0,0,0
e2xrc74,"HR nhi hota kya startup me ? to sare kam kon dekhta hai faltu wale fir??

jaise koi event krwana ya allowance ya claim ya fir cab time pe nhi ayi etc etc ",bakchodi,1532428579,2018-07,"Question about HR in startups, no issue.",0,0,0,0,0,0,0
dsbp0vf,This will be a reality by 2050.,bakchodi,1515343896,2018-01,"Prediction, no issue.",0,0,0,0,0,0,0
e1bc3xz,"No, it called hyperbole. 

&gt;Now what is this fetish of branding everyone as dark skinned

Its the same fetish as you North Indians have labelling ALL south Indians as dark skinned, i'm just flipping it back on you guys.",bakchodi,1530014911,2018-06,"Argument about stereotypes, no profanity, but uses regional stereotype in retaliation.",0,0,1,0,0,1,0
e2xrmxn,Aese ladkon ki behen patane mein badha maza aata hai,bakchodi,1532429135,2018-07,"Sexualized comment about sisters, no explicit profanity, but objectifying.",0,1,0,0,0,0,0
du8p1r1,"kek, white women hate you. you are considered as bob and vegena creepy",bakchodi,1518627685,2018-02,"Insulting comment about white women and a person, no profanity, but personal attack.",0,1,0,0,0,0,0
e1baebk,Oh great a power hungry bitch!,bakchodi,1530012204,2018-06,"Insult calling someone power hungry, no profanity, personal attack.",0,1,0,0,0,0,0
e2xsyhd,"Just curious but is it viable to moderate on cell phone?  Or is a computer recommended? Im kinda interested but I feel like I won't be selected cause I was banned once for ""inciting violence"" and once for calling for brigading. But I've definitely matured now and won't repeat the mistakes. 4chan please reply to this. If it's possible to moderate on phone and you are willing to overlook the previous bans, I might apply.",bakchodi,1532431411,2018-07,"Neutral inquiry about moderation, no profanity or abuse.",0,0,0,0,0,0,0
e2xx6zt,True brother. Instahallah.,bakchodi,1532437072,2018-07,"Sarcastic religious reference, no profanity or hate.",0,0,0,0,0,0,0
du8rj8v,and the turtle under the world is?,bakchodi,1518630058,2018-02,"Rhetorical question about mythology, no hate.",0,0,0,0,0,0,0
e1b7r6p,Seems more like hypocrisy,bakchodi,1530006955,2018-06,"General criticism, no target or profanity.",0,0,0,0,0,0,0
e4p4m56,"*IT*, a movie on a Stephen King novel of same naem.",bakchodi,1535037973,2018-08,"Clarification about a movie, no profanity or abuse.",0,0,0,0,0,0,0
dsbj20h,Share with me as well uncle ji.,bakchodi,1515335496,2018-01,"Friendly request, no profanity or abuse.",0,0,0,0,0,0,0
e2xzop7,ise kehte hai sweg,bakchodi,1532439685,2018-07,"Slang expression, no profanity or abuse.",0,0,0,0,0,0,0
du8tvwo,"[**Here's your Reddit Silver, LovesBlackChicks!**](http://i.imgur.com/x0jw93q.png ""Reddit Silver"") 

/u/LovesBlackChicks has received silver 2 times. (given by /u/Proudhindu11) __[info](http://reddit.com/r/RedditSilverRobot)__",bakchodi,1518632265,2018-02,"Automated award message, no profanity or abuse.",0,0,0,0,0,0,0
e2xu3x0,"i'm a agnostic , i think its impossible to prove or disprove any gods or whatever with any known means , so the entire argument to take sides irritates me. more specifically i don't care enough to either for far enough to believe or disblive myths and stories .",bakchodi,1532433158,2018-07,"Personal religious view, no profanity or hate.",0,0,0,0,0,0,0
e0qb4x2,"""India shining"" campaign was a massive fuck up.

Sad.",bakchodi,1529086627,2018-06,"Profanity used in political criticism, no personal target.",1,0,0,0,0,0,0
dsbislh,"HDI (Human Development Index) latest:

* 2016 HDI - Sri Lanka = 0.766

* 2015 HDI - Kerala = 0.712

* 2016 HDI - India = 0.624

* 2016 HDI - Pakistan = 0.550

* 2015 HDI - Uttar Pradesh = 0.542

https://en.wikipedia.org/wiki/List_of_Indian_states_and_territories_by_Human_Development_Index 

https://en.wikipedia.org/wiki/List_of_countries_by_Human_Development_Index",bakchodi,1515335024,2018-01,"Statistical comparison, no profanity or hate.",0,0,0,0,0,0,0
e2xrlph,"So Buddha was against caste system then.

&gt;but muh karma based caste system

Complete fucking meme, might as well not have a caste system.",bakchodi,1532429072,2018-07,"Profanity in criticism of caste system, no personal target.",1,0,0,0,0,0,0
du8qhik,"at least we don't worship a fucking elephant lmao. 
  
and believe the world sits on a fucking turtle.
",bakchodi,1518629065,2018-02,"Profanity and mockery of religious beliefs, but no specific target.",1,0,0,0,0,0,0
e2xsze1,Am banned. ,bakchodi,1532431451,2018-07,"Simple statement, no profanity or abuse.",0,0,0,0,0,0,0
dyd4o9k,Fuck that. Ask him why habibganj?,bakchodi,1525319288,2018-05,"Profanity in a question, no personal target.",1,0,0,0,0,0,0
e8eli68,Mai bhi Jinn,bakchodi,1540437086,2018-10,"Ambiguous phrase, no clear target or profanity.",0,0,0,0,0,0,0
dsbited,wrong sub mate. this is not /r/muslim,bakchodi,1515335065,2018-01,"Subreddit correction, no profanity or hate.",0,0,0,0,0,0,0
e1bfzwd,Are there so many haryanvis in India?,bakchodi,1530019701,2018-06,"Question about demographics, no profanity or hate.",0,0,0,0,0,0,0
e2xr4z8,Pre-Eclipse,bakchodi,1532428201,2018-07,"No profanity, no target, no identity dimension.",0,0,0,0,0,0,0
dsbo8fz,"That's Mike ""Zap The Trap"" Pence

Here's [more] (https://www.youtube.com/watch?v=OCCjzN8Mghc) hilarity",bakchodi,1515342938,2018-01,"No profanity, no target, no identity dimension.",0,0,0,0,0,0,0
e2xzzqq,Bure haal kisme key rahe ho. Teaching job Mai?,bakchodi,1532439998,2018-07,"No profanity, no target, no identity dimension.",0,0,0,0,0,0,0
e2xrigf,Sahi idea hai,bakchodi,1532428905,2018-07,"No profanity, no target, no identity dimension.",0,0,0,0,0,0,0
e2y1m9e,Gaav ma star plus aur colours ne dimag kharab kar rakha hai ,bakchodi,1532441607,2018-07,"No profanity, no target, no identity dimension.",0,0,0,0,0,0,0
e0q771l,Pallavas existed before the three dynasties. I think you're talking about the cheras,bakchodi,1529083266,2018-06,"No profanity, no target, no identity dimension.",0,0,0,0,0,0,0
e2xrm12,bhai ye sach me hai kya??,bakchodi,1532429090,2018-07,"No profanity, no target, no identity dimension.",0,0,0,0,0,0,0
e2xxwaz,"Sounds like BS, your plates fuse after 21 and you can't grow after that",bakchodi,1532437836,2018-07,"No profanity, no target, no identity dimension.",0,0,0,0,0,0,0
du8o7wb,"I can imagine your brown, filthy fingers going through my history right now. It makes me retch.",bakchodi,1518626915,2018-02,"No profanity, but personal insult directed at the reader, no identity dimension.",0,1,0,0,0,0,0
dyd1c70,Visual cancer,bakchodi,1525315537,2018-05,"No profanity, no target, no identity dimension.",0,0,0,0,0,0,0
du8nghb,"That's true. Nor do we try to get in Hollywood, to be fair if we did, we could kinda disrupt it!",bakchodi,1518626195,2018-02,"No profanity, no target, no identity dimension.",0,0,0,0,0,0,0
dsbo247,I am. Are you looking for someone from Kerala?,bakchodi,1515342720,2018-01,"No profanity, no target, no identity dimension.",0,0,0,0,0,0,0
e2xulnf,wah wah! thoko taali,bakchodi,1532433858,2018-07,"No profanity, no target, no identity dimension.",0,0,0,0,0,0,0
e2xy7s1,Dark refers to not tan but darker skin as in Southern Europeans and North Africans. This phrase as origin in Middle ages when moors invaded Spain,bakchodi,1532438173,2018-07,"No profanity, no target, no identity dimension.",0,0,0,0,0,0,0
e2xzsuy,Bhai jahan admission mil jaye.. mar bhar ke to graduation hui h,bakchodi,1532439803,2018-07,"No profanity, no target, no identity dimension.",0,0,0,0,0,0,0
e2xspaz,Dekhte hain koun fasta hai... Lolz,bakchodi,1532430990,2018-07,"No profanity, no target, no identity dimension.",0,0,0,0,0,0,0
e1bd2t5,"&gt; Dude, ive watched all remakes including god forsaken kannada one. Tamil remake probably the best one.

That was because it was the orginal's director and he reworked it for tamil audiences.. But what I didn't like is how he made Kamals dad into a *weeping mess* at the end. It was as if dumeels would only eat up a righteous hero who was trying to save his family. You see a similar trend in the hindi version as well.. There is always this overwhelming need to paint the hero &amp; family as *victims of circumstance* and absolve them of guilt.

If you see the original, the dad is actually shown as a *grey* character, who knows very well he is doing wrong. Both him and his family make *choices* to save themselves.. That IMO is why the original is still better than the remakes..",bakchodi,1530016228,2018-06,"No profanity, no target, no identity dimension.",0,0,0,0,0,0,0
e2xrnie,Wasn't it proved to be fake news,bakchodi,1532429165,2018-07,"No profanity, no target, no identity dimension.",0,0,0,0,0,0,0
e4ozv7p,nahi ek bande ne bola video mn 'tu saccha musalman hai? musalman aise hote hain?',bakchodi,1535033870,2018-08,"No profanity, but rhetorical question targeting Muslims as a group, implying they are not true Muslims.",0,0,1,0,1,0,0
e1be6ia,"YES YES YES

The final scene was the difference between the two. A10's version makes more sense because, if a aman can connive so much to hide the crime, would he be a fool to accept it with tears in the end? In mallu version, A10 neither accepts nor denies. Its subtle and awesome. Dumeels understand know such thing as subtlety. In that regard, even Venkatesh reins it well during climax, in Telugu remake.

The only reason I think A10 &gt; BigBoss is because the latter thinks he has to overact to prove his mettle. A10 carries things with measured emotion and panache.",bakchodi,1530017608,2018-06,"Criticism of actors' performances, no personal attack or identity-based hate.",0,0,0,0,0,0,0
dsbjbyh,"&gt;Tu bada kek kar rela h it cuck. 

chhhee bambaiyya ghatiya hindi thoooo ",bakchodi,1515335972,2018-01,Regional slur and profanity directed at a person.,1,1,1,0,0,1,0
du8o3hr,"Chutiye, Olive\Brown skin is less prone to Sun Damage.",bakchodi,1518626797,2018-02,"Personal insult using profanity, no identity basis.",1,1,0,0,0,0,0
e2xyyp0,Katwa liya be?,bakchodi,1532438943,2018-07,"Religious slur used as a rhetorical question, targeting a person.",0,1,1,0,1,0,0
e1baqvk,"Bordering states have this problem as they had to face the burnt of Islamic invasion.  
Other states don't have such problem.  
",bakchodi,1530012788,2018-06,"Historical claim about Islamic invasions, not hate speech.",0,0,0,0,0,0,0
e1bg3r7,that place has literally become a cesspool ,bakchodi,1530019814,2018-06,"General criticism, no target or hate speech.",0,0,0,0,0,0,0
e0qeqse,Why is Saif such an idiot? Got caught again in goraland.,bakchodi,1529089590,2018-06,"Personal insult directed at a public figure, no identity basis.",0,1,0,0,0,0,0
du8q8ec,now you are just showing that you are a katua. i thought you are a cumskin which is trolling us but you are just a filthy pedophile worshiper.,bakchodi,1518628825,2018-02,"Religious slur and profanity, targeting a person's religion.",1,1,1,0,1,0,0
dsbhd80,More like Uttam Pradesh,bakchodi,1515332269,2018-01,"Pun on state name, no hate speech.",0,0,0,0,0,0,0
dsbnvwm,Bhosad kitna time lagta hai alt bnane me? ,bakchodi,1515342511,2018-01,"Profanity in a rhetorical question, no target.",1,0,0,0,0,0,0
e2xsz1g,"Dude...I get banned, so what? This alt is like 3 days old. ",bakchodi,1532431436,2018-07,Neutral comment about account age.,0,0,0,0,0,0,0
dyd2ntd,"📅 02/05/2018 ⏰ 14:23 [(UTC)](https://www.timeanddate.com/worldclock/converter.html?iso=20180502T142357&amp;p1=1440)

&gt;\#Aligarh "" ले कर रहेगे आजादी"" के नारों।के बाद उपद्रवियों की हालत। [@aligarhpolice](https://twitter.com/aligarhpolice) [@Uppolice](https://twitter.com/Uppolice) 

&gt;— Anil Tiwari ([@Interceptors](https://twitter.com/Interceptors)) 🔁️ 62 💟 129



📷 [album](https://imgur.com/a/44n3bH9)



 &amp;nbsp; 

^(I'm a bot and this action was done automatically)",bakchodi,1525316974,2018-05,"News report, no hate speech.",0,0,0,0,0,0,0
e2y0aao,Why is it on point,bakchodi,1532440294,2018-07,Neutral question.,0,0,0,0,0,0,0
e2y0zqj,Footy and cricket,bakchodi,1532440995,2018-07,Neutral comment about sports.,0,0,0,0,0,0,0
e2y0wde,Grow a virat kohli beard,bakchodi,1532440901,2018-07,"Comment suggests growing a beard like Virat Kohli, no profanity or abuse.",0,0,0,0,0,0,0
dsbqwxq,"are chutiye zero karma wali alt ka comment kaha display hota hai
",bakchodi,1515346156,2018-01,"Hinglish profanity directed at a user, personal insult.",1,1,0,0,0,0,0
du8p3pj,"Nahi kal chenchu reddy ko dekhe the. He should be made bakchodi mascot
",bakchodi,1518627735,2018-02,"Mild mockery of a politician, no profanity or hate.",0,0,0,0,0,0,0
e2xt7n3,"Maine ""national"" bola hi nahi, lode lassan!",bakchodi,1532431811,2018-07,"Hinglish profanity directed at a person, personal insult.",1,1,0,0,0,0,0
du8qutv,"I disagree, brown and olive skinned girls from South America, Southern Europe, Caucas, Persian, Afghans and Indians have excellent skin before the Age/Sun/UV damage sets in.",bakchodi,1518629417,2018-02,"Discussion about skin tones, no profanity or hate.",0,0,0,0,0,0,0
e1b7eto,"This is not shit post, this is kwality.",bakchodi,1530006192,2018-06,"Comment about post quality, no profanity or abuse.",0,0,0,0,0,0,0
e2xw9hw,"Yes of course, please share your bank account details.",bakchodi,1532435996,2018-07,"Sarcastic request for bank details, no profanity or abuse.",0,0,0,0,0,0,0
e0q7num,"Such vetti, much wowe",bakchodi,1529083658,2018-06,"Playful meme comment, no profanity or abuse.",0,0,0,0,0,0,0
dq3il3f,You must be a subhuman coooonjabi. KEK.,bakchodi,1511197066,2017-11,"Racial slur targeting Punjabis, dehumanizing.",0,1,1,0,0,1,0
dq3luff,generations of cocksucking does that to you,bakchodi,1511200423,2017-11,"Vulgar insult directed at a group, likely sexual in nature.",1,1,0,0,0,0,0
dq3jdsl,"Fir toh koi dusra alt bana ke aao. Kyunki yogiji aur trumpji ke aadar mein humse is account se toh dushmani nahi nibhayi jayegi.

&gt;hum bhi IIT pass hain

Congratulations.",bakchodi,1511197899,2017-11,"Sarcastic political commentary, no personal attack.",0,0,0,0,0,0,0
dq3joh9,Keep your subhuman shudroid speak to yourself. Don't talk to me (pure breed Brahmin descended from one of the saptarishis) ever again.,bakchodi,1511198206,2017-11,Caste-based slur and hierarchy assertion.,0,1,1,1,0,0,0
dq3mx2s,"No answers yet. How surprising! 

",bakchodi,1511201523,2017-11,"Sarcastic remark, no offensive content.",0,0,0,0,0,0,0
dq3n7hp,so your step-mom breastfed you?,bakchodi,1511201818,2017-11,Sexual insult directed at a person.,1,1,0,0,0,0,0
dq3lx5d,"St Stephen ka naam sune ho, ladkiya dikhadi wahan ki to pant me hi hug doge",bakchodi,1511200498,2017-11,"Sexualized insult targeting women, objectifying.",0,1,1,0,0,0,1
dq3j98e,aur bhosadchod... kabhi humse bhi dushmani paal lio... hum bhi IIT pass hain,bakchodi,1511197768,2017-11,"Profanity and threat, but no identity target.",1,1,0,0,0,0,0
dq3k7ui,"pappa ka le lun?
pappa ghar pe hai.",bakchodi,1511198756,2017-11,Sexual insult directed at a person.,1,1,0,0,0,0,0
dq3jd9q,"sigh, ghor kalyug when the shudras speak as equals",bakchodi,1511197884,2017-11,"Caste-based hierarchy statement, demeaning.",0,0,1,1,0,0,0
dq3gxv2,This brings back very bad memories. :'(,bakchodi,1511195363,2017-11,"Personal expression of emotion, no offense.",0,0,0,0,0,0,0
dq3eywf,I feel sorry for you Indians. You had to deal with these bastard Muslim invaders. I truly feel such pity for you guys. I just wish our people could have helped a bit more. :/ ,bakchodi,1511193240,2017-11,Religious slur and dehumanization of a group.,0,0,1,0,1,0,0
dq3jdz0,guy on extreme left is deepak sharma OMG,bakchodi,1511197904,2017-11,"Neutral identification, no offense.",0,0,0,0,0,0,0
dq3nt8u,wnt me 2 call aviator 2 make u crie..again?,bakchodi,1511202432,2017-11,"Threatening and insulting, but no identity target.",0,1,0,0,0,0,0
dq3l9ga,"&gt; Akshay kumar

why do you expect a canadian citizen to do something for india",bakchodi,1511199826,2017-11,"Political commentary, no personal attack.",0,0,0,0,0,0,0
dq3m29w,+1. This degeneracy has already lead to decline of western civilization. They now have people like r/mgtow. tfw we always were mgtow ( ͡° ͜ʖ ͡°),bakchodi,1511200645,2017-11,"Political commentary, no personal attack.",0,0,0,0,0,0,0
dq3n1bk,"Agree with you. Except white skin, she has nothing good. ",bakchodi,1511201644,2017-11,Body-shaming and personal insult.,0,1,0,0,0,0,0
dq3njd7,"You should make a post with the mod-messages. Or you could try appealing if you want, they will allow you back if you sate their ego. But remove this comment if you go down that route.



&gt; and I'm pretty sure they think we're the same people.


Unlikely, they would have just banned and muted you if they thought you were someone's alt, not come up with reasons. 


&gt; The mod did give a list of ""hate speech"" comments which were nothing but a few anti-Kejriwal comments.


I suspect that's how I pissed off Dexter, attacking Kejriwal's just been so much fun recently! There's a pretty good chance that the Randia mods have links with the AAP social media cell too, the sub and AAP's Twitter account often pushes very similar talking points. I remember some posts here about it.",indiadiscussion,1511202159,2017-11,"Discussion of moderation, no offense.",0,0,0,0,0,0,0
dq3j18v,Well. The time has arrived. Winter is coming. 4chan here I come,indiadiscussion,1511197537,2017-11,"Neutral statement, no offense.",0,0,0,0,0,0,0
dq3ndff,"&gt;Why don't you try. I feel this has been something you have evaded all along.

Because it is completely irrelevant to the point of discussion.

&gt;By tying the pelter to the jeep, and using him as a shield, he saved the lives of all the people he rescued, of all his soldiers whose line was on the line, and the only gamble he took was the life of the pelter he tied to the jeep.

Again, you are missing the argument entirely.

What's your answer to this question:

https://np.reddit.com/r/IndiaSpeaks/comments/7e8r9g/what_should_army_do_with_a_person_they_have_tied/",indiadiscussion,1511201990,2017-11,"Political discussion, no offense.",0,0,0,0,0,0,0
dq3nsr8,"&gt;What's your answer to this question:

That your MCQ is dishonest and intentionally so. The Army is NOT a peacetime police. The Army is called in when the situation is beyond police control. In fact, the whole reason Gogoi was called to that polling booth was because the Kashmiri policemen and Kashmiri polling booth staff faced a danger to their lives. They risked dying at the hands of stone pelters. Ordinary Kashmiris who simply did what the democracy asked of them.

Add a fifth option: ""What should army do ... when it has to rescue pro-democracy Kashmiris from violence at the hands of violent Kashmiris ...""

(5) Find a way to get out of the situation while keeping the casualties to a minimum.

OR

(5) Save everyone from harm

OR

(5) Resolve the situation without killing or even injuring a single person with a bullet

How about that? ",indiadiscussion,1511202418,2017-11,"Political commentary on army actions, no personal attack or hate speech.",0,0,0,0,0,0,0
dq3ho4s,"&gt;We should mirror all the content under this sub incase chutiya jihadis succeed in getting this sub reddit banned.


I agree. This seems like an interesting problem, tbh. Do you guys have any ideas about how to go about doing this?

Maybe  scrape a list of all posts and submit them all to archive.is?

Edit: If any developers wants to help me with this, please feel free to PM. ",indiadiscussion,1511196118,2017-11,"Discussion about archiving content, uses profanity 'chutiya' directed at a group, but not a specific person.",1,0,0,0,0,0,0
dq3kxeb,"Oh, and the ONE sensible answer? Was deleted. By who? Oh, I don't know, maybe the mods.

https://www.ceddit.com/r/india/comments/7e898e/bjp_supporters_of_rindia_please_answer_these/dq3ik8a/

Good answer, gotta quote, though I could add on to it:

&gt; Are non-bakths/non-bjp supporters (like me) allowed to answer. From my limited understanding based on 5 mins of googling+reading articles, it looks like

&gt; UPA's negotiation wasn't complete

&gt; NDA's buying upgraded aircrafts.

&gt; UPA's incomplete deal was 54000cr for 18 jets + license for India to manufacture the rest (on its own) as opposed to BJP's 36 jets for 58000cr.

&gt; I could be completely wrong though.

Bwahhahhaha",indiadiscussion,1511199481,2017-11,"Political commentary with sarcasm, no personal attack or hate speech.",0,0,0,0,0,0,0
dq3mn4x,"&gt; retitling does not reflect author bias.

Teri ma ki ... Like you have the brains to process what I said!!!

""Editing a title is different from editorialising the title,"" is what I said.

If you can wrap your reptilian brain around this, you will not respond. If not, ...",indiadiscussion,1511201243,2017-11,Personal insult using profanity and derogatory term 'reptilian brain' directed at another user.,1,1,0,0,0,0,0
dg7bc7z,"Retard, the situation is completely different from SL Tamils. SL Tamils are still lower in population compared to Indian Tamils. They are higher in population only in Canada. Most of the Tamils did not support LTTE because of the way they handled things, to put it mildly. Also Norway brokered a pretty good peace deal, which Prabhakaran rejected due to him being overly egotistic.

One of the reasons I consider our old kings to be an idiot is letting the sinhalese live. It was big blunder to let them live, we should have genocided them 2000 years ago or later, as we ruled over them multiple times. No big deal, guess as a new country we'll have our duty outlined clearly.

",bakchodi,1492071881,2017-04,"Personal insult 'Retard' directed at another user, also contains hateful rhetoric about Sinhalese, but not clearly targeting a specific group in this comment.",0,1,0,0,0,0,0
dg7d3iz,He was intelligent than average brahmin.Get your facts right.,bakchodi,1492077274,2017-04,"Comparison of intelligence based on caste, but not clearly derogatory or hateful.",0,0,0,0,0,0,0
dg79r47,That's what she said.,bakchodi,1492067364,2017-04,"Innocent phrase, no profanity or hate.",0,0,0,0,0,0,0
dg7apmf,That's like saying the US can go fuck itself because Pearl Harbor flopped. ,bakchodi,1492070035,2017-04,"Profanity 'fuck' used in a metaphorical comparison, not directed at a person.",1,0,0,0,0,0,0
dg78p9j,"you literally can't differentiate jats from dalits no matter what cooked up statistics you present me. The moment you say jats are more/as 'caucasian' than/as kashmiri pandits, I call BS. 

Average lungi brahmin: https://www.youtube.com/watch?v=T6UCZOEWZO4

Average jat: http://www.frontline.in/static/html/fl2415/images/20070810510109101.jpg

LOL",bakchodi,1492064647,2017-04,"Mocking comparison of castes with derogatory terms 'lungi brahmin' and 'jat', but not clearly hateful or targeting a specific person.",0,0,0,0,0,0,0
dgq9a3t,Nice nice. Now spread it on social media ,bakchodi,1493130718,2017-04,"Encouragement to spread content, no profanity or hate.",0,0,0,0,0,0,0
dg75xxe,"Dont stay here gore, go to r_india the cucks over there would love to suck your dick. ",bakchodi,1492059023,2017-04,"Profanity and derogatory terms 'gore' and 'cucks' directed at a group, but not clearly a specific person.",1,0,0,0,0,0,0
dg7bh8j,"Why not make a thread with some intro and the video link,why a hindi website? why such lame ass bait headline? 

u chamar m8?",bakchodi,1492072296,2017-04,Profanity 'lame ass' and caste slur 'chamar' used as an insult directed at another user.,1,1,1,1,0,0,0
dg7dgbr,Spare the mature females. ,bakchodi,1492078336,2017-04,"Ambiguous phrase, could be interpreted as objectifying women, but not clearly hateful.",0,0,0,0,0,0,0
dg7clam,Why is there a pic of Babu Kunwar Singh?,bakchodi,1492075712,2017-04,"Neutral question, no profanity or hate.",0,0,0,0,0,0,0
dg7bt9m,Katua false flag operation,bakchodi,1492073322,2017-04,"Derogatory term 'Katua' used to refer to Muslims, implying false flag operation, hateful.",0,0,1,0,1,0,0
dg7dm1k,You mean all of twitter ?,bakchodi,1492078809,2017-04,"Rhetorical question, no profanity or hate.",0,0,0,0,0,0,0
dgq3urd,This is fake news. This was debunked almost immediately after it came out.,bakchodi,1493123346,2017-04,"Neutral statement, no profanity or hate.",0,0,0,0,0,0,0
dg7fj56,You Goyims need redpilling.,bakchodi,1492083735,2017-04,"Derogatory term 'Goyims' used to refer to non-Jews, but not clearly hateful in this context.",0,0,0,0,0,0,0
dgq5l72,"When Commie naxals kills 25 soilders,

Libtards: Meh!


When katuas  kill Hindus, wage wars, drive their truck of peace, explode left and right, and basically terrorize the entire world,

Libtards: Actually, you can't blame the Muslims, Islam is not the problem. Most Muslims want peace.



When Hindus beat up a bunch of katuas mostly  for stealing/killing cows,


Libtards: ""Fucking Hindu terrorists,  they are the worst kind of terrorists. All Hindus are terrorists and Hinduism is cancer. Did I forget to call them terrorists? I think I did. Fucking Hindu terrorists.""",bakchodi,1493126120,2017-04,"Hateful rhetoric against Muslims using derogatory term 'katuas', and against 'Libtards', but not clearly targeting a specific person.",0,0,1,0,1,0,0
dg76lb1,Try killing a brahmin and the world will swallow you whole. You will end up in Naraka to serve your punishment. In fact even suggesting that you will attack a brahmin is sufficient. I don't have to do anything. The universe is programmed to fulfill your fate. Good luck.,bakchodi,1492060129,2017-04,"Threatening statement against harming Brahmins, but not directed at a specific person, and not clearly hateful.",0,0,0,0,0,0,0
dg7b4tl,"You're half Polish/Irish. Hello then, Mr. Potatonski",bakchodi,1492071274,2017-04,"Ethnicity-based mockery using a stereotype, no profanity.",0,1,1,0,0,1,0
dk0q581,"It's not as simple as you think it to be, [here](http://en.wikipedia.org/wiki/Varna_(Hinduism))",bakchodi,1499679170,2017-07,"Neutral comment, no offensive content.",0,0,0,0,0,0,0
dk0s4n2,"The /r/ipm playlist has two tracks from this movie, apsara aali and khel mandala. I don't understand Marathi that much but liked the music. I am still trying to understand why OP would post this here.",bakchodi,1499684875,2017-07,"Discussion about music and post relevance, no offensive content.",0,0,0,0,0,0,0
dk0u9a6,"There are a few AAPturds (a commie sikh MF and a few others) and Kashmiri katuas on /int/.

It's these faggots mostly prolly.

",bakchodi,1499689626,2017-07,"Political insults with profanity and religious slur, targeting groups.",1,1,1,0,1,0,0
dk0rkmp,more importantly we need to make sure the world is shaped to our ideology i.e. Hinduism so that our next gen can live on as kings.,bakchodi,1499683398,2017-07,"Promoting Hindu supremacy, no profanity.",0,0,1,0,1,0,0
dk0pw3n,Aur kya ... LMAO ... if everybody though like that we would be weeded out and Islam would take over.,bakchodi,1499678400,2017-07,"Religious fear-mongering, no profanity.",0,0,1,0,1,0,0
dk0s2jl,"&gt; Spain: स्पेन एक ऐसा देश जिसने निर्लज्जता की सारे हदे पार 

&gt; Iceland: नङ्गा होना आम बात है

&gt; Peru :‌इस देश मै रेहते है सबसे ज्यादा प्रोस्टिट्युट्स लडकिया

&gt; Georgia: ऐसे कामो के लिये मजबूर है यहा कि लडकिया

The title in these videos should explain the problem with the JIO free viewers.",bakchodi,1499684725,2017-07,"Stereotyping countries with sexual slurs, no profanity.",0,0,1,0,0,1,1
dk0q3qu,Hahahaha the biggest trouble in my life is my hard drive...the biggest trouble in your life is your very fucking existence. ,bakchodi,1499679048,2017-07,"Personal insult with profanity, no identity basis.",1,1,0,0,0,0,0
dk0s3np,"Mujra are nawabi homo fag dances .. usually done be muslim boys for muslim men. 

Lavni is art.",bakchodi,1499684806,2017-07,"Mocking a cultural dance with homophobic slurs, targeting Muslims.",0,1,1,0,1,0,1
dk0s0ta,WTF !I am not here for justice . I just wanna say they are bunch of hypocrites.,bakchodi,1499684594,2017-07,"Profanity expressing frustration, no specific target.",1,0,0,0,0,0,0
dk0y5u6,I am certain that Doval has been poking Chinese in right places.So 2019 will be Modi vs Opposition+Pakistan and China.,bakchodi,1499695705,2017-07,"Political speculation, no offensive content.",0,0,0,0,0,0,0
dk0vfnn,I fucking hate kids and don't plan to have any. I don't give some dumb-ass reason to be on the moral high ground either.,bakchodi,1499691701,2017-07,"Personal opinion with profanity, no target.",1,0,0,0,0,0,0
dk0yz6b,"Kaali Kaali sadi mein kadhai nahin hoti  
Salma teri yaad mein padhai nahin hoti.",bakchodi,1499696762,2017-07,"Humorous song lyric, no offensive content.",0,0,0,0,0,0,0
dk0rgm8,"&gt; hence I wanna learn too. 

good for you m8.

Also, who the fuck downvoted my previous comment? (╬ ಠ益ಠ)",bakchodi,1499683089,2017-07,"Frustration with downvotes, profanity, no target.",1,0,0,0,0,0,0
dk0xcn5,He is really insecure about his identity . ,bakchodi,1499694582,2017-07,"Observation about insecurity, no offensive content.",0,0,0,0,0,0,0
dk0vb6p,lord of the cucks arriveth,bakchodi,1499691496,2017-07,"Insult using 'cuck', no profanity, no identity basis.",0,1,0,0,0,0,0
dk0osiw,[what about this then](http://en.wikipedia.org/wiki/Varna_(Hinduism)),bakchodi,1499675124,2017-07,"Neutral question, no offensive content.",0,0,0,0,0,0,0
dk0ofa8,"Aisi ladki kahaan milegi: https://twitter.com/mamtan14/status/884081042088382464

lol",bakchodi,1499674054,2017-07,"Humorous comment, no offensive content.",0,0,0,0,0,0,0
dk0u9zm,thank you for your plain and simple moderation. Much needed on reddit. ,indiadiscussion,1499689662,2017-07,"Positive feedback, no offensive content.",0,0,0,0,0,0,0
dk0ord7,"Can you contact the ScoopPoop and tell them what's going on?

Give them link of that medium article as well. These turds can be our friends in destroying that cesspool.",indiadiscussion,1499675032,2017-07,"Insulting a group with profanity, no identity basis.",1,1,0,0,0,0,0
dk0ri4o,You should be thankful they even allow posts attacking another subreddit and its mods.,indiadiscussion,1499683207,2017-07,"Neutral comment about subreddit moderation, no profanity or attack.",0,0,0,0,0,0,0
dk0qwol,Seriously though that guy has been posting on all sorts of places.he is gonna get banned if he keeps up this senseless crusade,indiadiscussion,1499681479,2017-07,"Neutral comment about a user's behavior, no profanity or attack.",0,0,0,0,0,0,0
dk0rtcn,"Why?even this subreddit allows that.

",indiadiscussion,1499684051,2017-07,"Neutral question about subreddit rules, no profanity or attack.",0,0,0,0,0,0,0
dk0yz42,"It's rumoured that one of the editors of The Wire is also a mod on r/india. That may explain why the post was removed without reason. Can someone clarify on this rumour?
",indiadiscussion,1499696760,2017-07,"Neutral question about moderation, no profanity or attack.",0,0,0,0,0,0,0
dk0ooxd,"&gt; slimey way

Cowards way

 FTFY",indiadiscussion,1499674835,2017-07,"Insulting a user's behavior, no profanity, no identity basis.",0,1,0,0,0,0,0
dk0ytj1,"Cause we asked the admins to do it, cause Geoff got suspended once for no fault of his. We realised that it was due to Randia mods. We asked the admins themselves whether this sub is above board and they said the current rules are fine, and apologised for wrongfully suspending Geoff.",indiadiscussion,1499696563,2017-07,"Neutral explanation about moderation, no profanity or attack.",0,0,0,0,0,0,0
dk0rhmg,"If it's something critical of Islam or a non-BJP party, it's counted as a repost and removed. Otherwise no. The mods make all kind of creative excuses if you push them about it on modmail.",indiadiscussion,1499683166,2017-07,"Criticism of moderation, no profanity, no personal attack.",0,0,0,0,0,0,0
dk0ypqd,Hahahahaha. Thank you boss. Hope to keep it the same way.,indiadiscussion,1499696428,2017-07,"Neutral response, no profanity or attack.",0,0,0,0,0,0,0
dk0uji6,"I did try that,it was hidden as expected",indiadiscussion,1499690148,2017-07,"Neutral comment about moderation, no profanity or attack.",0,0,0,0,0,0,0
dk0q42c,Not a surprise. Indian media houses really couldn't give a crap about anything. They are only interested in stoking the communal fires. And talking crap. ,indiadiscussion,1499679076,2017-07,"Criticism of media, no profanity, no personal attack.",0,0,0,0,0,0,0
dk0tmm7,fluttershy try commenting that with your main account on any backchodi post and then log out and see if your comment is still there,indiadiscussion,1499688355,2017-07,"Neutral comment about moderation, no profanity or attack.",0,0,0,0,0,0,0
dk0phh9,"The OP was clearly pointing out how a 17 year old is being harassed, whereas people there were dragging in BJP and Hindutva without any reason, and when asked, they would counter by saying why should we not bring in BJP. I was amazed by those morons. ",indiadiscussion,1499677169,2017-07,"Criticism of users' behavior, no profanity, no personal attack.",0,0,0,0,0,0,0
dk0v5cm,Someone said Fluttershy_qtest uses her alt to moderate r/bakchodi.  ,indiadiscussion,1499691224,2017-07,"Neutral comment about moderation, no profanity or attack.",0,0,0,0,0,0,0
dqsv040,"One question, RES pe mujhe hi mere saamne +2 kyu dikha raha hai?",bakchodi,1512485121,2017-12,"Neutral question about Reddit feature, no profanity or attack.",0,0,0,0,0,0,0
dqt2feb,"But very very सेक्सी, chodne me mjaa to aayega bhai",bakchodi,1512492892,2017-12,"Sexual objectification of a woman, no profanity, gender-based.",0,0,1,0,0,0,1
dqswrjd,"Bechara K R Devdas, teeno laundia gai..",bakchodi,1512487171,2017-12,"Neutral comment about a person, no profanity or attack.",0,0,0,0,0,0,0
dqt2p1h,Rajputs are chicks anyway. They sold their women into Muslim harem and now they get triggered by it,bakchodi,1512493146,2017-12,"Demeaning Rajputs based on gender and religion, no profanity.",0,0,1,0,1,0,1
dqt3vte,"Your submission has been removed because you posted a Facebook link. For the privacy of you and others, direct Facebook links are removed. If your post is an image, please rehost at [imgur](http://imgur.com).

*I am a bot, and this action was performed automatically. Please [contact the moderators of this subreddit](/message/compose/?to=/r/bakchodi) if you have any questions or concerns.*",bakchodi,1512494298,2017-12,"Automated moderation message, no profanity or attack.",0,0,0,0,0,0,0
dqt408s,Some people go out of their house ,bakchodi,1512494417,2017-12,"Neutral comment, no profanity or attack.",0,0,0,0,0,0,0
dqsxyb1,"&gt; Shiva

Lungi chutiya

&gt; bakhts

Confirmed",bakchodi,1512488472,2017-12,"Insulting a user with profanity, no identity basis.",1,1,0,0,0,0,0
dqt0yxg,"That *Teeka* on forehead, wow

I'm Impressed. Gonna vote for pandit ji, fuck BJP",bakchodi,1512491530,2017-12,"Profanity aimed at political party, not personal.",1,0,0,0,0,0,0
dqswnwz,"Chutiyap hai bhai, mat hi padh. I gave up three paragraphs in.",bakchodi,1512487057,2017-12,"Self-directed profanity, no target.",1,0,0,0,0,0,0
dqsxbrc,badi haramjadi hai.,bakchodi,1512487790,2017-12,"Profanity, no clear target.",1,0,0,0,0,0,0
dqsw9mm,"Ye saala chutiya, isko Arms Act me andar karo because the moron has mastered shooting himself in the foot.
Bhenchod accha hai modi cucked congress this hard, at least ye chutiya to gaya",bakchodi,1512486612,2017-12,"Profanity and personal insults directed at a politician, professional criticism.",1,0,0,0,0,0,0
dqt30lv,Then show them these things,bakchodi,1512493455,2017-12,"No profanity, no target.",0,0,0,0,0,0,0
dqt2sq0,post this shit on r/jokes to get instant karma.,bakchodi,1512493241,2017-12,"Profanity, no target.",1,0,0,0,0,0,0
dqsvsy5,mumtaz iz better than meenakshi tho. both tharki af tho. ,bakchodi,1512486069,2017-12,"Profanity, no target.",1,0,0,0,0,0,0
dqt3ku2,What did you expect? ,bakchodi,1512494002,2017-12,"No profanity, no target.",0,0,0,0,0,0,0
dqsz0zq,"&gt;Born as Feroze Jehangir Ghandy to a **Parsi family** at the Tehmulji Nariman Hospital situated in Fort, Bombay.

&gt;&gt;Feroze changed the spelling of his surname from ""Ghandy"" to ""Gandhi"" after joining the Independence movement


* Children: Rajeev, Sanjay

* Grandchildren: Priyanka, Rahul


",bakchodi,1512489593,2017-12,"Factual information, no profanity, no target.",0,0,0,0,0,0,0
dqt2l0h,Swamy is an useful idiot,bakchodi,1512493039,2017-12,"Insult directed at a public figure, professional criticism.",0,0,0,0,0,0,0
dqsuvbd,"With your own hypocrisy and regional bias being pointed out, you have no point left to make and now you’re attacking the poster personally. Typical madrassi.",indiadiscussion,1512484961,2017-12,"Regional slur used to demean a person, no profanity.",0,1,1,0,0,1,0
dqsuk8x,"Is it really that complex to see what bhilly did? He's pulling out the old ""everything below Mumbai is madrasi"" stereotype just to trigger South Indians. This is absolutely an acceptable banter on bakchodi but not everywhere. If bhilly wants edginess, we all bring out edginess.",indiadiscussion,1512484590,2017-12,"Discussion of stereotype, not endorsement.",0,0,0,0,0,0,0
dqsytni,"&gt;All of madras is indeed madras. Madrasis, madrasis and madrasis are just a primitive madrasi subspecies in denial of the genetically superior MADRASI substrate out of which they evolved

What?
",indiadiscussion,1512489384,2017-12,"Mocking regional stereotype, no profanity.",0,0,1,0,0,1,0
dqsz1j4,"&gt;He's pulling out the old ""everything below Mumbai is madrasi"" stereotype just to trigger South Indians

True, but why do you get triggered so easily? 
",indiadiscussion,1512489609,2017-12,"Discussion, no profanity, no target.",0,0,0,0,0,0,0
di6l7q2,Bhai ek do saal baad wo sub suspend ho jaayaga. Sabar rakho,bakchodi,1496061162,2017-05,"No profanity, no target.",0,0,0,0,0,0,0
di6qvkj,So reformers made it worse is what you're saying?? ,bakchodi,1496070969,2017-05,"Question, no profanity, no target.",0,0,0,0,0,0,0
di6o93s,"Absolutely. Our lands were never colonised whilst Indians got colonised by Muslims, British, Dutch, Portuguese etc. ",bakchodi,1496066921,2017-05,"Historical claim, no profanity, no target.",0,0,0,0,0,0,0
di6nfee,PERFECTLY defined.,bakchodi,1496065531,2017-05,"Agreement, no profanity, no target.",0,0,0,0,0,0,0
di6mxba,"BOI sati was not commonly practiced in the past, that is BEFORE we were Invaded. ",bakchodi,1496064629,2017-05,"Historical claim, no profanity, no target.",0,0,0,0,0,0,0
di6m75x,Nothing better ,bakchodi,1496063222,2017-05,"No profanity, no target.",0,0,0,0,0,0,0
di6uol4,My computer barely works with EU3 and now this shit?,bakchodi,1496076132,2017-05,"Frustration about game performance with mild profanity, not directed at anyone.",1,0,0,0,0,0,0
di6ru98,Why post about him here?,bakchodi,1496072339,2017-05,"Neutral question, no offensive content.",0,0,0,0,0,0,0
di6obl2,"Shut up u bhumichamar jha midget. 

Lol ur gene pool is so bad u claim ur self to be chinky rape baby..

Ahaha",bakchodi,1496067034,2017-05,"Personal insults with caste slur and racial slurs, targeting an individual.",1,1,1,1,0,1,0
di6rcpd,"&gt;You are also purposefully exaggerating the unity of Greek identity

Exactly. The city-states of Greece was the first representative federal structure in the world. There was no chakravarti samrat type figure",bakchodi,1496071652,2017-05,"Historical discussion, no offensive content.",0,0,0,0,0,0,0
di6owgw,You're a tamil nigher.,bakchodi,1496067978,2017-05,Racial slur targeting a person's ethnicity.,0,1,1,0,0,1,0
di6u8ti,"The Golden genes are a gift to the Hindogs, I myself am 18% Mongoloid and I feel blessed.",bakchodi,1496075563,2017-05,Derogatory term for Indians and racial hierarchy statement.,0,0,1,0,0,1,0
di6p5bo,शो this पिक टू रंडिया। साले गोरो की चाटते रहते है। ,bakchodi,1496068368,2017-05,"Profanity and derogatory term for a subreddit, not targeting a person.",1,0,0,0,0,0,0
di6kjuu,They killed katuas and whites with one stone. I wish to become a jew in my next re birth. ,bakchodi,1496059630,2017-05,"Violent imagery and ethnic slurs, targeting groups.",0,1,1,0,1,0,0
di6sedj,"&gt;However I don't consider outsiders (((immigrants))) Marathi in any way.

No one was talking about immigrants but ok, you believe in whatever the fuck you want to believe.",bakchodi,1496073103,2017-05,"Political disagreement with profanity, not targeting a person.",1,0,0,0,0,0,0
di6kvbj,One plate chowmein. ,bakchodi,1496060378,2017-05,Neutral statement about food.,0,0,0,0,0,0,0
di6nsoo,And hence needed reformers and got some who reformed it.,bakchodi,1496066164,2017-05,Neutral historical comment.,0,0,0,0,0,0,0
di6r98o,OPs account is new and must have posted in /r/bakchodi first so such accounts automatically get flagged and banned in r/india ,indiadiscussion,1496071513,2017-05,"Discussion of subreddit moderation, no offensive content.",0,0,0,0,0,0,0
doe9iuy,A casting couch scandal broke in Hollywood recently and the main accused is as stereotypical a Jew as Shylock. Pakis obviously are butthurt about Bollywood cucking them and taking all their most bangable actresses for a quick pump and dump so they equate us with Jews. ,bakchodi,1508071970,2017-10,"Stereotypes about Jews and Pakistanis, with profanity and sexualized language.",1,1,1,0,1,1,0
doectud,haha you noticed senpai. ,bakchodi,1508077847,2017-10,"Playful comment, no offensive content.",0,0,0,0,0,0,0
doeehxb,follow stupid cults win stupid prizes.,bakchodi,1508080292,2017-10,"General statement, no specific target.",0,0,0,0,0,0,0
doeb4lo,Fair enough and I am guessing Capt is also good? At least he seems sane. ,bakchodi,1508075047,2017-10,"Political opinion, no offensive content.",0,0,0,0,0,0,0
do3orjj,"He is a muslim. His wife probably converted to Islam for marriage.

Regardless,who cares. He is just a condescending idiot.",bakchodi,1507512417,2017-10,"Personal insult about a public figure, no identity-based hate.",0,1,0,0,0,0,0
doece0t,"did bjp even try to win gurdaspur?i don't think so.plus the congress won the state with a 2/3 rd majority not too long ago,so i don't know why people are making a big deal out of this

and all this talk of ""a stronghold of bjp"" is nonsense.the guy who made it a stronghold is dead.bjp didn't even gave the ticket ti his wife,but instead chose a random businesswala.probably because they didn't want to spend any money on this seat.

 as for why bjp did not try to win this seat,the answer will come around 2019,if things go right",bakchodi,1508077156,2017-10,"Political analysis, no offensive content.",0,0,0,0,0,0,0
do3qoru,That bitch should invest in renewable energy in India ,bakchodi,1507514772,2017-10,"Profanity directed at a public figure, but not personal attack.",1,0,0,0,0,0,0
doecfbs,captain is one of the few politicians in opposition who i would say is decent,bakchodi,1508077214,2017-10,"Political opinion, no offensive content.",0,0,0,0,0,0,0
doecdjn,no no according to randians u/spez is a sanghi,bakchodi,1508077134,2017-10,"Political affiliation term 'sanghi' used, no religious/communal hostility.",0,0,0,0,0,0,0
doeij07,Feisty रंडी,bakchodi,1508085574,2017-10,"Profanity 'randi' used, but no clear target, possibly self-directed or exclamation.",1,0,0,0,0,0,0
doefitl,"Listen Aviator, it is true. r/Bakchodi does have a shit ton of hate speech masquerading as humour. Randia has it too, but in a smaller dose.",bakchodi,1508081699,2017-10,"Discussion of hate speech on subreddits, no direct attack.",0,0,0,0,0,0,0
doejs6q,"&gt; while playing caste politics amongst the Hindus to unite them under his banner. 

What? Please explain this. I don't understand.

&gt; which is why the BJP is playing a clever game on Diwali

What are they ""playing""?

&gt; stellar work done by the likes of Fadnavis

Like giving reservations to Muslims in police force? Fuck cuckendra fadnavis!

&gt; Beefala

lol! I'm stealing this!

&gt; Be patient, social change like the UCC will also come in due course in his second term. 

One of the biggest reason I support BJP is because of RTE and 93^rd amendment. Any idea if they would repel these acts in the next term?",bakchodi,1508087109,2017-10,"Political commentary with profanity 'Fuck' directed at politician, professional criticism.",1,0,0,0,0,0,0
doeb1po,Is he using only rolls to wipe his butt? Tell him he can get in contact with many rectum related disease/infections if he doesn't clean his butt which can also spread in other parts of his body and can be embarrassing if not given due attention. Its unhygienic.,bakchodi,1508074904,2017-10,"Hygiene advice, no profanity or abuse.",0,0,0,0,0,0,0
doei7gj,was searching for a specific incident. this was 2nd result,bakchodi,1508085177,2017-10,Neutral statement about searching.,0,0,0,0,0,0,0
doefba6,"We baniya will control all the business , despite being a second class citizen we will have most say in decision and most influence . Ultimately rajputana will become baniyadesh.",bakchodi,1508081418,2017-10,"Caste-based hierarchy statement, no profanity.",0,0,1,1,0,0,0
dopa3ee,He is the #ProfileForPeace chutiya. He is also a mentor of Gurmeher Jaur. ,bakchodi,1508631687,2017-10,"Profanity 'chutiya' directed at a person, personal insult.",1,1,0,0,0,0,0
dop43j6,18 years old and already an economist,bakchodi,1508623522,2017-10,Neutral comment about age.,0,0,0,0,0,0,0
doeacpc,"sorry, i don't have an unhealthy obsession with the mods there to answer such questions. ",indiadiscussion,1508073631,2017-10,Sarcastic but no profanity or abuse.,0,0,0,0,0,0,0
doeb1fz,"It was there if you had done a thorough reading of quran, I am starting to think you deserved the ban ",indiadiscussion,1508074891,2017-10,"Religious reference, but no clear hate speech, just criticism.",0,0,0,0,0,0,0
doehkte,"It's not retard culture. These people aren't just retarded. 

It's nihilism and vitriol. It's suicidal pessimism and ignorant. It's racist and sexist. It's bigoted and filthy. ",indiadiscussion,1508084373,2017-10,"General criticism of a group, no specific target, no profanity.",0,0,0,0,0,0,0
doefyce,It's my signature move. ,indiadiscussion,1508082272,2017-10,Neutral statement.,0,0,0,0,0,0,0
doedn7u,"[Dog meat selling and buying is a crime in many states in the US](https://www.consumeraffairs.com/news/man-bites-dog-its-legal-to-eat-dogs-and-cats-in-44-states-101714.html), its consumption is not yet a crime but there is [currently a white house bill that would make even consumption a crime throighout the US](http://www.washingtonexaminer.com/eating-cats-and-dogs-banned-under-new-house-bill/article/2616796). Fact is, you guys are violent with peabrains. I never talked about consumption specifically. 
But now, let me say it. Dog meat Consumption is Banned in 6 states in the US. Google the shit out of that one.

Now remember we don't fall into the brackets you label us with. We wre Indians that loveIndia, love truth, honesty and non-violence. Unlike maoists and congressis.",indiadiscussion,1508079077,2017-10,"Political commentary, no profanity or abuse.",0,0,0,0,0,0,0
doeg51e,"Nah man. Nobody gives a fuck. Whether desktop/mobile i dont like to zoom that too on reddit.
The place where i look for YouTube link to watch gif in HD.",indiadiscussion,1508082515,2017-10,"Profanity 'fuck' used as filler, no target.",1,0,0,0,0,0,0
doec52j,"^(Hi, I'm a bot for linking direct images of albums with only 1 image)

**https://i.imgur.com/hMonFuT.png**

^^[Source](https://github.com/AUTplayed/imguralbumbot) ^^| ^^[Why?](https://github.com/AUTplayed/imguralbumbot/blob/master/README.md) ^^| ^^[Creator](https://np.reddit.com/user/AUTplayed/) ^^| ^^[ignoreme](https://np.reddit.com/message/compose/?to=imguralbumbot&amp;subject=ignoreme&amp;message=ignoreme) ^^| ^^[deletthis](https://np.reddit.com/message/compose/?to=imguralbumbot&amp;subject=delet%20this&amp;message=delet%20this%20doec52j) ",indiadiscussion,1508076763,2017-10,"Bot message, no content.",0,0,0,0,0,0,0
doecz4p,are you gay?,indiadiscussion,1508078074,2017-10,"Question about sexual orientation, no hate.",0,0,0,0,0,0,0
doebkit,"I'm a bot, *bleep*, *bloop*. Someone has linked to this thread from another place on reddit:

- [/r/indiaspeaks] [These deluded (or is it retarded) fucks think every journalist in India is a randia mod or is posting on rindia with the mod's help. Read through the stupid sub-thread](https://np.reddit.com/r/IndiaSpeaks/comments/76j1w2/these_deluded_or_is_it_retarded_fucks_think_every/)

[](#footer)*^(If you follow any of the above links, please respect the rules of reddit and don't vote in the other threads.) ^\([Info](/r/TotesMessenger) ^/ ^[Contact](/message/compose?to=/r/TotesMessenger))*

[](#bot)",indiadiscussion,1508075816,2017-10,Bot message with profanity 'fucks' and 'retarded' but no specific target.,1,0,0,0,0,0,0
doeez18,"So which randian troll are you?

Newfag or the oldfag walrus ",indiadiscussion,1508080954,2017-10,"Insulting terms 'newfag' and 'oldfag' directed at a person, no identity basis.",0,1,0,0,0,0,0
doehnqa,"You were supposed to sync the dates with hafiz saeed's latest speech, if you couldn't figure it out then good thing they banned you ",indiadiscussion,1508084478,2017-10,"Sarcastic comment, no profanity or abuse.",0,0,0,0,0,0,0
doefftz,Nowadays the news is as original as an ekta kapoor show too. Or maybe that one where she turns into a fly. It approaches fantasy not reality ,indiadiscussion,1508081586,2017-10,"Criticism of news media, no profanity or personal attack.",0,0,0,0,0,0,0
doek9ux,"I know whose alt this is, there was a guy u/enuff_to_get_in who changes his accounts and posts this kind of shit, his Last alt before I was banned was whatwherewhenwhy or some shit like that.

He's a chutiya chawl dwelling Marathi (or that's what he claims he is), his gives are easy, he rails on millenials, sucks Chinese gormint cocks and will eventually talk about Chinese lighters with little dices in them. He's a pathetic guy really. ",indiadiscussion,1508087681,2017-10,"Personal attack with profanity and regional slur, but no clear identity-based hate.",1,1,0,0,0,0,0
doec0h8,Just look at his profile. It's literally in the imgur link. ,indiadiscussion,1508076557,2017-10,"Neutral instruction, no issues.",0,0,0,0,0,0,0
doeaw7l,"Dude can you upload better quality pics? At least on Baconreader, I can't make out anything. 

I did make out the not on""Indian pussy"" though, lmao, sevuruorupundai's idea of top notch discussion I suppose. Who is the user? ",indiadiscussion,1508074631,2017-10,"Request for better quality, mild mockery but no clear target.",0,0,0,0,0,0,0
doeb8bf,"nope, but keep the delusions coming. it's fun reading the posts here!",indiadiscussion,1508075226,2017-10,"Sarcastic dismissal, no profanity or attack.",0,0,0,0,0,0,0
doee44t,so why did they ban my previous alts before you made that post? don't give yourself too much importance,indiadiscussion,1508079754,2017-10,"Questioning moderation, no attack.",0,0,0,0,0,0,0
dj175eo,"Well, if that ever materializes, then [this](https://youtu.be/Cvfvn27Akxk) should be Greater Nepal's national anthem.",bakchodi,1497719775,2017-06,"Hypothetical political comment, no attack.",0,0,0,0,0,0,0
dj1b0i6,I fuck your sister,bakchodi,1497724942,2017-06,Profanity and personal threat directed at a specific person.,1,1,0,0,0,0,0
dj1b27p,And your father too,bakchodi,1497725009,2017-06,Profanity and personal insult directed at a specific person.,1,1,0,0,0,0,0
dj12398,Photoshopped.,bakchodi,1497712710,2017-06,"Simple claim, no issues.",0,0,0,0,0,0,0
dj1bch6,"I blame the condom your dad didn't use, the night you were conceived (or something like that)",bakchodi,1497725396,2017-06,"Personal insult with sexual reference, no profanity but targeted.",0,1,0,0,0,0,0
dj1az9c,"hey the ""h"" word is worse.",bakchodi,1497724893,2017-06,"Meta-commentary, no attack.",0,0,0,0,0,0,0
dj183p0,"Because South Indians are intelligent enough to get actual jobs requiring a high IQ , so we don't need to kill ourselves like dogs by joining the army. Amiths on the other hand are like farm tools. They possess absolutely no intelligence and thus fighting katuas is the peak of their existence.",bakchodi,1497721061,2017-06,"Regional hate speech against South Indians and Muslims, no profanity.",0,0,1,0,1,1,0
dj18cil,kek'ed. I wish I can post this to Randia. ,bakchodi,1497721387,2017-06,"Meta-commentary, no attack.",0,0,0,0,0,0,0
dj199kk,/r/prequelmemes,bakchodi,1497722597,2017-06,"Subreddit reference, no issues.",0,0,0,0,0,0,0
dj154id,It's people like you that are bringing the country down. You are the same as those Isis terrorists,bakchodi,1497717004,2017-06,"Accusation of being like terrorists, but no profanity or clear identity attack.",0,1,0,0,0,0,0
dj13j6m,भतार हैं पासवानजी हमारे। भतार मने पतिदेव। ये गांडूगिरी नहीं ये 7 जन्मो का सम्बन्ध है जो इनके पिताजी भी चाहे तो नहीं टूट सकता।,bakchodi,1497714772,2017-06,"Profanity and personal insult, but no identity-based hate.",1,1,0,0,0,0,0
dj1bwnn,Chappal se Marna chahiye aise logo ko..,bakchodi,1497726166,2017-06,"Threat of physical violence, no profanity.",0,1,0,0,0,0,0
dj1adhv,You just admitted that you fancy a 12 y.o. ,bakchodi,1497724072,2017-06,"Accusation of pedophilia, no profanity.",0,1,0,0,0,0,0
dj12b7m,Charm rog se peedit kutton ki is basti me tum hi ek sadhu ho bhondu,bakchodi,1497713039,2017-06,"Insult with profanity, but no identity-based hate.",1,1,0,0,0,0,0
dj18v3z,You shouldn't call our heroes fags,bakchodi,1497722072,2017-06,"Homophobic slur used to insult heroes, targeting a group based on sexual orientation.",0,1,1,0,0,0,1
dj162h1,"&gt; Grandeur

?

Gaandour

more like Gaandiv Dhari Gandu ki Gaand fetish",bakchodi,1497718295,2017-06,"Profanity and personal insult directed at a person, with sexual reference.",1,1,0,0,0,0,0
dj1bzh7,Top fking Kek.,bakchodi,1497726275,2017-06,"Exclamation with profanity, no target.",1,0,0,0,0,0,0
dj1amc2,"Do you not see any policy change. 

Do you not see the fiscal policy change. The change in foreign policy and economic policy. The sub randia whole time cries about the change in social parameters. Do you not see it. 

Too many things are different now and have changed.

Few things remain same. Like the firm ground on which our foreign policy stands. The socio-economic policy.

People on that sub try to make everything a single agenda driven policy chapter,like how westerners would say India should invest more in social sector than it is doing now on advanced research programme like ISRO. 

 ",indiadiscussion,1497724400,2017-06,"Political commentary on policy changes, no personal attack or hate speech.",0,0,0,0,0,0,0
dj1931t,"Lol just checked the permalink. They nuked the entire thread. 
I really feel bad about the existence of these people. What are they achieving in life bashing him so much, Modi will get re-elected again but these neckbeards would still be living in their basement. ",indiadiscussion,1497722361,2017-06,"Criticism of a subreddit and its users, no personal attack or hate speech.",0,0,0,0,0,0,0
dj19bl8,"Man why does everyone come to shit on liberals, these people aren't liberals. 

Why is everyone forgetting what a liberal is. ",indiadiscussion,1497722670,2017-06,"Discussion about liberals, no personal attack or hate speech.",0,0,0,0,0,0,0
dj16khp,"the answers to that reply are so hilarious!""he hasn't dony anything for the economy and the infrastructure!""

yeah,the speed of road building by the centre has only like just doubled.Totally no improvement at all.

i wonder how long the sub will last with all that banning and censorship though.earlier i thought reddit,specifically that sub will remain a safe space for all the disgusting retarded liberals.Now with stuff like that reveal by a not alright mod,i am doubting if that will be the case.

I am suspecting that with every election loss,they will grow more mad.who knows what kind of shit they may end up doing.

Just like Trump Presidency,they are just bound to do some retarded shit that will bite them in the ass.It's just a matter of when
",indiadiscussion,1497718980,2017-06,"Political commentary with profanity and insults directed at a group (liberals), but not based on identity.",1,1,0,0,0,0,0
dj1bsxf,"That's because intellectual critics forget the reality and raise expectations as if the current govt will miraculously undo all that is wrong with the Indian bureaucracy. There will be a lot of questionable actions and I'll not deny that. It's not my problem if one expected the govt to be Sri Krishna Paramatma. Even Krishna wasn't really known to be 100% clean. Randia and it's critics are simply picking the low hanging fruits and beating the complete shit out of it. Thanks to these randis I know whom I'll never support ever. They are hypocrites, power tripping and have the bollocks to mock the govt on an anonymous forum while silencing anyone who speaks up. Fuck that noise!",indiadiscussion,1497726023,2017-06,"Political commentary with profanity, no personal attack or hate speech.",1,0,0,0,0,0,0
dj184cy,I'm telling you those posts and comments were even brought up because entire randia is filled with similar posts about modi. ,indiadiscussion,1497721083,2017-06,"Political commentary, no personal attack or hate speech.",0,0,0,0,0,0,0
dj1667j,So the only retort if BJP does anything is that Congress has also done it? What's the difference between them then? (Other than all the cow politics). ,indiadiscussion,1497718439,2017-06,"Political commentary, no personal attack or hate speech.",0,0,0,0,0,0,0
dj17lyb,"How exactly is anything posted on randia relevant anyways? It is a no brainier that randia itself is resorting to PR, propaganda, heavily biased moderation etc. That sub is cancer. And you want to make sense out of it?",indiadiscussion,1497720395,2017-06,"Criticism of a subreddit, no personal attack or hate speech.",0,0,0,0,0,0,0
dj13m4t,ding dong wtf u saying u illiterate donkey. I cant understand that sub language of yours. stop rapes in bihar instead you scum. ,indiadiscussion,1497714888,2017-06,"Profanity and personal insults directed at a person, with regional reference to Bihar.",1,1,1,0,0,1,0
dj12iev,Mandbuddhi hai kya? Itne araam se kaun trigger hota hai?,indiadiscussion,1497713328,2017-06,"Personal insult using Hindi, no profanity.",0,1,0,0,0,0,0
dj1av2c,"At this point, the real liberals should just publicly oppose this faux-liberalism or just start calling themselves something else because you guys are in serious minority.",indiadiscussion,1497724733,2017-06,"Political commentary, no personal attack or hate speech.",0,0,0,0,0,0,0
dj19szr,"People voted BJP because they wanted a change from what Congress was doing right?

Edit : Link to the above mentioned survey please. ",indiadiscussion,1497723317,2017-06,"Political question, no personal attack or hate speech.",0,0,0,0,0,0,0
dj17e98,"I think we as a community should accept that the randia sub is explicitly anti-right, well guarded by the mods. Let's not worry about how they are breaking rules but instead we should focus on how to restore the balance. One way I can think of is to give that sub a bad PR. No, give them a PR nightmare. Spread all their vile comments and posts in social media. Let them get noticed and saffronized. I'm not a big fan of right wing politics myself but I hate randia politics. Let them rot in their own politics. We should change our gameplan. ",indiadiscussion,1497720109,2017-06,"Political commentary, no personal attack or hate speech.",0,0,0,0,0,0,0
dj188i5,"And I'm not a bhakt. I'm simply fed up with the biased moderation and echo chamber they have created at randia. Restore the balance, honor the diversity of political views and I won't have a problem. Until then I'll do my best to expose those fuckers.",indiadiscussion,1497721236,2017-06,"Political commentary with profanity, no personal attack or hate speech.",1,0,0,0,0,0,0
dj1a0fj,"Look, if I have subscribed to this subReddit, it's because of all the bull shit that goes on there.I completely agree with you.

My only worry  is that if someone points out that the present government is doing something wrong, the most common retort always seems to be that Congress had also been doing it for years. Why did people vote for BJP then? ",indiadiscussion,1497723587,2017-06,"Political commentary, no personal attack or hate speech.",0,0,0,0,0,0,0
dj14ko5,"

Snapshots:

1. *This Post* - [archive.org](https://web.archive.org/20170617161708/http://archive.is/RvVPb), [_megalodon.jp\*_](http://megalodon.jp/pc/get_simple/decide?url=http://archive.is/RvVPb ""could not auto-archive; click to resubmit it!""), [archive.is](http://archive.is/RvVPb&lt;)

*^(I am a bot.) ^\([*Info*](/r/SnapshillBot) ^/ ^[*Contact*](/message/compose?to=\/r\/SnapshillBot))*",indiadiscussion,1497716239,2017-06,"Bot message, no content.",0,0,0,0,0,0,0
dj1847c,"/u/thewaviestone. 

His question was why the sub hated him so much.  ",indiadiscussion,1497721077,2017-06,"Question about subreddit, no personal attack or hate speech.",0,0,0,0,0,0,0
dg7bn5c,Has OP sent a modmail and sought an explanation?,indiadiscussion,1492072802,2017-04,"Neutral question about process, no profanity or abuse.",0,0,0,0,0,0,0
dg7cqzj,"

Snapshots:

1. *This Post* - [archive.org](https://web.archive.org/20170413093646/http://www.reddit.com/r/bakchodi/comments/654g7u/bahut_badhaiya_ki_randi_vegpups_ab_mod_nahi_hai/), [_megalodon.jp\*_](http://megalodon.jp/?url=http://www.reddit.com/r/bakchodi/comments/654g7u/bahut_badhaiya_ki_randi_vegpups_ab_mod_nahi_hai/ ""could not auto-archive; click to resubmit it!""), [ceddit.com](http://www.ceddit.com//r/bakchodi/comments/654g7u/bahut_badhaiya_ki_randi_vegpups_ab_mod_nahi_hai/), [_archive.is\*_](https://archive.is/?run=1&amp;url=http%3A%2F%2Fwww.reddit.com%2Fr%2Fbakchodi%2Fcomments%2F654g7u%2Fbahut_badhaiya_ki_randi_vegpups_ab_mod_nahi_hai%2F ""could not auto-archive; click to resubmit it!"")

*^(I am a bot.) ^\([*Info*](/r/SnapshillBot) ^/ ^[*Contact*](/message/compose?to=\/r\/SnapshillBot))*",indiadiscussion,1492076208,2017-04,"Bot message with links, no profanity or abuse.",0,0,0,0,0,0,0
di6tya3,Holy fuck she's a cutee,bakchodi,1496075182,2017-05,"Profanity used as exclamation, no target.",1,0,0,0,0,0,0
dop6ykt,Yogi+Swami lmao,bakchodi,1508627414,2017-10,"Political commentary, no profanity or abuse.",0,0,0,0,0,0,0
do3oatm,Awesome. I want Adani to fuck their ecosystem up and earn billions.,bakchodi,1507511858,2017-10,"Profanity used, target is ecosystem (abstract), no personal abuse.",1,0,0,0,0,0,0
dk0xgdz,JayaChandon ko ye firangi acche se pehchante hain. China / Pak ke to laadle hain ye Kutiya ke beej,bakchodi,1499694728,2017-07,"Profanity and vulgar slur directed at a person, with communal reference.",1,1,1,0,1,0,0
di6nwg5,"No woman wants to breed with some blond feminine nerdic mentally ill cuck, don't they get it? The future is brown in Europe.",bakchodi,1496066342,2017-05,"Gender-based stereotype and insult, no profanity.",0,0,1,0,0,0,1
dj144mm,The memes are funny but beneath the surface is a world of deranged people.,bakchodi,1497715614,2017-06,"General commentary, no profanity or abuse.",0,0,0,0,0,0,0
dj14rhh,"Akbar nahi hai, gujar gaya....

allah bhi omkar hai",bakchodi,1497716501,2017-06,"Religious commentary, no profanity or abuse.",0,0,0,0,0,0,0
doej3wc,Hahaha I've to give it to him. The moment I see the screenshot I'll know who posted it. Btw it's bamboozlednight and I can view the screenshots fine on my mobile ,indiadiscussion,1508086289,2017-10,"Neutral commentary, no profanity or abuse.",0,0,0,0,0,0,0
dqsuk4b,"I could kiss you.

N-no homo tho.",bakchodi,1512484586,2017-12,"Affectionate expression, no profanity or abuse.",0,0,0,0,0,0,0
doebu8q,"Ambani ne sabse gandi maari uski.

Edit: Bhai Pranab da ne to uski puri class le li.",bakchodi,1508076270,2017-10,"Profanity used, target is a person (Ambani), but it's criticism of business actions, not personal abuse.",1,0,0,0,0,0,0
dg7f4d9,you know that asi hides the defaced idols of ganesh and other gods by railing and refuses to let researches get access because muh communal harmony,bakchodi,1492082820,2017-04,"Accusation against ASI, no profanity or abuse.",0,0,0,0,0,0,0
dg7ahcb,Can we build the temple first?,bakchodi,1492069380,2017-04,"Neutral question, no profanity or abuse.",0,0,0,0,0,0,0
dg7cogu,India has more urgent concerns than this,bakchodi,1492075986,2017-04,"Neutral statement, no profanity or abuse.",0,0,0,0,0,0,0
doedmja,"Abe fuddu, waha ki majority katua population bhi Punjabi hai",bakchodi,1508079049,2017-10,Profanity and communal slur directed at a group.,1,1,1,0,1,0,0
dop9muv,Nithya is only good thing about Allahs own lungi land.,bakchodi,1508631072,2017-10,"Regional slur and religious reference, no profanity.",0,0,1,0,1,1,0
doeb3b7,"So too /u/thurki, /u/not_bakchodest_of_al and /u/yolobeta ",bakchodi,1508074983,2017-10,"Incomplete, no profanity or abuse.",0,0,0,0,0,0,0
dqt1qhw,More like Massage wali ,bakchodi,1512492261,2017-12,"Derogatory term for a person, no profanity.",0,1,0,0,0,0,0
dj1b3vh,that's a good boy,bakchodi,1497725071,2017-06,"Positive comment, no profanity or abuse.",0,0,0,0,0,0,0
dg7gc7s,"Jia tu Bihar ke lala, jia tu hazaar saala!",bakchodi,1492085369,2017-04,Regional taunt targeting Bihari identity.,0,1,1,0,0,1,0
doejdv3,"So, just like Modiji changed GDP calculation methods",bakchodi,1508086628,2017-10,"Political criticism, no profanity or hate.",0,0,0,0,0,0,0
dg7ejxr,"**Suno behenchodo!** The OP of this thread has marked this post with the **[B]akchodi Enforced** tag. Therefore any comments that do not follow bakchodi guidelines will be removed. After that, prod kulcha warriors in sexy scopios will be sent to commentors houses to *take care* of them.

If you see others posting comments that violate this tag, please report them to the mods! 

Maa chod daalo!

*I am a bot, and this action was performed automatically. Please [contact the moderators of this subreddit](/message/compose/?to=/r/bakchodi) if you have any questions or concerns.*",bakchodi,1492081450,2017-04,"Meta-commentary with profanity, not directed at a specific person.",1,0,0,0,0,0,0
dg7boj1,Reddit ne phir wahi reply show kiya inbox mein thats why.,bakchodi,1492072927,2017-04,Neutral comment about Reddit.,0,0,0,0,0,0,0
di6pi4x,"Marathi Brahmins dont look very Iranic. They have broad faces and wheatish skin. While Marathas have 50 - 70% ANI in them, the high amount of ASI admixture is understandable. What excuse do Marathi Brahmins have?? Just take a look at Sachind Khedekar Chutiya, chutiya face chutiya like voice.",bakchodi,1496068915,2017-05,"Personal insult with profanity, also contains caste/ethnic commentary.",1,1,1,1,0,0,0
dqt2q8l,Jai Sree Ram,bakchodi,1512493177,2017-12,"Religious slogan, no hate.",0,0,0,0,0,0,0
di6kvnx,lol still waiting for them to accept the video I posted of the Chinese guy getting punched in the face by the tall Indian guy on their sub that I titled as 'Chinese guy beats up racist Indian guy on subway',bakchodi,1496060401,2017-05,"Neutral commentary on a video, no hate.",0,0,0,0,0,0,0
dqsvhqu,kahan ka hotness? ye toh raha bureacratic technocratic chutiya... the scum of all civil servants,bakchodi,1512485705,2017-12,"Profanity and insult directed at a group (civil servants), but not identity-based.",1,1,0,0,0,0,0
dk0v07y,Did you contacted the manufacturers?,bakchodi,1499690980,2017-07,Neutral question.,0,0,0,0,0,0,0
di6m1ki,"pakistan should invade us, then we'll all go to pakistan while the pakistani's are busy invading us. fuck the pakistani grills and when we'll come back and beat the shit out of pakistani's, cucks like him would have tears in his eyes and will already be waving indian flags.",bakchodi,1496062903,2017-05,Profanity and hate speech against Pakistanis as a group.,1,1,1,0,0,1,0
dk0yuxo,"Wow. Is this bakchod or AIB's insta page. 

#LAME",bakchodi,1499696614,2017-07,"Criticism of content, no profanity or hate.",0,0,0,0,0,0,0
di6mnak,I always have a plan brother. inshallah,bakchodi,1496064105,2017-05,Neutral statement with religious phrase.,0,0,0,0,0,0,0
dg7gew9,"&gt; bakchodi is highest level of humor

💯💯 good shit 💯💯",bakchodi,1492085509,2017-04,"Positive comment with mild profanity, not directed at anyone.",1,0,0,0,0,0,0
do3pac1,"Fellow bhosdinos, behnchods, and chutiyas -- congratulations for being one of the top subreddits who use redditsilver. You have made our Lord and Savior, Sriman Mudiji, very proud of this. 

Now gimme some silver bitches.",bakchodi,1507513053,2017-10,"Profanity-laden sarcastic praise for the subreddit, no personal target.",1,0,0,0,0,0,0
dj16vh7,"Calm down there. This is a circlejerkibg sub. People don't actually mean what they say.

If you're baiting, gaand maar BC.",bakchodi,1497719396,2017-06,"Profanity used as filler, no personal target.",1,0,0,0,0,0,0
doeffpr,\#IndiaSuperPower,bakchodi,1508081582,2017-10,"Nationalist hashtag, no hate.",0,0,0,0,0,0,0
di6rza5,#BAHUT MARENGYE,bakchodi,1496072534,2017-05,"Aggressive threat, no specific target.",0,0,0,0,0,0,0
doedqpf,Abe chutiye main jaanta hun. Lekin wo ek katua desh hai to wahan katue to fule-falenge hi. Indian Punjab ki baat kar. ,bakchodi,1508079221,2017-10,Profanity and communal slur targeting Muslims as a group.,1,1,1,0,1,0,0
dg78m90,You can kys,bakchodi,1492064444,2017-04,"Direct threat to self-harm, personal harassment.",0,1,0,0,0,0,0
dg7dpxv,"Randi ke pille, only in your head, that rests in your asshole.",bakchodi,1492079133,2017-04,"Profanity and personal insult, no identity basis.",1,1,0,0,0,0,0
do3nxt3,"&gt;  I don't believe that Godse killing Gandhi is acceptable in any way, and that's why I said fuck Amit Malviya.

when did amit malviya say that godse killing gandhi is justified?",indiadiscussion,1507511405,2017-10,"Profanity in political criticism, no personal attack.",1,0,0,0,0,0,0
dj1bvvp,"I prefer cutting it with my dick. I have the cake and eat it too, you know.",bakchodi,1497726137,2017-06,"Sexual innuendo, no target.",0,0,0,0,0,0,0
doeetcc,"I'm not talking about that. Rtw claimed that ""Muslims killed Karsevaks in Godhra"" was all over the news. Which was not the case, not even allegedly.  
I can understand that they didn't include Muslims to avoid the riots. But claiming that initial reports said that Muslims were the ""alleged"" perpetrators is being a liar. ",bakchodi,1508080735,2017-10,"Factual discussion, no hate.",0,0,0,0,0,0,0
dg7ac6e,That woman got me hard!,bakchodi,1492068982,2017-04,"Sexual objectification of a woman, gender-based.",0,0,1,0,0,0,1
doeebn2,"###[Here's your Reddit Silver, Shiwanshu1!](http://i.imgur.com/x0jw93q.png ""Reddit Silver"") 
***
/u/Shiwanshu1 has received silver 1 time. (given by /u/indra_sword_redux) __[info](http://reddit.com/r/RedditSilverRobot)__",bakchodi,1508080050,2017-10,"Automated bot message, no content.",0,0,0,0,0,0,0
dg7askc,"eunuch, you have the nerve to still call yourself a kshatriya after half of erstwhile bharatavarsha was raped away by mlecchas?  There are no kshatriyas today, just Brahmanas and others.",bakchodi,1492070279,2017-04,"Caste-based insult and historical grievance, no profanity.",0,1,1,1,0,0,0
di6qzzs,"wow.

Guess all of them have been tango'd",bakchodi,1496071149,2017-05,"Ambiguous slang, no clear target.",0,0,0,0,0,0,0
dj17r1y,Randia will see nothing wrong with this. Burn down that sub!! ,bakchodi,1497720588,2017-06,"Call to action against a subreddit, no personal target.",0,0,0,0,0,0,0
dg775ys,nothing wrong with that as long as they dont start beating any consenting couple,bakchodi,1492061226,2017-04,"Neutral statement, no hate.",0,0,0,0,0,0,0
dg776nu,"A Brahmin strayed from his Dharma, helping Mlecchas and destroying Bharat Varsha is the greatest sin of all. Assuming even for a moment you are Brahmin, which you're not. 

I may rot in Narak, the Pandus went to Naraka too, but you will never be saved. 

Jai Shri Rama",bakchodi,1492061267,2017-04,"Religious and caste-based condemnation, no profanity.",0,1,1,1,1,0,0
di6ub5r,Like we would ever join Hindogstan kek.,bakchodi,1496075646,2017-05,"Mocking the idea of joining India, no profanity or personal attack.",0,0,0,0,0,0,0
dg783bh,"Jab Modi aata hai toh karodo me lulli choosne kyu AA jate hai, England Amreeka mein",bakchodi,1492063227,2017-04,"Profanity used in a political context, no personal target.",1,0,0,0,0,0,0
di6un9j,"Like

Rajputs, orissa, bihar. These are non-muslim states too (of which bihar and vijaynagar have it easy to form hindustan)",bakchodi,1496076084,2017-05,"Political commentary on states, no hate speech.",0,0,0,0,0,0,0
dj1b5wd,I know. I am one of them,bakchodi,1497725149,2017-06,"Neutral statement, no issues.",0,0,0,0,0,0,0
di6uhov,My black dalit cock just got erect at the sight of your milk-white aryan flesh,bakchodi,1496075884,2017-05,"Sexualized racial fetishization, targets a group based on race.",0,0,1,0,0,1,0
doek1qn,No. They are capable of spreading their faith in other countries unlike Brahmins.,bakchodi,1508087424,2017-10,"Comparative statement about religious groups, no hate speech.",0,0,0,0,0,0,0
di6knu3,"Spot on, Ancient Rome and Ancient Greece weren't ""white"" or even ""western"". ",bakchodi,1496059892,2017-05,"Historical commentary, no issues.",0,0,0,0,0,0,0
di6p31h,Holy shit. That was a cringe inducing sub.,bakchodi,1496068269,2017-05,"Profanity used as exclamation, no target.",1,0,0,0,0,0,0
dqt3wp8,I wonder what went through his mind visiting Golden Temple.,bakchodi,1512494322,2017-12,"Neutral question, no issues.",0,0,0,0,0,0,0
